"","ResponseId","Behavior","id","List","qualtrics","T","female","c_Q4","c_Q5","Knowledge","c_Q4_1","c_Q4_3","c_Q4_4","c_Q4_5","block","length_subscribe","Week","response_rate","Week_id","urban"
"1","276",3,115,1,0,0,1,0,0,-2.0275478,NA,NA,NA,NA,29,13,1,0.01953125,1115,0
"2","269",NA,128,1,0,0,0,0,1,-0.19941407,NA,NA,NA,NA,32,3,1,0.03125,1128,0
"3","48",2,111,1,0,1,0,0,1,-0.19941407,NA,NA,NA,NA,28,15,1,0.004032258,1111,0
"4","440",3,120,0,0,0,0,0,1,-0.19941407,NA,NA,NA,NA,30,10,1,0.02745098,1120,0
"5","104",2,111,0,0,1,0,NA,NA,1.5180721,0,1,0,1,28,15,2,0.012096774,2111,0
"6","25",3,111,0,0,1,0,NA,NA,-0.935656,1,1,1,1,28,15,2,0.024193548,2111,0
"7","183",3,131,0,0,1,0,0,1,-0.19941407,NA,NA,NA,NA,33,1,1,0.07421875,1131,0
"8","45",4,27,1,0,0,1,NA,NA,-0.935656,1,1,1,1,7,62,2,0.008403362,2027,0
"9","24",3,119,0,0,1,0,0,1,-0.19941407,NA,NA,NA,NA,30,11,1,0.0039525693,1119,0
"10","390",2,84,1,0,1,1,0,0,-2.0275478,NA,NA,NA,NA,21,27,1,0.007843138,1084,0
"11","168",2,114,0,0,0,0,NA,NA,-0.8461601,1,0,0,1,29,13,2,0.027888447,2114,0
"12","461",2,29,1,0,0,1,0,1,-0.19941407,NA,NA,NA,NA,7,59,1,0.003937008,1029,0
"13","57",2,125,0,0,1,1,1,0,-0.5874717,NA,NA,NA,NA,31,6,1,0.015810277,1125,0
"14","373",3,128,1,0,0,0,1,0,-0.5874717,NA,NA,NA,NA,32,3,1,0.0625,1128,0
"15","126",2,126,1,0,0,0,NA,NA,0.42059216,0,1,0,0,32,5,2,0.008032128,2126,0
"16","484",3,100,1,0,1,0,0,1,-0.19941407,NA,NA,NA,NA,25,21,1,0.02016129,1100,0
"17","230",4,61,1,0,0,0,NA,NA,0.34697226,0,0,0,1,15,37,2,0.023529412,2061,0
"18","226",4,61,1,0,0,0,NA,NA,0.34697226,0,0,0,1,15,37,2,0.011764706,2061,0
"19","468",2,61,1,0,0,0,0,NA,-1.0257847,NA,NA,NA,NA,15,37,1,0.023529412,1061,0
"20","212",4,43,1,0,0,0,NA,NA,0.42059216,0,1,0,0,11,50,2,0.00952381,2043,0
"21","108",2,111,0,0,1,1,NA,NA,1.5180721,0,1,0,1,28,15,2,0.016129032,2111,0
"22","425",2,97,1,0,1,0,NA,NA,NA,NA,NA,NA,NA,24,23,1,0.00390625,1097,0
"23","398",2,111,1,0,1,1,0,1,-0.19941407,NA,NA,NA,NA,28,15,1,0.032258064,1111,0
"24","220",3,122,0,0,0,1,0,0,-2.0275478,NA,NA,NA,NA,31,9,1,0.015625,1122,1
"25","182",3,129,0,0,1,0,0,1,-0.19941407,NA,NA,NA,NA,32,2,1,0.05859375,1129,1
"26","R_3HUeEdOiqymrVZw",2,133,0,1,0,1,NA,NA,-0.75050765,0,0,0,0,33,1,2,0.025210084,2133,1
"27","120",2,124,1,0,0,0,NA,NA,1.5180721,0,1,0,1,31,7,2,0.031620555,2124,1
"28","R_0kQT06CLkcj5wJ3",3,91,1,1,0,1,1,1,1.240662,NA,NA,NA,NA,23,25,1,0.008,1091,1
"29","96",3,111,0,0,1,1,NA,NA,0.42059216,0,1,0,0,28,15,2,0.052419353,2111,1
"30","20",2,121,0,0,1,1,NA,NA,0.3249398,1,1,0,1,30,9,2,0.003937008,2121,1
"31","170",2,120,1,0,0,1,NA,NA,-0.935656,1,1,1,1,30,10,2,0.011764706,2120,1
"32","488",2,124,1,0,0,0,0,1,-0.19941407,NA,NA,NA,NA,31,7,1,0.03557312,1124,1
"33","319",2,44,0,0,1,0,0,1,-0.19941407,NA,NA,NA,NA,11,50,1,0.010309278,1044,1
"34","144",3,130,1,0,1,1,NA,NA,0.3249398,1,1,0,1,33,2,2,0.02734375,2130,1
"35","51",2,68,0,0,1,1,NA,NA,-0.935656,1,1,1,1,17,34,2,0.003921569,2068,1
"36","200",2,17,0,0,0,0,NA,NA,-0.75050765,0,0,0,0,4,68,2,0.01171875,2017,1
"37","352",3,68,1,0,1,0,0,1,-0.19941407,NA,NA,NA,NA,17,34,1,0.007843138,1068,1
"38","433",3,59,1,0,1,0,1,1,1.240662,NA,NA,NA,NA,15,38,1,0.011627907,1059,1
"39","22",4,72,0,0,1,1,0,1,-0.19941407,NA,NA,NA,NA,18,33,1,0.003937008,1072,1
"40","148",3,104,0,0,0,1,1,1,1.240662,NA,NA,NA,NA,26,19,1,0.015625,1104,1
"41","60",3,86,1,0,1,1,NA,NA,-0.75050765,0,0,0,0,22,27,2,0.007843138,2086,1
"42","253",3,132,0,0,1,1,0,0,-2.0275478,NA,NA,NA,NA,33,1,1,0.02734375,1132,1
"43","R_23VUjM4x6aKSHwK",3,100,1,1,1,1,1,1,1.240662,NA,NA,NA,NA,25,21,1,0.016129032,1100,1
"44","77",4,111,0,0,1,0,NA,NA,1.5180721,0,1,0,1,28,15,2,0.02016129,2111,1
"45","55",4,107,0,0,1,0,1,NA,1.8543671,NA,NA,NA,NA,27,17,1,0.015625,1107,1
"46","409",2,73,1,0,0,0,0,1,-0.19941407,NA,NA,NA,NA,18,33,1,0.007874016,1073,1
"47","499",3,126,0,0,0,1,0,1,-0.19941407,NA,NA,NA,NA,32,5,1,0.008032128,1126,1
"48","R_1fjxyUzSBtDukF2",3,92,0,1,0,1,0,1,-0.19941407,NA,NA,NA,NA,23,25,1,0.015686275,1092,1
"49","198",2,124,1,0,0,0,NA,NA,0.42059216,0,1,0,0,31,7,2,0.0039525693,2124,1
"50","430",2,80,1,0,1,0,0,1,-0.19941407,NA,NA,NA,NA,20,29,1,0.00390625,1080,1
"51","482",4,56,1,0,0,0,0,1,-0.19941407,NA,NA,NA,NA,14,38,1,0.011811024,1056,1
"52","R_22qTDzHqsRrVoYE",3,24,0,1,1,0,NA,NA,-0.75050765,0,0,0,0,6,64,2,0.004950495,2024,1
"53","R_3Ea6yv6NGSICuTx",2,127,0,1,1,1,NA,NA,-0.75050765,0,0,0,0,32,4,2,0.01953125,2127,1
"54","189",3,125,0,0,1,1,NA,NA,-0.935656,1,1,1,1,31,6,2,0.0039525693,2125,1
"55","282",2,115,1,0,0,1,0,1,-0.19941407,NA,NA,NA,NA,29,13,1,0.03515625,1115,1
"56","84",2,115,1,0,1,0,NA,NA,1.5180721,0,1,0,1,29,13,2,0.00390625,2115,1
"57","223",2,125,0,0,1,1,NA,NA,0.3249398,1,1,0,1,31,6,2,0.023715414,2125,1
"58","113",2,125,0,0,1,0,NA,NA,-0.935656,1,1,1,1,31,6,2,0.011857707,2125,1
"59","476",3,13,1,0,1,0,1,1,1.240662,NA,NA,NA,NA,3,70,1,0.01953125,1013,1
"60","454",2,83,0,0,1,0,0,1,-0.19941407,NA,NA,NA,NA,21,28,1,0.0078125,1083,1
"61","41",2,112,0,0,1,1,0,1,-0.19941407,NA,NA,NA,NA,28,14,1,0.011811024,1112,1
"62","R_2AHEoqZhQmuwNLT",4,127,0,1,1,1,NA,NA,-0.75050765,0,0,0,0,32,4,2,0.0078125,2127,1
"63","119",2,114,0,0,1,1,1,1,1.240662,NA,NA,NA,NA,29,13,1,0.003984064,1114,1
"64","R_2uQXzXs9W2X4qAG",3,74,0,1,0,1,0,1,-0.19941407,NA,NA,NA,NA,19,32,1,0.00390625,1074,1
"65","479",3,51,1,0,0,1,0,1,-0.19941407,NA,NA,NA,NA,13,45,1,0.009433962,1051,1
"66","R_3PAIOcJzVPOb8ta",2,105,1,1,1,1,0,1,-0.19941407,NA,NA,NA,NA,26,18,1,0.0078125,1105,1
"67","R_2ARqcMkkLkk4IPE",3,3,0,1,0,1,NA,NA,-0.75050765,0,0,0,0,1,75,2,0.008032128,2003,1
"68","25",2,120,0,0,0,1,0,1,-0.19941407,NA,NA,NA,NA,30,10,1,0.011764706,1120,1
"69","303",2,32,0,0,1,1,0,1,-0.19941407,NA,NA,NA,NA,8,57,1,0.05,1032,1
"70","R_2pXHxGuEvvpFnEk",4,18,0,1,1,0,NA,NA,-0.75050765,0,0,0,0,5,67,2,0.00390625,2018,1
"71","211",2,97,1,0,1,0,NA,NA,0.3249398,1,1,0,1,24,23,2,0.00390625,2097,1
"72","82",4,31,0,0,1,0,1,0,-0.5874717,NA,NA,NA,NA,8,58,1,0.010869565,1031,1
"73","254",4,56,1,0,0,0,0,1,-0.19941407,NA,NA,NA,NA,14,38,1,0.003937008,1056,1
"74","R_1dn2ucZrugDsQMu",4,24,1,1,0,0,0,1,-0.19941407,NA,NA,NA,NA,6,64,1,0.004950495,1024,1
"75","8",3,79,1,0,1,0,NA,NA,0.34697226,0,0,0,1,20,29,2,0.007874016,2079,1
"76","467",3,66,1,0,0,0,1,1,1.240662,NA,NA,NA,NA,17,36,1,0.004016064,1066,1
"77","46",2,112,0,0,1,0,1,1,1.240662,NA,NA,NA,NA,28,14,1,0.04330709,1112,1
"78","289",1,117,1,0,0,0,0,1,-0.19941407,NA,NA,NA,NA,29,12,1,0.05882353,1117,1
"79","196",2,127,1,0,1,1,0,1,-0.19941407,NA,NA,NA,NA,32,4,1,0.0078125,1127,1
"80","R_3KDzTQxS6fnIjox",3,122,0,1,0,1,0,0,-2.0275478,NA,NA,NA,NA,31,9,1,0.04296875,1122,1
"81","R_5o7pxEtx9u7QbHb",2,117,1,1,0,1,0,1,-0.19941407,NA,NA,NA,NA,29,12,1,0.02745098,1117,1
"82","34",2,113,1,0,0,0,0,0,-2.0275478,NA,NA,NA,NA,28,14,1,0.0546875,1113,1
"83","172",2,122,0,0,0,1,0,1,-0.19941407,NA,NA,NA,NA,31,9,1,0.03125,1122,1
"84","189",2,58,0,0,0,0,1,0,-0.5874717,NA,NA,NA,NA,15,38,1,0.029411765,1058,1
"85","156",3,124,1,0,0,1,NA,NA,-2.033136,1,1,1,0,31,7,2,0.027667984,2124,1
"86","387",2,124,1,0,0,0,0,1,-0.19941407,NA,NA,NA,NA,31,7,1,0.011857707,1124,1
"87","46",1,55,1,0,0,1,NA,NA,-0.935656,1,1,1,1,14,40,2,0.01171875,2055,1
"88","438",2,125,0,0,1,1,1,1,1.240662,NA,NA,NA,NA,31,6,1,0.03557312,1125,1
"89","R_31jvfPtqmcqo8fp",3,107,0,1,1,0,0,1,-0.19941407,NA,NA,NA,NA,27,17,1,0.0234375,1107,1
"90","474",2,55,1,0,0,0,0,1,-0.19941407,NA,NA,NA,NA,14,40,1,0.015625,1055,1
"91","307",3,22,0,0,0,1,0,1,-0.19941407,NA,NA,NA,NA,6,65,1,0.016,1022,1
"92","R_2zkeZZxXpELG2Qe",4,90,0,1,1,1,NA,NA,-0.75050765,0,0,0,0,23,25,2,0.011764706,2090,1
"93","452",5,111,1,0,1,0,0,1,-0.19941407,NA,NA,NA,NA,28,15,1,0.028225806,1111,1
"94","94",4,95,0,0,0,0,1,1,1.240662,NA,NA,NA,NA,24,24,1,0.003937008,1095,1
"95","142",2,127,0,0,1,1,NA,NA,0.42059216,0,1,0,0,32,4,2,0.03125,2127,1
"96","466",4,1,1,0,1,0,0,1,-0.19941407,NA,NA,NA,NA,1,76,1,0.00952381,1001,1
"97","R_ZKs0QJRkQJdSB1v",1,133,1,1,0,1,0,1,-0.19941407,NA,NA,NA,NA,33,1,1,0.008403362,1133,1
"98","344",3,133,1,0,0,1,0,1,-0.19941407,NA,NA,NA,NA,33,1,1,0.016806724,1133,1
"99","5",4,129,1,0,1,0,NA,NA,-0.935656,1,1,1,1,32,2,2,0.0078125,2129,1
"100","38",2,36,1,0,0,1,NA,NA,0.34697226,0,0,0,1,9,54,2,0.0068965517,2036,0
"101","9",1,116,0,0,1,0,0,1,-0.19941407,NA,NA,NA,NA,29,12,1,0.050980393,1116,1
"102","78",2,129,0,0,1,1,1,1,1.240662,NA,NA,NA,NA,32,2,1,0.0546875,1129,1
"103","R_1odyCjPEJ0WxBtV",2,122,1,1,1,0,NA,NA,-0.75050765,0,0,0,0,31,9,2,0.015625,2122,1
"104","451",3,131,0,0,1,1,1,1,1.240662,NA,NA,NA,NA,33,1,1,0.02734375,1131,1
"105","34",5,22,1,0,0,1,NA,NA,-0.935656,1,1,1,1,6,65,2,0.004,2022,1
"106","333",3,11,0,0,0,0,0,1,-0.19941407,NA,NA,NA,NA,3,71,1,0.011764706,1011,1
"107","122",1,133,0,0,0,1,NA,NA,0.25747636,0,1,1,1,33,1,2,0.042016808,2133,1
"108","346",3,115,1,0,0,1,0,1,-0.19941407,NA,NA,NA,NA,29,13,1,0.02734375,1115,1
"109","381",5,106,1,0,0,1,0,0,-2.0275478,NA,NA,NA,NA,27,18,1,0.003937008,1106,1
"110","226",2,125,0,0,1,1,0,1,-0.19941407,NA,NA,NA,NA,31,6,1,0.03952569,1125,1
"111","162",1,120,0,0,0,1,0,1,-0.19941407,NA,NA,NA,NA,30,10,1,0.003921569,1120,1
"112","240",3,131,0,0,1,1,1,1,1.240662,NA,NA,NA,NA,33,1,1,0.0078125,1131,1
"113","54",1,77,0,0,1,0,NA,NA,-0.935656,1,1,1,1,19,31,2,0.0039525693,2077,0
"114","443",3,116,0,0,1,0,1,1,1.240662,NA,NA,NA,NA,29,12,1,0.023529412,1116,0
"115","229",3,69,0,0,0,0,0,1,-0.19941407,NA,NA,NA,NA,17,34,1,0.01968504,1069,0
"116","125",2,117,1,0,0,1,0,1,-0.19941407,NA,NA,NA,NA,29,12,1,0.047058824,1117,0
"117","185",3,130,1,0,1,1,NA,NA,-0.935656,1,1,1,1,33,2,2,0.0234375,2130,0
"118","88",3,113,0,0,1,0,NA,NA,1.5180721,0,1,0,1,28,14,2,0.01953125,2113,0
"119","9",2,116,1,0,0,0,NA,NA,0.42059216,0,1,0,0,29,12,2,0.007843138,2116,0
"120","310",3,124,1,0,0,0,0,1,-0.19941407,NA,NA,NA,NA,31,7,1,0.007905139,1124,0
"121","325",3,69,0,0,0,0,0,1,-0.19941407,NA,NA,NA,NA,17,34,1,0.007874016,1069,0
"122","491",5,7,1,0,1,0,1,1,1.240662,NA,NA,NA,NA,2,73,1,0.015625,1007,0
"123","447",3,116,0,0,1,0,1,1,1.240662,NA,NA,NA,NA,29,12,1,0.007843138,1116,0
"124","44",2,56,0,0,0,0,NA,NA,0.34697226,0,0,0,1,14,38,2,0.003937008,2056,0
"125","318",2,11,0,0,0,0,0,1,-0.19941407,NA,NA,NA,NA,3,71,1,0.019607844,1011,0
"126","406",4,113,1,0,0,0,0,1,-0.19941407,NA,NA,NA,NA,28,14,1,0.05078125,1113,0
"127","50",2,108,1,0,1,0,1,1,1.240662,NA,NA,NA,NA,27,16,1,0.02734375,1108,0
"128","98",2,115,1,0,0,1,0,1,-0.19941407,NA,NA,NA,NA,29,13,1,0.01171875,1115,0
"129","R_3IYwBPmrGUrO9mj",2,127,0,1,1,0,NA,NA,-0.75050765,0,0,0,0,32,4,2,0.00390625,2127,0
"130","R_A0ujpNtlulGeN0t",2,127,1,1,1,0,0,1,-0.19941407,NA,NA,NA,NA,32,4,1,0.03515625,1127,0
"131","36",3,37,0,0,1,0,NA,NA,1.5180721,0,1,0,1,9,53,2,0.0068965517,2037,0
"132","R_1nZL5SefIx2CgaP",3,80,0,1,1,0,NA,NA,-0.75050765,0,0,0,0,20,29,2,0.0078125,2080,0
"133","428",1,37,1,0,1,0,1,1,1.240662,NA,NA,NA,NA,9,53,1,0.013793103,1037,0
"134","214",1,131,0,0,1,0,0,1,-0.19941407,NA,NA,NA,NA,33,1,1,0.0546875,1131,0
"135","377",2,133,1,0,0,1,1,1,1.240662,NA,NA,NA,NA,33,1,1,0.05882353,1133,0
"136","220",3,105,1,0,1,0,NA,NA,-0.935656,1,1,1,1,26,18,2,0.00390625,2105,0
"137","16",3,124,1,0,0,1,NA,NA,1.5180721,0,1,0,1,31,7,2,0.011857707,2124,0
"138","497",2,131,0,0,1,1,1,1,1.240662,NA,NA,NA,NA,33,1,1,0.01171875,1131,0
"139","362",1,83,0,0,1,0,0,1,-0.19941407,NA,NA,NA,NA,21,28,1,0.015625,1083,0
"140","297",2,130,1,0,0,0,1,1,1.240662,NA,NA,NA,NA,33,2,1,0.078125,1130,0
"141","110",3,126,1,0,0,1,NA,NA,-0.935656,1,1,1,1,32,5,2,0.012048192,2126,1
"142","198",3,117,1,0,0,1,0,1,-0.19941407,NA,NA,NA,NA,29,12,1,0.023529412,1117,1
"143","275",3,7,1,0,1,0,1,1,1.240662,NA,NA,NA,NA,2,73,1,0.01953125,1007,1
"144","228",2,116,0,0,1,1,0,1,-0.19941407,NA,NA,NA,NA,29,12,1,0.015686275,1116,1
"145","463",2,73,1,0,0,0,1,1,1.240662,NA,NA,NA,NA,18,33,1,0.01968504,1073,1
"146","179",3,133,1,0,0,1,0,1,-0.19941407,NA,NA,NA,NA,33,1,1,0.10084034,1133,1
"147","135",2,124,1,0,0,1,NA,NA,1.5180721,0,1,0,1,31,7,2,0.023715414,2124,1
"148","73",4,109,1,0,1,1,NA,NA,1.5180721,0,1,0,1,27,15,2,0.015748031,2109,1
"149","4",0,65,0,0,0,0,1,NA,1.8543671,NA,NA,NA,NA,16,36,1,0.016949153,1065,1
"150","R_ezHVPzaG9PMwK7D",3,74,1,1,1,1,NA,NA,-0.75050765,0,0,0,0,19,32,2,0.00390625,2074,1
"151","367",5,113,1,0,0,1,1,1,1.240662,NA,NA,NA,NA,28,14,1,0.04296875,1113,1
"152","432",3,106,1,0,0,0,0,1,-0.19941407,NA,NA,NA,NA,27,18,1,0.027559055,1106,1
"153","15",2,131,0,0,0,0,NA,NA,0.25747636,0,1,1,1,33,1,2,0.03515625,2131,1
"154","339",3,133,1,0,0,1,1,1,1.240662,NA,NA,NA,NA,33,1,1,0.15966387,1133,1
"155","473",3,55,1,0,0,0,0,0,-2.0275478,NA,NA,NA,NA,14,40,1,0.0078125,1055,1
"156","37",4,37,0,0,1,1,NA,NA,-0.935656,1,1,1,1,9,53,2,0.013793103,2037,1
"157","202",NA,107,0,0,0,1,NA,NA,-0.935656,1,1,1,1,27,17,2,0.01953125,2107,1
"158","375",2,118,1,0,0,1,0,1,-0.19941407,NA,NA,NA,NA,30,11,1,0.0039525693,1118,1
"159","R_1Iz7usca3vYG2SS",3,125,0,1,1,1,0,0,-2.0275478,NA,NA,NA,NA,31,6,1,0.07114624,1125,1
"160","111",3,125,0,0,1,1,NA,NA,0.42059216,0,1,0,0,31,6,2,0.019762846,2125,1
"161","233",4,124,1,0,0,1,0,1,-0.19941407,NA,NA,NA,NA,31,7,1,0.04347826,1124,1
"162","323",3,39,0,0,0,1,0,0,-2.0275478,NA,NA,NA,NA,10,52,1,0.025210084,1039,1
"163","109",3,118,1,0,1,1,NA,NA,1.5180721,0,1,0,1,30,11,2,0.011857707,2118,1
"164","87",4,109,1,0,1,0,NA,NA,-0.84000367,0,1,1,0,27,15,2,0.027559055,2109,1
"165","R_22XqhbZ9t7LTbE1",3,22,0,1,0,0,0,1,-0.19941407,NA,NA,NA,NA,6,65,1,0.004,1022,1
"166","56",3,79,0,0,1,0,0,1,-0.19941407,NA,NA,NA,NA,20,29,1,0.003937008,1079,1
"167","358",3,124,1,0,0,0,0,1,-0.19941407,NA,NA,NA,NA,31,7,1,0.04743083,1124,1
"168","7",4,67,0,0,1,0,0,1,-0.19941407,NA,NA,NA,NA,17,35,1,0.011811024,1067,1
"169","278",1,130,1,0,0,0,1,1,1.240662,NA,NA,NA,NA,33,2,1,0.0234375,1130,0
"170","312",2,117,1,0,0,1,1,1,1.240662,NA,NA,NA,NA,29,12,1,0.007843138,1117,0
"171","397",4,20,1,0,0,0,0,1,-0.19941407,NA,NA,NA,NA,5,66,1,0.004347826,1020,0
"172","260",4,115,1,0,0,0,1,0,-0.5874717,NA,NA,NA,NA,29,13,1,0.0078125,1115,0
"173","33",3,20,1,0,1,0,NA,NA,1.5180721,0,1,0,1,5,66,2,0.004347826,2020,0
"174","R_3fK7PHHVEUCXCg1",1,109,0,1,0,0,0,0,-2.0275478,NA,NA,NA,NA,27,15,1,0.031496063,1109,0
"175","155",4,58,1,0,0,0,NA,NA,1.5180721,0,1,0,1,15,38,2,0.014705882,2058,0
"176","149",3,131,0,0,0,0,NA,NA,-0.935656,1,1,1,1,33,1,2,0.0078125,2131,0
"177","29",3,132,0,0,1,0,0,1,-0.19941407,NA,NA,NA,NA,33,1,1,0.0859375,1132,0
"178","123",4,114,0,0,0,1,NA,NA,0.42059216,0,1,0,0,29,13,2,0.003984064,2114,0
"179","R_1F56I9CsCXhiSCf",3,126,1,1,0,1,NA,NA,-0.75050765,0,0,0,0,32,5,2,0.004016064,2126,0
"180","221",NA,126,1,0,0,1,NA,NA,0.42059216,0,1,0,0,32,5,2,0.016064256,2126,0
"181","100",4,71,0,0,1,1,1,1,1.240662,NA,NA,NA,NA,18,33,1,0.003937008,1071,0
"182","17",3,133,0,0,0,1,NA,NA,-0.75050765,0,0,0,0,33,1,2,0.008403362,2133,0
"183","93",3,65,0,0,0,0,0,0,-2.0275478,NA,NA,NA,NA,16,36,1,0.033898305,1065,0
"184","R_2qEqHWSVNPBgfaS",3,109,0,1,0,0,0,1,-0.19941407,NA,NA,NA,NA,27,15,1,0.007874016,1109,0
"185","167",2,129,0,0,1,0,0,NA,-1.0257847,NA,NA,NA,NA,32,2,1,0.0234375,1129,0
"186","313",3,133,1,0,0,1,1,1,1.240662,NA,NA,NA,NA,33,1,1,0.1092437,1133,0
"187","180",3,86,1,0,1,0,NA,NA,0.3249398,1,1,0,1,22,27,2,0.003921569,2086,0
"188","436",4,130,1,0,0,0,0,1,-0.19941407,NA,NA,NA,NA,33,2,1,0.05078125,1130,0
"189","192",2,126,1,0,0,0,NA,NA,1.5180721,0,1,0,1,32,5,2,0.02008032,2126,0
"190","193",3,132,0,0,1,1,1,1,1.240662,NA,NA,NA,NA,33,1,1,0.08984375,1132,0
"191","R_1JJYL8avqpst5IK",4,105,1,1,1,0,0,1,-0.19941407,NA,NA,NA,NA,26,18,1,0.015625,1105,0
"192","19",1,128,0,0,0,1,NA,NA,-0.935656,1,1,1,1,32,3,2,0.04296875,2128,0
"193","R_2WNNjsKoIEol1x2",4,105,1,1,1,0,NA,NA,-0.75050765,0,0,0,0,26,18,2,0.0078125,2105,0
"194","144",1,112,0,0,1,0,0,1,-0.19941407,NA,NA,NA,NA,28,14,1,0.01968504,1112,0
"195","219",3,107,0,0,0,0,NA,NA,1.5180721,0,1,0,1,27,17,2,0.01171875,2107,0
"196","194",4,16,1,0,1,0,NA,NA,1.5180721,0,1,0,1,4,68,2,0.009803922,2016,0
"197","213",2,114,0,0,0,1,NA,NA,1.5180721,0,1,0,1,29,13,2,0.007968128,2114,0
"198","317",4,117,1,0,0,0,1,1,1.240662,NA,NA,NA,NA,29,12,1,0.03137255,1117,0
"199","209",2,114,0,0,1,1,1,1,1.240662,NA,NA,NA,NA,29,13,1,0.01992032,1114,0
"200","11",2,122,0,0,0,0,0,1,-0.19941407,NA,NA,NA,NA,31,9,1,0.0078125,1122,0
"201","175",4,16,0,0,0,0,0,0,-2.0275478,NA,NA,NA,NA,4,68,1,0.019607844,1016,0
"202","139",2,128,0,0,0,1,NA,NA,-0.935656,1,1,1,1,32,3,2,0.02734375,2128,1
"203","R_2SAhqOcRweQSKlx",2,120,0,1,0,1,1,1,1.240662,NA,NA,NA,NA,30,10,1,0.015686275,1120,1
"204","242",3,132,0,0,1,1,0,1,-0.19941407,NA,NA,NA,NA,33,1,1,0.05078125,1132,1
"205","97",2,115,1,0,1,1,NA,NA,-2.033136,1,1,1,0,29,13,2,0.02734375,2115,1
"206","343",5,115,1,0,0,0,1,1,1.240662,NA,NA,NA,NA,29,13,1,0.0390625,1115,1
"207","R_AhesC5eB2l7v3iN",4,73,1,1,0,0,0,1,-0.19941407,NA,NA,NA,NA,18,33,1,0.003937008,1073,1
"208","136",2,104,0,0,0,0,1,1,1.240662,NA,NA,NA,NA,26,19,1,0.0078125,1104,1
"209","191",3,122,1,0,1,0,NA,NA,NA,0,0,0,0,31,9,2,0.01171875,2122,1
"210","212",2,116,0,0,1,1,1,0,-0.5874717,NA,NA,NA,NA,29,12,1,0.03529412,1116,1
"211","R_262P37GqtAx4677",4,54,0,1,1,0,0,0,-2.0275478,NA,NA,NA,NA,14,41,1,0.015748031,1054,1
"212","32",NA,8,0,0,1,0,NA,NA,0.42059216,0,1,0,0,2,72,2,0.004219409,2008,1
"213","292",5,93,1,0,1,0,0,1,-0.19941407,NA,NA,NA,NA,23,24,1,0.007905139,1093,1
"214","R_06PT2nrhhd4sAql",3,73,0,1,0,0,NA,NA,-0.75050765,0,0,0,0,18,33,2,0.003937008,2073,1
"215","259",3,115,1,0,0,1,1,1,1.240662,NA,NA,NA,NA,29,13,1,0.00390625,1115,1
"216","400",2,115,1,0,0,0,1,1,1.240662,NA,NA,NA,NA,29,13,1,0.015625,1115,1
"217","R_1CEc12k7QMz0hpZ",2,112,0,1,1,1,1,1,1.240662,NA,NA,NA,NA,28,14,1,0.035433073,1112,1
"218","485",4,37,1,0,1,1,0,1,-0.19941407,NA,NA,NA,NA,9,53,1,0.0068965517,1037,1
"219","164",4,111,0,0,1,1,NA,NA,1.5180721,0,1,0,1,28,15,2,0.06048387,2111,1
"220","100",3,109,1,0,1,1,NA,NA,1.5180721,0,1,0,1,27,15,2,0.01968504,2109,1
"221","R_3LgNgGfU7AkBMCB",3,104,0,1,0,0,0,1,-0.19941407,NA,NA,NA,NA,26,19,1,0.00390625,1104,1
"222","20",2,131,0,0,1,1,1,1,1.240662,NA,NA,NA,NA,33,1,1,0.05859375,1131,1
"223","56",2,84,1,0,0,0,NA,NA,-0.75050765,0,0,0,0,21,27,2,0.003921569,2084,1
"224","197",2,114,0,0,1,1,1,1,1.240662,NA,NA,NA,NA,29,13,1,0.011952192,1114,1
"225","399",4,103,1,0,1,0,0,1,-0.19941407,NA,NA,NA,NA,26,19,1,0.007874016,1103,1
"226","110",2,67,0,0,1,1,1,1,1.240662,NA,NA,NA,NA,17,35,1,0.003937008,1067,1
"227","R_20YCgyl9Y8Oo5mF",3,22,0,1,0,0,1,1,1.240662,NA,NA,NA,NA,6,65,1,0.008,1022,1
"228","285",2,22,0,0,0,0,1,1,1.240662,NA,NA,NA,NA,6,65,1,0.012,1022,1
"229","258",2,39,0,0,0,0,0,1,-0.19941407,NA,NA,NA,NA,10,52,1,0.008403362,1039,1
"230","249",3,125,0,0,1,0,0,1,-0.19941407,NA,NA,NA,NA,31,6,1,0.06719368,1125,1
"231","206",2,115,1,0,0,0,0,1,-0.19941407,NA,NA,NA,NA,29,13,1,0.046875,1115,1
"232","340",2,28,0,0,1,1,1,1,1.240662,NA,NA,NA,NA,7,61,1,0.0058479533,1028,1
"233","14",3,90,0,0,1,0,NA,NA,-0.935656,1,1,1,1,23,25,2,0.007843138,2090,1
"234","150",2,128,0,0,0,0,NA,NA,-0.75050765,0,0,0,0,32,3,2,0.03515625,2128,1
"235","45",3,38,1,0,1,0,1,1,1.240662,NA,NA,NA,NA,10,53,1,0.010928961,1038,1
"236","66",4,13,1,0,0,0,NA,NA,-0.84000367,0,1,1,0,3,70,2,0.00390625,2013,1
"237","410",2,91,1,0,0,1,0,0,-2.0275478,NA,NA,NA,NA,23,25,1,0.004,1091,1
"238","R_RWVJIZFjyoceFPz",4,111,0,1,1,1,NA,NA,-0.75050765,0,0,0,0,28,15,2,0.048387095,2111,1
"239","R_1plOdx7FISib0GV",3,72,0,1,1,0,0,0,-2.0275478,NA,NA,NA,NA,18,33,1,0.007874016,1072,1
"240","464",1,70,1,0,0,0,1,1,1.240662,NA,NA,NA,NA,18,33,1,0.003921569,1070,1
"241","6",4,38,0,0,0,0,NA,NA,0.3249398,1,1,0,1,10,53,2,0.0054644807,2038,1
"242","R_22YyNepIJpxce5a",1,54,0,1,1,1,1,1,1.240662,NA,NA,NA,NA,14,41,1,0.011811024,1054,1
"243","187",2,131,0,0,0,0,NA,NA,0.34697226,0,0,0,1,33,1,2,0.00390625,2131,1
"244","50",3,72,1,0,1,0,NA,NA,0.3249398,1,1,0,1,18,33,2,0.011811024,2072,1
"245","95",3,63,1,0,0,1,0,1,-0.19941407,NA,NA,NA,NA,16,37,1,0.032608695,1063,1
"246","151",2,110,1,0,0,0,NA,NA,0.3249398,1,1,0,1,28,15,2,0.003937008,2110,1
"247","R_vekCDTu4lEhz0pH",2,73,1,1,0,0,0,1,-0.19941407,NA,NA,NA,NA,18,33,1,0.011811024,1073,1
"248","78",2,111,0,0,1,0,NA,NA,-1.9436399,1,0,0,0,28,15,2,0.05645161,2111,1
"249","458",4,86,1,0,1,1,0,1,-0.19941407,NA,NA,NA,NA,22,27,1,0.003921569,1086,1
"250","421",3,100,1,0,1,1,1,1,1.240662,NA,NA,NA,NA,25,21,1,0.008064516,1100,1
"251","43",2,109,0,0,0,1,1,1,1.240662,NA,NA,NA,NA,27,15,1,0.06692913,1109,1
"252","R_2q3OujX9e6k0ex5",4,113,1,1,0,0,0,1,-0.19941407,NA,NA,NA,NA,28,14,1,0.01171875,1113,1
"253","28",3,8,0,0,1,0,NA,NA,0.3249398,1,1,0,1,2,72,2,0.016877636,2008,1
"254","R_1Im9O1GKTrdymDA",3,43,1,1,1,0,0,1,-0.19941407,NA,NA,NA,NA,11,50,1,0.01904762,1043,1
"255","125",3,8,0,0,1,0,NA,NA,-0.935656,1,1,1,1,2,72,2,0.008438818,2008,1
"256","131",4,112,0,0,1,0,0,0,-2.0275478,NA,NA,NA,NA,28,14,1,0.015748031,1112,1
"257","62",2,70,1,0,0,0,NA,NA,-0.935656,1,1,1,1,18,33,2,0.007843138,2070,1
"258","183",2,119,0,0,0,1,NA,NA,-0.935656,1,1,1,1,30,11,2,0.007905139,2119,1
"259","489",4,13,1,0,1,0,0,1,-0.19941407,NA,NA,NA,NA,3,70,1,0.0078125,1013,1
"260","348",1,130,1,0,0,0,0,0,-2.0275478,NA,NA,NA,NA,33,2,1,0.015625,1130,1
"261","R_2dMh7RnWGsYUK8I",5,15,1,1,1,1,NA,NA,-0.75050765,0,0,0,0,4,69,2,0.016,2015,1
"262","86",2,110,0,0,0,0,0,1,-0.19941407,NA,NA,NA,NA,28,15,1,0.01968504,1110,1
"263","27",3,7,0,0,0,0,NA,NA,0.3249398,1,1,0,1,2,73,2,0.0078125,2007,1
"264","266",3,117,1,0,0,1,1,1,1.240662,NA,NA,NA,NA,29,12,1,0.05490196,1117,1
"265","365",3,111,1,0,1,0,0,1,-0.19941407,NA,NA,NA,NA,28,15,1,0.008064516,1111,1
"266","209",3,78,0,0,0,1,NA,NA,0.42059216,0,1,0,0,20,30,2,0.01171875,2078,1
"267","R_2PcWcGIG03cQpvC",1,72,1,1,1,0,NA,NA,-0.75050765,0,0,0,0,18,33,2,0.015748031,2072,1
"268","R_ebateHO19b53umd",2,54,0,1,1,0,0,1,-0.19941407,NA,NA,NA,NA,14,41,1,0.003937008,1054,1
"269","159",4,132,1,0,1,0,NA,NA,1.5180721,0,1,0,1,33,1,2,0.04296875,2132,1
"270","182",3,120,1,0,0,0,NA,NA,-0.935656,1,1,1,1,30,10,2,0.007843138,2120,1
"271","121",3,113,1,0,0,0,0,1,-0.19941407,NA,NA,NA,NA,28,14,1,0.0390625,1113,1
"272","R_3r2O2SV4wXZjJ7i",3,131,0,1,1,1,1,1,1.240662,NA,NA,NA,NA,33,1,1,0.00390625,1131,1
"273","435",4,90,0,0,1,0,1,NA,1.8543671,NA,NA,NA,NA,23,25,1,0.019607844,1090,1
"274","391",3,117,1,0,0,1,0,1,-0.19941407,NA,NA,NA,NA,29,12,1,0.0627451,1117,1
"275","158",3,120,0,0,0,0,0,1,-0.19941407,NA,NA,NA,NA,30,10,1,0.03137255,1120,1
"276","89",4,121,0,0,1,1,NA,NA,0.42059216,0,1,0,0,30,9,2,0.007874016,2121,1
"277","480",3,52,1,0,1,0,0,1,-0.19941407,NA,NA,NA,NA,13,44,1,0.014084507,1052,1
"278","R_1fdgionlCffTSUJ",3,128,0,1,0,1,NA,NA,-0.75050765,0,0,0,0,32,3,2,0.0390625,2128,1
"279","89",2,119,0,0,1,1,1,1,1.240662,NA,NA,NA,NA,30,11,1,0.03557312,1119,1
"280","422",4,68,1,0,1,0,0,1,-0.19941407,NA,NA,NA,NA,17,34,1,0.011764706,1068,1
"281","210",2,125,0,0,1,1,0,1,-0.19941407,NA,NA,NA,NA,31,6,1,0.07905138,1125,1
"282","R_31t33efeAckJNzB",3,108,0,1,0,1,NA,NA,-0.75050765,0,0,0,0,27,16,2,0.015625,2108,1
"283","60",3,69,0,0,0,1,0,1,-0.19941407,NA,NA,NA,NA,17,34,1,0.011811024,1069,1
"284","55",4,15,1,0,1,0,NA,NA,0.3249398,1,1,0,1,4,69,2,0.008,2015,1
"285","185",3,114,0,0,1,1,0,1,-0.19941407,NA,NA,NA,NA,29,13,1,0.055776894,1114,1
"286","175",1,126,1,0,0,0,NA,NA,1.5180721,0,1,0,1,32,5,2,0.024096385,2126,1
"287","R_3ERLstbsy5yBTCK",3,17,1,1,1,0,0,1,-0.19941407,NA,NA,NA,NA,4,68,1,0.00390625,1017,1
"288","115",3,129,0,0,1,1,0,1,-0.19941407,NA,NA,NA,NA,32,2,1,0.046875,1129,1
"289","103",1,120,0,0,0,0,0,1,-0.19941407,NA,NA,NA,NA,30,10,1,0.007843138,1120,1
"290","101",3,107,0,0,1,1,0,1,-0.19941407,NA,NA,NA,NA,27,17,1,0.0078125,1107,1
"291","372",2,133,1,0,0,0,0,1,-0.19941407,NA,NA,NA,NA,33,1,1,0.09243698,1133,1
"292","R_XvRx1Hy4YL0Mfrb",3,132,0,1,1,1,1,1,1.240662,NA,NA,NA,NA,33,1,1,0.0625,1132,1
"293","R_tJKUgQ2CTvEsFu9",4,32,0,1,1,0,0,1,-0.19941407,NA,NA,NA,NA,8,57,1,0.016666668,1032,1
"294","130",3,112,0,0,1,1,0,1,-0.19941407,NA,NA,NA,NA,28,14,1,0.03937008,1112,1
"295","177",2,132,0,0,1,0,1,1,1.240662,NA,NA,NA,NA,33,1,1,0.015625,1132,1
"296","203",2,116,0,0,1,1,0,1,-0.19941407,NA,NA,NA,NA,29,12,1,0.043137256,1116,1
"297","R_3J5lf5OXpLiCIJ3",3,90,0,1,1,1,1,1,1.240662,NA,NA,NA,NA,23,25,1,0.011764706,1090,1
"298","194",3,129,0,0,1,0,0,1,-0.19941407,NA,NA,NA,NA,32,2,1,0.0625,1129,1
"299","455",3,130,1,0,0,0,1,1,1.240662,NA,NA,NA,NA,33,2,1,0.07421875,1130,1
"300","231",2,131,0,0,1,0,1,1,1.240662,NA,NA,NA,NA,33,1,1,0.01953125,1131,1
"301","431",2,125,0,0,1,0,0,1,-0.19941407,NA,NA,NA,NA,31,6,1,0.019762846,1125,1
"302","481",4,7,1,0,1,1,1,1,1.240662,NA,NA,NA,NA,2,73,1,0.01171875,1007,1
"303","R_2OJRFWP6h4YqF8R",3,127,1,1,1,0,0,1,-0.19941407,NA,NA,NA,NA,32,4,1,0.0234375,1127,1
"304","5",2,126,0,0,0,1,0,1,-0.19941407,NA,NA,NA,NA,32,5,1,0.004016064,1126,1
"305","232",3,132,0,0,1,1,0,1,-0.19941407,NA,NA,NA,NA,33,1,1,0.0703125,1132,1
"306","10",2,56,1,0,0,0,0,1,-0.19941407,NA,NA,NA,NA,14,38,1,0.007874016,1056,1
"307","159",2,132,0,0,1,0,1,1,1.240662,NA,NA,NA,NA,33,1,1,0.09765625,1132,1
"308","R_1ops5hgu7cfS75H",3,70,1,1,0,0,1,1,1.240662,NA,NA,NA,NA,18,33,1,0.011764706,1070,1
"309","39",2,130,1,0,0,1,1,1,1.240662,NA,NA,NA,NA,33,2,1,0.00390625,1130,1
"310","342",2,19,0,0,1,1,0,1,-0.19941407,NA,NA,NA,NA,5,67,1,0.007936508,1019,1
"311","133",3,132,1,0,1,0,NA,NA,1.5180721,0,1,0,1,33,1,2,0.01953125,2132,1
"312","155",2,112,0,0,1,0,0,NA,-1.0257847,NA,NA,NA,NA,28,14,1,0.051181104,1112,1
"313","21",2,117,0,0,1,1,NA,NA,-0.935656,1,1,1,1,29,12,2,0.003921569,2117,1
"314","360",2,106,1,0,0,1,0,0,-2.0275478,NA,NA,NA,NA,27,18,1,0.031496063,1106,1
"315","129",2,132,0,0,1,0,0,1,-0.19941407,NA,NA,NA,NA,33,1,1,0.04296875,1132,1
"316","R_1eOxkUdqfdsnxj2",4,109,1,1,1,1,NA,NA,-0.75050765,0,0,0,0,27,15,2,0.011811024,2109,1
"317","217",3,116,0,0,1,0,1,1,1.240662,NA,NA,NA,NA,29,12,1,0.0627451,1116,1
"318","403",2,111,1,0,1,0,0,1,-0.19941407,NA,NA,NA,NA,28,15,1,0.02016129,1111,1
"319","244",3,131,0,0,1,0,0,1,-0.19941407,NA,NA,NA,NA,33,1,1,0.0703125,1131,1
"320","199",4,119,0,0,1,1,1,1,1.240662,NA,NA,NA,NA,30,11,1,0.027667984,1119,1
"321","336",4,117,1,0,0,0,0,1,-0.19941407,NA,NA,NA,NA,29,12,1,0.019607844,1117,1
"322","36",2,109,0,0,0,1,0,1,-0.19941407,NA,NA,NA,NA,27,15,1,0.05905512,1109,1
"323","R_4TQkWeusPw8ELfj",2,78,1,1,0,1,0,1,-0.19941407,NA,NA,NA,NA,20,30,1,0.00390625,1078,1
"324","R_1nTvnBSqZUAJvTM",3,90,0,1,1,1,1,0,-0.5874717,NA,NA,NA,NA,23,25,1,0.007843138,1090,1
"325","184",1,128,0,0,0,0,NA,NA,0.42059216,0,1,0,0,32,3,2,0.015625,2128,1
"326","R_OI1oQ7StS2uByil",3,90,0,1,1,1,1,1,1.240662,NA,NA,NA,NA,23,25,1,0.015686275,1090,1
"327","R_2RPbz4poQcXRgrn",3,80,1,1,1,0,0,1,-0.19941407,NA,NA,NA,NA,20,29,1,0.0078125,1080,1
"328","42",1,114,0,0,1,0,1,1,1.240662,NA,NA,NA,NA,29,13,1,0.035856575,1114,1
"329","195",4,120,0,0,0,0,0,1,-0.19941407,NA,NA,NA,NA,30,10,1,0.023529412,1120,1
"330","459",3,78,1,0,0,0,0,1,-0.19941407,NA,NA,NA,NA,20,30,1,0.01953125,1078,1
"331","81",3,115,1,0,1,0,NA,NA,-0.84000367,0,1,1,0,29,13,2,0.01953125,2115,1
"332","239",4,125,0,0,1,0,0,1,-0.19941407,NA,NA,NA,NA,31,6,1,0.011857707,1125,1
"333","211",2,116,0,0,1,1,0,1,-0.19941407,NA,NA,NA,NA,29,12,1,0.047058824,1116,1
"334","229",3,116,1,0,0,1,NA,NA,-0.77254015,1,1,0,0,29,12,2,0.003921569,2116,1
"335","R_3ML2QbQt9ntlsv3",4,132,0,1,1,1,0,1,-0.19941407,NA,NA,NA,NA,33,1,1,0.0078125,1132,1
"336","R_3fvLMPfi64uwcjO",3,32,0,1,1,0,1,1,1.240662,NA,NA,NA,NA,8,57,1,0.008333334,1032,1
"337","423",3,94,1,0,1,1,0,1,-0.19941407,NA,NA,NA,NA,24,24,1,0.012,1094,1
"338","493",2,7,1,0,1,0,1,1,1.240662,NA,NA,NA,NA,2,73,1,0.0078125,1007,1
"339","272",2,19,0,0,1,0,0,0,-2.0275478,NA,NA,NA,NA,5,67,1,0.003968254,1019,1
"340","64",2,32,0,0,1,1,0,1,-0.19941407,NA,NA,NA,NA,8,57,1,0.025,1032,1
"341","112",4,127,1,0,1,0,0,0,-2.0275478,NA,NA,NA,NA,32,4,1,0.00390625,1127,1
"342","456",2,78,1,0,0,1,0,0,-2.0275478,NA,NA,NA,NA,20,30,1,0.01171875,1078,1
"343","69",2,99,0,0,1,1,0,0,-2.0275478,NA,NA,NA,NA,25,22,1,0.00390625,1099,1
"344","478",4,55,1,0,0,1,1,1,1.240662,NA,NA,NA,NA,14,40,1,0.01953125,1055,1
"345","126",2,81,0,0,0,1,1,1,1.240662,NA,NA,NA,NA,20,29,1,0.0078125,1081,1
"346","R_6YD8l2EHOpHjcGt",5,122,1,1,1,1,NA,NA,-0.75050765,0,0,0,0,31,9,2,0.0078125,2122,1
"347","R_2woZkF0iSOpVczO",2,92,0,1,0,1,NA,NA,-0.75050765,0,0,0,0,23,25,2,0.011764706,2092,1
"348","382",2,130,1,0,0,0,1,1,1.240662,NA,NA,NA,NA,33,2,1,0.01953125,1130,1
"349","203",4,129,1,0,1,0,NA,NA,1.5180721,0,1,0,1,32,2,2,0.01171875,2129,1
"350","305",2,130,1,0,0,0,0,1,-0.19941407,NA,NA,NA,NA,33,2,1,0.0546875,1130,1
"351","7",2,125,0,0,1,0,NA,NA,-0.77254015,1,1,0,0,31,6,2,0.015810277,2125,1
"352","109",2,118,1,0,0,0,0,1,-0.19941407,NA,NA,NA,NA,30,11,1,0.007905139,1118,1
"353","204",3,83,0,0,1,1,0,1,-0.19941407,NA,NA,NA,NA,21,28,1,0.00390625,1083,1
"354","R_3EVTRUiN4cCcM5V",2,110,1,1,0,0,NA,NA,-0.75050765,0,0,0,0,28,15,2,0.023622047,2110,1
"355","26",2,85,0,0,1,1,NA,NA,-2.0111036,0,0,1,0,21,27,2,0.0040650405,2085,1
"356","52",2,78,0,0,0,1,NA,NA,-0.935656,1,1,1,1,20,30,2,0.00390625,2078,1
"357","494",3,7,1,0,1,0,1,1,1.240662,NA,NA,NA,NA,2,73,1,0.00390625,1007,1
"358","357",2,115,1,0,0,0,0,1,-0.19941407,NA,NA,NA,NA,29,13,1,0.03125,1115,1
"359","237",5,132,0,0,1,0,0,1,-0.19941407,NA,NA,NA,NA,33,1,1,0.0390625,1132,1
"360","168",3,122,0,0,0,0,0,1,-0.19941407,NA,NA,NA,NA,31,9,1,0.02734375,1122,1
"361","419",2,94,1,0,1,1,1,1,1.240662,NA,NA,NA,NA,24,24,1,0.008,1094,1
"362","170",3,125,0,0,1,1,0,0,-2.0275478,NA,NA,NA,NA,31,6,1,0.0513834,1125,1
"363","208",3,129,0,0,1,0,0,1,-0.19941407,NA,NA,NA,NA,32,2,1,0.02734375,1129,1
"364","197",4,29,0,0,0,0,NA,NA,0.3249398,1,1,0,1,7,59,2,0.003937008,2029,1
"365","315",3,127,1,0,1,1,1,1,1.240662,NA,NA,NA,NA,32,4,1,0.046875,1127,1
"366","88",2,121,1,0,1,0,0,1,-0.19941407,NA,NA,NA,NA,30,9,1,0.007874016,1121,1
"367","149",2,109,0,0,0,0,0,1,-0.19941407,NA,NA,NA,NA,27,15,1,0.003937008,1109,1
"368","74",3,15,1,0,0,0,0,1,-0.19941407,NA,NA,NA,NA,4,69,1,0.016,1015,1
"369","145",2,107,0,0,1,0,1,0,-0.5874717,NA,NA,NA,NA,27,17,1,0.01171875,1107,1
"370","227",3,124,1,0,0,0,NA,NA,-0.935656,1,1,1,1,31,7,2,0.007905139,2124,1
"371","293",2,130,1,0,0,1,0,1,-0.19941407,NA,NA,NA,NA,33,2,1,0.0625,1130,1
"372","141",3,124,1,0,0,1,1,1,1.240662,NA,NA,NA,NA,31,7,1,0.05533597,1124,1
"373","R_1CyE2B8iDKaoIjK",2,110,0,1,0,1,0,1,-0.19941407,NA,NA,NA,NA,28,15,1,0.023622047,1110,1
"374","69",4,108,0,0,0,0,NA,NA,-0.935656,1,1,1,1,27,16,2,0.0078125,2108,1
"375","R_AuOvapjrrhcB7Ud",3,64,1,1,1,1,0,1,-0.19941407,NA,NA,NA,NA,16,36,1,0.008928572,1064,1
"376","118",2,115,1,0,1,1,NA,NA,-0.75050765,0,0,0,0,29,13,2,0.01171875,2115,1
"377","70",2,108,0,0,0,0,NA,NA,-0.935656,1,1,1,1,27,16,2,0.01171875,2108,1
"378","171",2,116,0,0,1,1,1,1,1.240662,NA,NA,NA,NA,29,12,1,0.03137255,1116,1
"379","165",2,131,0,0,0,1,NA,NA,1.5180721,0,1,0,1,33,1,2,0.01953125,2131,1
"380","252",1,57,0,0,1,0,0,1,-0.19941407,NA,NA,NA,NA,14,38,1,0.013513514,1057,1
"381","311",3,112,0,0,1,0,1,1,1.240662,NA,NA,NA,NA,28,14,1,0.031496063,1112,1
"382","R_SDyAfDiR1EcnvG1",2,28,1,1,1,1,NA,NA,-0.75050765,0,0,0,0,7,61,2,0.0058479533,2028,1
"383","98",3,114,0,0,0,1,NA,NA,-0.935656,1,1,1,1,29,13,2,0.023904383,2114,1
"384","18",3,109,1,0,1,0,NA,NA,0.3249398,1,1,0,1,27,15,2,0.035433073,2109,1
"385","141",2,94,0,0,0,1,NA,NA,1.5180721,0,1,0,1,24,24,2,0.012,2094,1
"386","R_3lAD2i3hUFymFyb",3,120,1,1,0,1,NA,NA,-0.75050765,0,0,0,0,30,10,2,0.003921569,2120,1
"387","216",2,73,0,0,0,0,NA,NA,0.42059216,0,1,0,0,18,33,2,0.007874016,2073,1
"388","350",2,11,0,0,0,0,0,1,-0.19941407,NA,NA,NA,NA,3,71,1,0.003921569,1011,1
"389","90",2,109,1,0,1,0,NA,NA,1.5180721,0,1,0,1,27,15,2,0.023622047,2109,1
"390","99",3,112,0,0,1,1,0,NA,-1.0257847,NA,NA,NA,NA,28,14,1,0.003937008,1112,1
"391","R_W20Iz24xji8o5zz",2,72,1,1,1,1,NA,NA,-0.75050765,0,0,0,0,18,33,2,0.007874016,2072,1
"392","218",3,131,0,0,1,0,0,1,-0.19941407,NA,NA,NA,NA,33,1,1,0.015625,1131,1
"393","181",2,115,1,0,1,0,NA,NA,1.5180721,0,1,0,1,29,13,2,0.0078125,2115,1
"394","R_2P53Uh2RnSP1zmH",3,101,1,1,0,1,NA,NA,-0.75050765,0,0,0,0,25,21,2,0.015686275,2101,1
"395","234",3,131,0,0,1,1,0,0,-2.0275478,NA,NA,NA,NA,33,1,1,0.03125,1131,1
"396","225",2,128,0,0,0,1,NA,NA,-0.935656,1,1,1,1,32,3,2,0.00390625,2128,1
"397","R_30jlm0tvyxv3ZDp",2,124,1,1,0,1,NA,NA,-0.75050765,0,0,0,0,31,7,2,0.019762846,2124,1
"398","71",3,110,1,0,0,1,NA,NA,1.5180721,0,1,0,1,28,15,2,0.011811024,2110,1
"399","R_3MsusC1d8hjeKxL",4,110,1,1,0,0,NA,NA,-0.75050765,0,0,0,0,28,15,2,0.015748031,2110,1
"400","R_3hGfCLQIwpU93y9",2,131,0,1,0,1,NA,NA,-0.75050765,0,0,0,0,33,1,2,0.01171875,2131,1
"401","107",3,94,0,0,0,1,NA,NA,-0.935656,1,1,1,1,24,24,2,0.008,2094,1
"402","30",1,108,1,0,1,0,0,1,-0.19941407,NA,NA,NA,NA,27,16,1,0.05078125,1108,1
"403","99",3,119,0,0,0,0,NA,NA,0.42059216,0,1,0,0,30,11,2,0.011857707,2119,1
"404","218",3,127,0,0,1,0,NA,NA,-0.935656,1,1,1,1,32,4,2,0.0234375,2127,1
"405","442",3,111,1,0,1,1,0,0,-2.0275478,NA,NA,NA,NA,28,15,1,0.024193548,1111,1
"406","R_1FyQmFUBi0cxkOY",4,104,0,1,0,1,0,1,-0.19941407,NA,NA,NA,NA,26,19,1,0.01171875,1104,1
"407","75",3,111,0,0,1,0,NA,NA,1.5180721,0,1,0,1,28,15,2,0.028225806,2111,1
"408","R_2q9Oc4z6nOsXBKv",2,48,1,1,0,1,NA,NA,-0.75050765,0,0,0,0,12,47,2,0.010309278,2048,1
"409","250",3,125,0,0,1,1,0,1,-0.19941407,NA,NA,NA,NA,31,6,1,0.027667984,1125,1
"410","R_31peVRQzJ2cJ7UD",2,1,1,1,1,1,1,1,1.240662,NA,NA,NA,NA,1,76,1,0.01904762,1001,1
"411","R_5o5CZuxXrmPUchP",3,122,0,1,0,0,1,0,-0.5874717,NA,NA,NA,NA,31,9,1,0.0234375,1122,1
"412","41",2,55,1,0,0,1,NA,NA,-0.935656,1,1,1,1,14,40,2,0.0078125,2055,1
"413","359",2,133,1,0,0,0,1,1,1.240662,NA,NA,NA,NA,33,1,1,0.025210084,1133,1
"414","R_21skCcCUUp2HNtf",2,133,1,1,0,0,0,1,-0.19941407,NA,NA,NA,NA,33,1,1,0.05042017,1133,1
"415","222",5,122,1,0,1,0,NA,NA,1.5180721,0,1,0,1,31,9,2,0.00390625,2122,1
"416","134",2,129,1,0,1,0,NA,NA,1.5180721,0,1,0,1,32,2,2,0.01953125,2129,1
"417","160",2,112,1,0,0,1,NA,NA,1.5180721,0,1,0,1,28,14,2,0.003937008,2112,1
"418","68",3,132,0,0,1,1,0,1,-0.19941407,NA,NA,NA,NA,33,1,1,0.03125,1132,1
"419","267",0,133,1,0,0,0,0,NA,-1.0257847,NA,NA,NA,NA,33,1,1,0.13445379,1133,1
"420","353",4,128,1,0,0,0,0,1,-0.19941407,NA,NA,NA,NA,32,3,1,0.01171875,1128,1
"421","138",3,132,1,0,1,1,NA,NA,1.5180721,0,1,0,1,33,1,2,0.03515625,2132,1
"422","142",3,107,0,0,1,1,0,1,-0.19941407,NA,NA,NA,NA,27,17,1,0.00390625,1107,1
"423","16",4,118,1,0,0,0,1,0,-0.5874717,NA,NA,NA,NA,30,11,1,0.011857707,1118,1
"424","94",2,106,1,0,1,1,NA,NA,1.5180721,0,1,0,1,27,18,2,0.003937008,2106,1
"425","R_2wTCg1oAuiElua1",2,48,1,1,0,1,0,1,-0.19941407,NA,NA,NA,NA,12,47,1,0.010309278,1048,1
"426","301",0,123,1,0,1,1,0,NA,-1.0257847,NA,NA,NA,NA,31,8,1,0.008403362,1123,1
"427","287",2,117,1,0,0,1,1,1,1.240662,NA,NA,NA,NA,29,12,1,0.003921569,1117,1
"428","281",3,108,1,0,1,1,1,1,1.240662,NA,NA,NA,NA,27,16,1,0.046875,1108,1
"429","245",NA,125,0,0,1,0,NA,NA,NA,NA,NA,NA,NA,31,6,1,0.023715414,1125,1
"430","112",3,128,0,0,0,1,NA,NA,-2.0111036,0,0,1,0,32,3,2,0.046875,2128,1
"431","337",1,130,1,0,0,1,0,1,-0.19941407,NA,NA,NA,NA,33,2,1,0.03515625,1130,1
"432","R_2bQa9nK3ZDNeE1r",5,133,1,1,0,0,0,1,-0.19941407,NA,NA,NA,NA,33,1,1,0.14285715,1133,1
"433","363",3,124,1,0,0,1,0,0,-2.0275478,NA,NA,NA,NA,31,7,1,0.0513834,1124,1
"434","264",3,115,1,0,0,1,0,1,-0.19941407,NA,NA,NA,NA,29,13,1,0.04296875,1115,1
"435","500",2,102,0,0,0,0,1,0,-0.5874717,NA,NA,NA,NA,26,20,1,0.003937008,1102,1
"436","274",3,16,0,0,0,1,0,1,-0.19941407,NA,NA,NA,NA,4,68,1,0.009803922,1016,1
"437","84",4,117,1,0,0,0,1,1,1.240662,NA,NA,NA,NA,29,12,1,0.011764706,1117,1
"438","166",2,116,0,0,1,1,1,1,1.240662,NA,NA,NA,NA,29,12,1,0.039215688,1116,1
"439","R_3smnQNPoxyPkHMO",2,131,0,1,1,0,0,1,-0.19941407,NA,NA,NA,NA,33,1,1,0.0625,1131,1
"440","R_2ZTz74xDF4DDpIu",2,119,0,1,0,0,NA,NA,-0.75050765,0,0,0,0,30,11,2,0.019762846,2119,1
"441","R_26f3XYFgn7rHRNj",3,105,1,1,1,1,NA,NA,-0.75050765,0,0,0,0,26,18,2,0.01171875,2105,1
"442","366",3,121,1,0,1,0,0,1,-0.19941407,NA,NA,NA,NA,30,9,1,0.003937008,1121,1
"443","124",2,130,1,0,1,1,NA,NA,0.42059216,0,1,0,0,33,2,2,0.0078125,2130,1
"444","R_pENhB7FmS3jw4xj",3,131,0,1,0,0,NA,NA,-0.75050765,0,0,0,0,33,1,2,0.02734375,2131,1
"445","115",2,122,1,0,1,0,NA,NA,1.5180721,0,1,0,1,31,9,2,0.01953125,2122,1
"446","221",1,122,0,0,0,0,0,1,-0.19941407,NA,NA,NA,NA,31,9,1,0.00390625,1122,1
"447","190",1,116,0,0,1,0,1,0,-0.5874717,NA,NA,NA,NA,29,12,1,0.011764706,1116,1
"448","10",2,130,1,0,1,0,NA,NA,0.42059216,0,1,0,0,33,2,2,0.015625,2130,1
"449","224",2,116,0,0,1,0,0,1,-0.19941407,NA,NA,NA,NA,29,12,1,0.02745098,1116,1
"450","113",0,130,1,0,0,0,0,1,-0.19941407,NA,NA,NA,NA,33,2,1,0.02734375,1130,1
"451","271",2,111,1,0,1,0,1,1,1.240662,NA,NA,NA,NA,28,15,1,0.012096774,1111,1
"452","R_3izn6F4Ow9qJPex",2,126,0,1,0,1,0,1,-0.19941407,NA,NA,NA,NA,32,5,1,0.02811245,1126,1
"453","408",3,111,1,0,1,1,1,1,1.240662,NA,NA,NA,NA,28,15,1,0.04032258,1111,1
"454","R_xaZh6oJpLLD3B0B",3,113,0,1,1,1,NA,NA,-0.75050765,0,0,0,0,28,14,2,0.01171875,2113,1
"455","79",3,67,0,0,1,0,1,1,1.240662,NA,NA,NA,NA,17,35,1,0.01968504,1067,1
"456","101",3,113,0,0,1,1,NA,NA,0.42059216,0,1,0,0,28,14,2,0.00390625,2113,1
"457","395",2,117,1,0,0,1,0,1,-0.19941407,NA,NA,NA,NA,29,12,1,0.039215688,1117,1
"458","277",1,113,1,0,0,0,1,1,1.240662,NA,NA,NA,NA,28,14,1,0.046875,1113,1
"459","326",3,113,1,0,0,1,0,1,-0.19941407,NA,NA,NA,NA,28,14,1,0.03515625,1113,1
"460","93",3,112,1,0,0,1,NA,NA,-0.84000367,0,1,1,0,28,14,2,0.011811024,2112,1
"461","174",2,132,1,0,1,1,NA,NA,1.5180721,0,1,0,1,33,1,2,0.0390625,2132,1
"462","R_265u0aCbHdsjc3q",3,108,1,1,1,1,1,0,-0.5874717,NA,NA,NA,NA,27,16,1,0.0625,1108,1
"463","15",3,102,0,0,0,1,0,0,-2.0275478,NA,NA,NA,NA,26,20,1,0.007874016,1102,1
"464","114",2,88,1,0,1,1,0,1,-0.19941407,NA,NA,NA,NA,22,26,1,0.003921569,1088,1
"465","R_2viRGhNbooV1jbw",2,128,1,1,0,0,1,0,-0.5874717,NA,NA,NA,NA,32,3,1,0.05078125,1128,1
"466","225",3,125,0,0,1,1,1,1,1.240662,NA,NA,NA,NA,31,6,1,0.07509881,1125,1
"467","80",3,109,0,0,0,0,0,1,-0.19941407,NA,NA,NA,NA,27,15,1,0.01968504,1109,1
"468","49",3,66,1,0,1,1,NA,NA,-0.935656,1,1,1,1,17,36,2,0.004016064,2066,1
"469","418",4,106,1,0,0,1,0,1,-0.19941407,NA,NA,NA,NA,27,18,1,0.023622047,1106,1
"470","R_1LXq7sxcXMRRaHk",2,92,0,1,0,0,1,1,1.240662,NA,NA,NA,NA,23,25,1,0.011764706,1092,1
"471","147",2,114,0,0,0,0,NA,NA,-0.935656,1,1,1,1,29,13,2,0.011952192,2114,1
"472","251",3,132,0,0,1,0,0,1,-0.19941407,NA,NA,NA,NA,33,1,1,0.09375,1132,1
"473","14",4,132,0,0,1,1,0,0,-2.0275478,NA,NA,NA,NA,33,1,1,0.05859375,1132,1
"474","R_OrElvenA9UGQ54B",2,122,0,1,0,1,0,0,-2.0275478,NA,NA,NA,NA,31,9,1,0.03515625,1122,1
"475","72",2,106,1,0,0,1,0,1,-0.19941407,NA,NA,NA,NA,27,18,1,0.011811024,1106,1
"476","11",2,128,0,0,0,1,NA,NA,-0.935656,1,1,1,1,32,3,2,0.01953125,2128,1
"477","471",2,55,1,0,0,1,1,1,1.240662,NA,NA,NA,NA,14,40,1,0.00390625,1055,1
"478","153",4,109,0,0,0,0,0,1,-0.19941407,NA,NA,NA,NA,27,15,1,0.062992126,1109,1
"479","83",3,119,0,0,0,0,NA,NA,-0.935656,1,1,1,1,30,11,2,0.015810277,2119,1
"480","396",1,108,1,0,1,0,1,1,1.240662,NA,NA,NA,NA,27,16,1,0.01953125,1108,1
"481","R_1KrvoWf9YM7BSHk",4,72,0,1,1,1,0,1,-0.19941407,NA,NA,NA,NA,18,33,1,0.01968504,1072,1
"482","R_3RqMe3BjW3W6Sek",3,129,0,1,1,1,0,0,-2.0275478,NA,NA,NA,NA,32,2,1,0.01953125,1129,1
"483","116",3,117,1,0,0,0,1,0,-0.5874717,NA,NA,NA,NA,29,12,1,0.050980393,1117,1
"484","90",3,109,0,0,0,1,0,1,-0.19941407,NA,NA,NA,NA,27,15,1,0.035433073,1109,1
"485","327",3,21,0,0,1,1,1,0,-0.5874717,NA,NA,NA,NA,5,66,1,0.004048583,1021,1
"486","153",3,120,1,0,0,1,NA,NA,-2.033136,1,1,1,0,30,10,2,0.019607844,2120,1
"487","178",2,67,0,0,0,1,NA,NA,-0.75050765,0,0,0,0,17,35,2,0.003937008,2067,1
"488","R_2whrenhm2xBz1Sb",3,90,0,1,1,1,NA,NA,-0.75050765,0,0,0,0,23,25,2,0.003921569,2090,1
"489","105",3,125,0,0,1,0,0,1,-0.19941407,NA,NA,NA,NA,31,6,1,0.08695652,1125,1
"490","118",3,112,0,0,1,0,0,1,-0.19941407,NA,NA,NA,NA,28,14,1,0.047244094,1112,1
"491","R_2e5rVxZM0ufPLb7",2,51,1,1,0,0,1,1,1.240662,NA,NA,NA,NA,13,45,1,0.004716981,1051,1
"492","179",2,11,0,0,0,0,NA,NA,-0.935656,1,1,1,1,3,71,2,0.007843138,2011,1
"493","386",4,130,1,0,0,0,0,0,-2.0275478,NA,NA,NA,NA,33,2,1,0.04296875,1130,1
"494","R_1QhEUIHmpWCPgw4",3,80,1,1,1,0,0,1,-0.19941407,NA,NA,NA,NA,20,29,1,0.015625,1080,1
"495","477",4,38,1,0,1,1,0,1,-0.19941407,NA,NA,NA,NA,10,53,1,0.0054644807,1038,1
"496","384",4,124,1,0,0,1,1,1,1.240662,NA,NA,NA,NA,31,7,1,0.03952569,1124,1
"497","215",3,109,1,0,1,0,NA,NA,1.5180721,0,1,0,1,27,15,2,0.003937008,2109,1
"498","67",2,109,0,0,0,1,0,0,-2.0275478,NA,NA,NA,NA,27,15,1,0.011811024,1109,1
"499","81",3,125,0,0,1,1,1,1,1.240662,NA,NA,NA,NA,31,6,1,0.04743083,1125,1
"500","R_u23IOa6cRgmMIUh",3,109,0,1,0,1,0,0,-2.0275478,NA,NA,NA,NA,27,15,1,0.04330709,1109,1
"501","238",3,58,0,0,0,1,0,1,-0.19941407,NA,NA,NA,NA,15,38,1,0.014705882,1058,1
"502","R_3n1uEpWWQFhMXK1",3,68,0,1,1,0,NA,NA,-0.75050765,0,0,0,0,17,34,2,0.007843138,2068,1
"503","R_1rpjZEpgMCZmXNS",3,70,1,1,0,0,NA,NA,-0.75050765,0,0,0,0,18,33,2,0.003921569,2070,1
"504","R_33g1mezEx9GUWwb",3,111,0,1,1,0,NA,NA,-0.75050765,0,0,0,0,28,15,2,0.044354837,2111,1
"505","R_PSbMgjx6qgP4vPb",3,118,1,1,1,1,NA,NA,-0.75050765,0,0,0,0,30,11,2,0.007905139,2118,1
"506","173",3,110,0,0,0,1,1,1,1.240662,NA,NA,NA,NA,28,15,1,0.027559055,1110,1
"507","R_3gX2UzqZ2ghvYe5",1,67,0,1,0,1,NA,NA,-0.75050765,0,0,0,0,17,35,2,0.007874016,2067,1
"508","178",2,132,0,0,1,0,0,1,-0.19941407,NA,NA,NA,NA,33,1,1,0.046875,1132,1
"509","3",3,130,1,0,0,0,1,1,1.240662,NA,NA,NA,NA,33,2,1,0.0703125,1130,1
"510","R_1qfwHShAhwNjLVm",3,113,1,1,0,0,0,0,-2.0275478,NA,NA,NA,NA,28,14,1,0.00390625,1113,1
"511","R_WAH6h8mx9DWwFhL",4,71,0,1,1,1,NA,NA,-0.75050765,0,0,0,0,18,33,2,0.003937008,2071,1
"512","R_AzfceEbWMEGWBFv",2,119,0,1,1,1,0,1,-0.19941407,NA,NA,NA,NA,30,11,1,0.019762846,1119,1
"513","407",3,113,1,0,0,1,0,1,-0.19941407,NA,NA,NA,NA,28,14,1,0.01953125,1113,1
"514","169",3,120,0,0,0,1,0,0,-2.0275478,NA,NA,NA,NA,30,10,1,0.019607844,1120,1
"515","351",3,127,1,0,1,0,1,1,1.240662,NA,NA,NA,NA,32,4,1,0.02734375,1127,1
"516","R_3k6QDOmd6xBHiph",2,114,0,1,1,0,1,1,1.240662,NA,NA,NA,NA,29,13,1,0.05179283,1114,1
"517","R_TpT8guqCQUl2KXL",3,121,0,1,1,0,NA,NA,-0.75050765,0,0,0,0,30,9,2,0.01968504,2121,1
"518","R_2v01BzSAszdjdiG",2,92,0,1,0,1,1,1,1.240662,NA,NA,NA,NA,23,25,1,0.019607844,1092,1
"519","150",2,109,0,0,0,0,0,1,-0.19941407,NA,NA,NA,NA,27,15,1,0.03937008,1109,1
"520","215",2,132,0,0,1,1,0,1,-0.19941407,NA,NA,NA,NA,33,1,1,0.08203125,1132,1
"521","74",3,111,0,0,1,0,NA,NA,1.5180721,0,1,0,1,28,15,2,0.004032258,2111,1
"522","304",5,128,1,0,0,0,1,1,1.240662,NA,NA,NA,NA,32,3,1,0.01953125,1128,1
"523","139",3,102,0,0,0,0,0,0,-2.0275478,NA,NA,NA,NA,26,20,1,0.011811024,1102,1
"524","75",2,67,0,0,1,1,0,1,-0.19941407,NA,NA,NA,NA,17,35,1,0.007874016,1067,1
"525","181",4,116,0,0,1,1,1,1,1.240662,NA,NA,NA,NA,29,12,1,0.06666667,1116,1
"526","369",2,130,1,0,0,1,0,0,-2.0275478,NA,NA,NA,NA,33,2,1,0.01171875,1130,1
"527","65",2,100,0,0,1,1,NA,NA,0.25747636,0,1,1,1,25,21,2,0.008064516,2100,1
"528","92",2,126,0,0,0,0,1,NA,1.8543671,NA,NA,NA,NA,32,5,1,0.02008032,1126,1
"529","R_333dVdnnh3ZOtCg",4,110,1,1,0,1,NA,NA,-0.75050765,0,0,0,0,28,15,2,0.01968504,2110,1
"530","176",5,132,1,0,1,0,NA,NA,1.5180721,0,1,0,1,33,1,2,0.02734375,2132,1
"531","446",2,129,0,0,1,1,0,0,-2.0275478,NA,NA,NA,NA,32,2,1,0.0390625,1129,1
"532","186",3,126,0,0,0,1,0,0,-2.0275478,NA,NA,NA,NA,32,5,1,0.012048192,1126,1
"533","R_1lB6sv5OFAz8YgX",1,4,1,1,0,1,1,1,1.240662,NA,NA,NA,NA,1,74,1,0.007874016,1004,1
"534","190",2,121,0,0,1,0,NA,NA,0.3249398,1,1,0,1,30,9,2,0.027559055,2121,1
"535","R_3Ny6u1H9fdFKoLg",2,103,1,1,1,1,1,1,1.240662,NA,NA,NA,NA,26,19,1,0.003937008,1103,1
"536","13",3,113,1,0,0,0,0,1,-0.19941407,NA,NA,NA,NA,28,14,1,0.0625,1113,1
"537","R_2Siyoq3Zx4n9uIa",4,115,1,1,0,1,0,1,-0.19941407,NA,NA,NA,NA,29,13,1,0.05859375,1115,1
"538","127",3,129,1,0,1,1,NA,NA,0.3249398,1,1,0,1,32,2,2,0.0234375,2129,1
"539","R_3MPyTfavOVnmjJr",1,108,1,1,1,1,0,1,-0.19941407,NA,NA,NA,NA,27,16,1,0.0390625,1108,1
"540","216",3,69,0,0,0,0,0,1,-0.19941407,NA,NA,NA,NA,17,34,1,0.015748031,1069,1
"541","59",1,60,0,0,1,0,NA,NA,0.42059216,0,1,0,0,15,37,2,0.008474576,2060,1
"542","368",2,130,1,0,0,0,0,1,-0.19941407,NA,NA,NA,NA,33,2,1,0.05859375,1130,1
"543","R_1Dx6mjLmLAkzugJ",3,128,1,1,0,0,1,1,1.240662,NA,NA,NA,NA,32,3,1,0.0234375,1128,1
"544","R_3M9UB0zosl1lUC8",3,129,0,1,1,1,0,1,-0.19941407,NA,NA,NA,NA,32,2,1,0.03515625,1129,1
"545","379",3,128,1,0,0,0,0,1,-0.19941407,NA,NA,NA,NA,32,3,1,0.0703125,1128,1
"546","116",3,130,1,0,1,1,NA,NA,1.5180721,0,1,0,1,33,2,2,0.01171875,2130,1
"547","85",2,124,1,0,0,1,1,1,1.240662,NA,NA,NA,NA,31,7,1,0.031620555,1124,1
"548","236",2,125,0,0,1,0,0,1,-0.19941407,NA,NA,NA,NA,31,6,1,0.007905139,1125,1
"549","167",3,117,0,0,1,0,NA,NA,1.5180721,0,1,0,1,29,12,2,0.007843138,2117,1
"550","441",4,128,1,0,0,1,1,1,1.240662,NA,NA,NA,NA,32,3,1,0.03515625,1128,1
"551","R_4HgJt4st1W4KX0R",2,28,0,1,1,1,1,1,1.240662,NA,NA,NA,NA,7,61,1,0.0116959065,1028,1
"552","R_wYlSUKJK6Sb8vbr",3,77,0,1,1,1,NA,NA,-0.75050765,0,0,0,0,19,31,2,0.011857707,2077,1
"553","195",2,130,1,0,1,0,NA,NA,0.3249398,1,1,0,1,33,2,2,0.01953125,2130,1
"554","R_UnbVsY5rJTncl4R",3,117,1,1,0,1,1,1,1.240662,NA,NA,NA,NA,29,12,1,0.043137256,1117,1
"555","202",2,132,0,0,1,1,0,1,-0.19941407,NA,NA,NA,NA,33,1,1,0.01953125,1132,1
"556","294",2,115,1,0,0,1,1,1,1.240662,NA,NA,NA,NA,29,13,1,0.06640625,1115,1
"557","378",4,127,1,0,1,0,0,0,-2.0275478,NA,NA,NA,NA,32,4,1,0.01171875,1127,1
"558","R_3kb076ZijypTrJG",3,131,0,1,1,0,0,1,-0.19941407,NA,NA,NA,NA,33,1,1,0.06640625,1131,1
"559","127",3,79,0,0,1,1,1,1,1.240662,NA,NA,NA,NA,20,29,1,0.007874016,1079,1
"560","130",3,129,1,0,1,1,NA,NA,-0.75050765,0,0,0,0,32,2,2,0.00390625,2129,1
"561","117",2,131,0,0,0,0,NA,NA,0.42059216,0,1,0,0,33,1,2,0.015625,2131,1
"562","187",2,114,0,0,1,0,0,1,-0.19941407,NA,NA,NA,NA,29,13,1,0.043824703,1114,1
"563","392",3,121,1,0,1,0,0,0,-2.0275478,NA,NA,NA,NA,30,9,1,0.015748031,1121,1
"564","R_3JaAhMAepFMo7gl",2,122,0,1,0,1,1,1,1.240662,NA,NA,NA,NA,31,9,1,0.01171875,1122,1
"565","448",3,74,0,0,0,0,1,1,1.240662,NA,NA,NA,NA,19,32,1,0.015625,1074,1
"566","180",2,120,0,0,0,1,0,1,-0.19941407,NA,NA,NA,NA,30,10,1,0.03529412,1120,1
"567","164",2,130,1,0,0,1,0,0,-2.0275478,NA,NA,NA,NA,33,2,1,0.03125,1130,1
"568","114",4,127,0,0,1,1,NA,NA,1.5180721,0,1,0,1,32,4,2,0.02734375,2127,1
"569","291",4,61,1,0,0,0,0,1,-0.19941407,NA,NA,NA,NA,15,37,1,0.011764706,1061,1
"570","132",3,127,0,0,1,1,NA,NA,-0.935656,1,1,1,1,32,4,2,0.015625,2127,1
"571","1",4,122,1,0,1,0,NA,NA,1.5180721,0,1,0,1,31,9,2,0.0234375,2122,1
"572","83",2,128,1,0,0,1,0,1,-0.19941407,NA,NA,NA,NA,32,3,1,0.00390625,1128,1
"573","137",2,133,0,0,0,1,NA,NA,0.42059216,0,1,0,0,33,1,2,0.05882353,2133,1
"574","R_3fjUZN8sG3cy1vz",3,109,0,1,0,0,1,0,-0.5874717,NA,NA,NA,NA,27,15,1,0.015748031,1109,1
"575","235",3,125,0,0,1,1,0,NA,-1.0257847,NA,NA,NA,NA,31,6,1,0.05928854,1125,1
"576","334",3,128,1,0,0,0,0,0,-2.0275478,NA,NA,NA,NA,32,3,1,0.04296875,1128,1
"577","R_RC6t2HMtYxsJ26Z",2,80,0,1,1,0,NA,NA,-0.75050765,0,0,0,0,20,29,2,0.00390625,2080,1
"578","227",3,83,0,0,1,1,0,1,-0.19941407,NA,NA,NA,NA,21,28,1,0.01171875,1083,1
"579","82",4,115,1,0,1,1,NA,NA,1.5180721,0,1,0,1,29,13,2,0.0234375,2115,1
"580","R_12c0BFuUaGnE8eX",3,101,1,1,0,0,NA,NA,-0.75050765,0,0,0,0,25,21,2,0.003921569,2101,1
"581","492",4,13,1,0,1,0,0,1,-0.19941407,NA,NA,NA,NA,3,70,1,0.015625,1013,1
"582","R_1DvFJzucg9F5LVz",4,132,1,1,1,1,NA,NA,-0.75050765,0,0,0,0,33,1,2,0.01171875,2132,1
"583","R_2WGOYRrFGEEq68Z",2,133,0,1,0,1,NA,NA,-0.75050765,0,0,0,0,33,1,2,0.033613447,2133,1
"584","417",3,108,1,0,1,1,1,1,1.240662,NA,NA,NA,NA,27,16,1,0.04296875,1108,1
"585","328",3,21,0,0,1,1,1,0,-0.5874717,NA,NA,NA,NA,5,66,1,0.008097166,1021,1
"586","R_2v847GZ61kyWRxQ",3,70,1,1,0,1,NA,NA,-0.75050765,0,0,0,0,18,33,2,0.011764706,2070,1
"587","129",2,132,1,0,1,0,NA,NA,0.42059216,0,1,0,0,33,1,2,0.03125,2132,1
"588","255",4,127,1,0,1,1,0,1,-0.19941407,NA,NA,NA,NA,32,4,1,0.0390625,1127,1
"589","76",2,111,0,0,1,0,NA,NA,-0.75050765,0,0,0,0,28,15,2,0.008064516,2111,1
"590","121",2,132,1,0,1,0,NA,NA,0.42059216,0,1,0,0,33,1,2,0.015625,2132,1
"591","39",2,52,1,0,1,0,NA,NA,0.34697226,0,0,0,1,13,44,2,0.0070422534,2052,1
"592","487",2,24,1,0,0,1,0,1,-0.19941407,NA,NA,NA,NA,6,64,1,0.00990099,1024,1
"593","70",3,132,0,0,1,0,1,1,1.240662,NA,NA,NA,NA,33,1,1,0.03515625,1132,1
"594","61",2,111,1,0,1,0,0,1,-0.19941407,NA,NA,NA,NA,28,15,1,0.016129032,1111,1
"595","243",2,132,0,0,1,0,1,1,1.240662,NA,NA,NA,NA,33,1,1,0.0234375,1132,1
"596","105",2,111,0,0,1,1,NA,NA,-0.935656,1,1,1,1,28,15,2,0.04032258,2111,1
"597","R_OjNBfeHE1uKh961",3,97,1,1,1,1,1,1,1.240662,NA,NA,NA,NA,24,23,1,0.0078125,1097,1
"598","147",4,101,0,0,0,0,0,1,-0.19941407,NA,NA,NA,NA,25,21,1,0.003921569,1101,1
"599","R_RQ9yAUkEexVN9ER",2,113,1,1,0,0,1,1,1.240662,NA,NA,NA,NA,28,14,1,0.0234375,1113,1
"600","204",4,54,0,0,1,0,NA,NA,0.3249398,1,1,0,1,14,41,2,0.007874016,2054,1
"601","163",4,125,0,0,1,0,0,1,-0.19941407,NA,NA,NA,NA,31,6,1,0.031620555,1125,1
"602","280",2,93,1,0,1,0,0,1,-0.19941407,NA,NA,NA,NA,23,24,1,0.0039525693,1093,1
"603","424",3,94,1,0,1,1,1,1,1.240662,NA,NA,NA,NA,24,24,1,0.004,1094,1
"604","136",2,130,1,0,1,0,NA,NA,-1.9436399,1,0,0,0,33,2,2,0.00390625,2130,1
"605","219",3,131,0,0,1,1,0,0,-2.0275478,NA,NA,NA,NA,33,1,1,0.04296875,1131,1
"606","290",3,133,1,0,0,0,0,1,-0.19941407,NA,NA,NA,NA,33,1,1,0.16806723,1133,1
"607","85",3,116,1,0,0,1,NA,NA,0.3249398,1,1,0,1,29,12,2,0.011764706,2116,1
"608","72",3,113,0,0,1,0,NA,NA,0.25747636,0,1,1,1,28,14,2,0.0078125,2113,1
"609","154",2,125,0,0,1,0,0,1,-0.19941407,NA,NA,NA,NA,31,6,1,0.0039525693,1125,1
"610","374",2,133,1,0,0,0,1,1,1.240662,NA,NA,NA,NA,33,1,1,0.042016808,1133,1
"611","24",2,111,0,0,1,1,NA,NA,1.5180721,0,1,0,1,28,15,2,0.03629032,2111,1
"612","R_3nIZd1RpbuwzRVB",3,108,1,1,1,0,0,1,-0.19941407,NA,NA,NA,NA,27,16,1,0.01171875,1108,1
"613","330",2,130,1,0,0,1,0,0,-2.0275478,NA,NA,NA,NA,33,2,1,0.0390625,1130,1
"614","R_3JfRWwUFdcigTEC",1,117,1,1,0,0,0,1,-0.19941407,NA,NA,NA,NA,29,12,1,0.06666667,1117,1
"615","32",2,11,0,0,0,0,1,1,1.240662,NA,NA,NA,NA,3,71,1,0.007843138,1011,1
"616","414",2,108,1,0,1,1,1,1,1.240662,NA,NA,NA,NA,27,16,1,0.00390625,1108,1
"617","322",2,44,0,0,1,0,0,1,-0.19941407,NA,NA,NA,NA,11,50,1,0.005154639,1044,0
"618","29",2,11,0,0,0,0,NA,NA,0.42059216,0,1,0,0,3,71,2,0.003921569,2011,0
"619","496",2,70,1,0,0,0,0,1,-0.19941407,NA,NA,NA,NA,18,33,1,0.007843138,1070,0
"620","173",2,79,1,0,1,0,NA,NA,0.3249398,1,1,0,1,20,29,2,0.015748031,2079,0
"621","6",3,122,0,0,0,0,0,0,-2.0275478,NA,NA,NA,NA,31,9,1,0.0390625,1122,0
"622","213",3,125,0,0,1,0,0,0,-2.0275478,NA,NA,NA,NA,31,6,1,0.08300395,1125,0
"623","122",2,109,0,0,0,0,1,1,1.240662,NA,NA,NA,NA,27,15,1,0.051181104,1109,0
"624","214",2,109,1,0,1,1,NA,NA,0.42059216,0,1,0,0,27,15,2,0.031496063,2109,1
"625","364",4,133,1,0,0,0,0,0,-2.0275478,NA,NA,NA,NA,33,1,1,0.15126051,1133,1
"626","140",2,109,0,0,0,1,1,1,1.240662,NA,NA,NA,NA,27,15,1,0.027559055,1109,1
"627","309",3,124,1,0,0,1,1,1,1.240662,NA,NA,NA,NA,31,7,1,0.027667984,1124,1
"628","371",2,130,1,0,0,0,0,1,-0.19941407,NA,NA,NA,NA,33,2,1,0.0078125,1130,1
"629","120",3,92,0,0,0,0,1,0,-0.5874717,NA,NA,NA,NA,23,25,1,0.003921569,1092,0
"630","223",4,114,0,0,1,0,0,1,-0.19941407,NA,NA,NA,NA,29,13,1,0.027888447,1114,0
"631","208",3,133,0,0,0,1,NA,NA,-0.935656,1,1,1,1,33,1,2,0.067226894,2133,0
"632","71",4,96,0,0,0,0,0,1,-0.19941407,NA,NA,NA,NA,24,23,1,0.003921569,1096,0
"633","42",2,31,1,0,0,0,NA,NA,-0.75050765,0,0,0,0,8,58,2,0.010869565,2031,1
"634","444",3,114,0,0,1,0,1,1,1.240662,NA,NA,NA,NA,29,13,1,0.03187251,1114,1
"635","67",3,54,0,0,1,0,NA,NA,1.5180721,0,1,0,1,14,41,2,0.003937008,2054,1
"636","51",2,129,0,0,1,1,1,0,-0.5874717,NA,NA,NA,NA,32,2,1,0.03125,1129,1
"637","273",3,54,0,0,1,0,0,1,-0.19941407,NA,NA,NA,NA,14,41,1,0.01968504,1054,1
"638","228",3,76,1,0,0,0,NA,NA,-0.935656,1,1,1,1,19,31,2,0.007843138,2076,1
"639","12",2,109,1,0,1,0,NA,NA,1.5180721,0,1,0,1,27,15,2,0.007874016,2109,1
"640","393",3,88,1,0,1,1,0,1,-0.19941407,NA,NA,NA,NA,22,26,1,0.011764706,1088,1
"641","119",3,131,0,0,0,1,NA,NA,1.5180721,0,1,0,1,33,1,2,0.03125,2131,1
"642","157",5,113,1,0,0,1,0,1,-0.19941407,NA,NA,NA,NA,28,14,1,0.02734375,1113,1
"643","17",2,108,1,0,1,0,1,1,1.240662,NA,NA,NA,NA,27,16,1,0.05859375,1108,1
"644","R_1nOfsiVo8eGJKry",2,122,0,1,0,1,0,1,-0.19941407,NA,NA,NA,NA,31,9,1,0.01953125,1122,1
"645","R_11i531ea775hGVx",4,131,0,1,1,0,1,0,-0.5874717,NA,NA,NA,NA,33,1,1,0.05078125,1131,1
"646","302",4,118,1,0,0,1,0,1,-0.19941407,NA,NA,NA,NA,30,11,1,0.015810277,1118,1
"647","108",2,125,0,0,1,1,1,0,-0.5874717,NA,NA,NA,NA,31,6,1,0.06324111,1125,0
"648","R_8pEWRmKvepg8Q49",2,92,0,1,0,0,0,1,-0.19941407,NA,NA,NA,NA,23,25,1,0.007843138,1092,1
"649","248",1,31,0,0,1,0,0,0,-2.0275478,NA,NA,NA,NA,8,58,1,0.02173913,1031,1
"650","475",2,37,1,0,1,0,1,1,1.240662,NA,NA,NA,NA,9,53,1,0.020689655,1037,0
"651","207",2,101,0,0,0,1,0,1,-0.19941407,NA,NA,NA,NA,25,21,1,0.007843138,1101,0
"652","R_57JmF8k7tuXCVRT",3,39,0,1,0,0,1,0,-0.5874717,NA,NA,NA,NA,10,52,1,0.016806724,1039,1
"653","R_1plmGJ3NZRI1jhD",2,75,0,1,0,1,NA,NA,-0.75050765,0,0,0,0,19,32,2,0.00390625,2075,1
"654","R_1d64t24bzavjkHJ",2,75,1,1,1,1,1,1,1.240662,NA,NA,NA,NA,19,32,1,0.01171875,1075,1
"655","171",2,106,1,0,1,0,NA,NA,-0.84000367,0,1,1,0,27,18,2,0.007874016,2106,0
"656","33",3,15,1,0,0,1,0,0,-2.0275478,NA,NA,NA,NA,4,69,1,0.008,1015,0
"657","370",4,105,1,0,1,1,0,1,-0.19941407,NA,NA,NA,NA,26,18,1,0.01171875,1105,0
"658","324",3,63,1,0,0,0,1,1,1.240662,NA,NA,NA,NA,16,37,1,0.02173913,1063,0
"659","53",3,119,0,0,1,1,1,1,1.240662,NA,NA,NA,NA,30,11,1,0.031620555,1119,0
"660","162",2,111,0,0,1,1,NA,NA,0.3249398,1,1,0,1,28,15,2,0.032258064,2111,0
"661","R_3JJfjiZP8XTGAC1",2,124,1,1,0,1,0,0,-2.0275478,NA,NA,NA,NA,31,7,1,0.0039525693,1124,0
"662","498",1,121,1,0,1,0,0,0,-2.0275478,NA,NA,NA,NA,30,9,1,0.027559055,1121,0
"663","49",3,32,0,0,1,0,1,0,-0.5874717,NA,NA,NA,NA,8,57,1,0.033333335,1032,0
"664","332",3,111,1,0,1,1,1,1,1.240662,NA,NA,NA,NA,28,15,1,0.03629032,1111,0
"665","66",0,126,0,0,0,0,0,1,-0.19941407,NA,NA,NA,NA,32,5,1,0.032128513,1126,0
"666","165",3,69,0,0,0,0,0,1,-0.19941407,NA,NA,NA,NA,17,34,1,0.003937008,1069,0
"667","2",2,132,1,0,1,1,NA,NA,1.5180721,0,1,0,1,33,1,2,0.0234375,2132,0
"668","143",1,129,0,0,1,0,1,1,1.240662,NA,NA,NA,NA,32,2,1,0.0078125,1129,0
"669","199",3,69,1,0,0,0,NA,NA,-0.75050765,0,0,0,0,17,34,2,0.003937008,2069,0
"670","354",1,133,1,0,0,1,1,1,1.240662,NA,NA,NA,NA,33,1,1,0.067226894,1133,0
"671","35",3,132,0,0,1,1,1,1,1.240662,NA,NA,NA,NA,33,1,1,0.06640625,1132,0
"672","380",1,128,1,0,0,1,0,1,-0.19941407,NA,NA,NA,NA,32,3,1,0.046875,1128,0
"673","296",3,21,0,0,1,1,1,1,1.240662,NA,NA,NA,NA,5,66,1,0.012145749,1021,0
"674","148",3,82,0,0,1,1,NA,NA,-0.935656,1,1,1,1,21,29,2,0.00390625,2082,0
"675","246",2,126,0,0,0,1,1,1,1.240662,NA,NA,NA,NA,32,5,1,0.024096385,1126,0
"676","58",3,133,1,0,0,0,1,1,1.240662,NA,NA,NA,NA,33,1,1,0.12605043,1133,0
"677","268",2,49,0,0,1,1,0,0,-2.0275478,NA,NA,NA,NA,12,46,1,0.008547009,1049,0
"678","R_33rGDVCCI2bS1lj",3,57,0,1,1,0,1,1,1.240662,NA,NA,NA,NA,14,38,1,0.009009009,1057,0
"679","450",2,128,1,0,0,0,0,0,-2.0275478,NA,NA,NA,NA,32,3,1,0.02734375,1128,0
"680","483",3,17,1,0,1,0,0,0,-2.0275478,NA,NA,NA,NA,4,68,1,0.0078125,1017,0
"681","321",2,133,1,0,0,0,0,NA,-1.0257847,NA,NA,NA,NA,33,1,1,0.11764706,1133,0
"682","188",2,128,0,0,0,0,NA,NA,0.25747636,0,1,1,1,32,3,2,0.0078125,2128,0
"683","210",2,81,1,0,0,0,NA,NA,1.5180721,0,1,0,1,20,29,2,0.00390625,2081,0
"684","222",3,133,1,0,0,1,0,1,-0.19941407,NA,NA,NA,NA,33,1,1,0.033613447,1133,0
"685","47",2,114,0,0,1,0,1,1,1.240662,NA,NA,NA,NA,29,13,1,0.007968128,1114,0
"686","80",2,121,0,0,1,0,NA,NA,1.5180721,0,1,0,1,30,9,2,0.015748031,2121,0
"687","117",2,81,0,0,0,0,0,1,-0.19941407,NA,NA,NA,NA,20,29,1,0.00390625,1081,0
"688","1",3,121,1,0,1,0,0,1,-0.19941407,NA,NA,NA,NA,30,9,1,0.023622047,1121,0
"689","338",3,52,1,0,1,0,0,1,-0.19941407,NA,NA,NA,NA,13,44,1,0.0070422534,1052,0
"690","146",3,131,0,0,0,1,NA,NA,0.25747636,0,1,1,1,33,1,2,0.0234375,2131,0
"691","R_bsE4ozta7j9DSRb",2,116,0,1,1,0,1,1,1.240662,NA,NA,NA,NA,29,12,1,0.003921569,1116,0
"692","356",3,133,1,0,0,0,0,1,-0.19941407,NA,NA,NA,NA,33,1,1,0.075630255,1133,1
"693","263",NA,115,1,0,0,1,0,1,-0.19941407,NA,NA,NA,NA,29,13,1,0.05078125,1115,1
"694","R_6FOmPyghQf3jBYt",3,128,0,1,0,0,NA,NA,-0.75050765,0,0,0,0,32,3,2,0.01171875,2128,1
"695","177",2,101,1,0,0,1,NA,NA,-0.935656,1,1,1,1,25,21,2,0.011764706,2101,1
"696","465",3,63,1,0,0,0,0,1,-0.19941407,NA,NA,NA,NA,16,37,1,0.010869565,1063,1
"697","52",3,129,0,0,1,0,1,1,1.240662,NA,NA,NA,NA,32,2,1,0.05078125,1129,1
"698","429",4,78,1,0,0,0,0,1,-0.19941407,NA,NA,NA,NA,20,30,1,0.015625,1078,1
"699","157",2,113,0,0,1,1,NA,NA,0.3249398,1,1,0,1,28,14,2,0.015625,2113,1
"700","92",2,109,1,0,1,1,NA,NA,0.3249398,1,1,0,1,27,15,2,0.03937008,2109,1
"701","61",2,79,1,0,1,0,NA,NA,-0.75050765,0,0,0,0,20,29,2,0.003937008,2079,1
"702","35",2,7,0,0,0,0,NA,NA,0.42059216,0,1,0,0,2,73,2,0.00390625,2007,1
"703","426",2,80,1,0,1,1,1,1,1.240662,NA,NA,NA,NA,20,29,1,0.01171875,1080,1
"704","270",2,113,1,0,0,1,0,1,-0.19941407,NA,NA,NA,NA,28,14,1,0.05859375,1113,1
"705","18",2,109,0,0,0,1,0,1,-0.19941407,NA,NA,NA,NA,27,15,1,0.05511811,1109,1
"706","103",3,115,1,0,1,0,NA,NA,1.5180721,0,1,0,1,29,13,2,0.015625,2115,1
"707","91",4,120,1,0,0,1,NA,NA,-0.935656,1,1,1,1,30,10,2,0.015686275,2120,1
"708","135",3,109,0,0,0,0,1,0,-0.5874717,NA,NA,NA,NA,27,15,1,0.047244094,1109,1
"709","12",2,124,1,0,0,0,1,0,-0.5874717,NA,NA,NA,NA,31,7,1,0.015810277,1124,1
"710","415",2,106,1,0,0,0,0,1,-0.19941407,NA,NA,NA,NA,27,18,1,0.01968504,1106,1
"711","314",2,44,0,0,1,1,0,1,-0.19941407,NA,NA,NA,NA,11,50,1,0.0154639175,1044,1
"712","265",3,108,1,0,1,0,1,1,1.240662,NA,NA,NA,NA,27,16,1,0.0703125,1108,1
"713","308",4,121,1,0,1,1,1,1,1.240662,NA,NA,NA,NA,30,9,1,0.011811024,1121,1
"714","97",2,110,0,0,0,0,0,1,-0.19941407,NA,NA,NA,NA,28,15,1,0.015748031,1110,1
"715","53",3,76,1,0,0,0,NA,NA,-0.935656,1,1,1,1,19,31,2,0.003921569,2076,1
"716","2",3,72,0,0,1,1,1,1,1.240662,NA,NA,NA,NA,18,33,1,0.011811024,1072,1
"717","37",3,53,0,0,0,0,0,1,-0.19941407,NA,NA,NA,NA,13,44,1,0.018348623,1053,1
"718","131",1,133,0,0,0,1,NA,NA,-0.77254015,1,1,0,0,33,1,2,0.05042017,2133,1
"719","283",2,115,1,0,0,0,1,1,1.240662,NA,NA,NA,NA,29,13,1,0.0625,1115,1
"720","R_2vdWyVoLodffCEI",4,131,0,1,1,0,0,1,-0.19941407,NA,NA,NA,NA,33,1,1,0.0390625,1131,1
"721","R_1K2TV4OgZ7mtnoX",4,108,1,1,1,1,0,0,-2.0275478,NA,NA,NA,NA,27,16,1,0.015625,1108,1
"722","R_1GWFi3SKE50HDem",3,42,0,1,0,0,1,1,1.240662,NA,NA,NA,NA,11,51,1,0.019607844,1042,1
"723","295",3,42,0,0,0,0,1,1,1.240662,NA,NA,NA,NA,11,51,1,0.039215688,1042,1
"724","257",0,127,1,0,1,1,1,1,1.240662,NA,NA,NA,NA,32,4,1,0.04296875,1127,0
"725","161",3,116,0,0,1,0,0,1,-0.19941407,NA,NA,NA,NA,29,12,1,0.05490196,1116,0
"726","490",4,13,1,0,1,0,1,0,-0.5874717,NA,NA,NA,NA,3,70,1,0.00390625,1013,0
"727","38",2,128,1,0,0,1,1,1,1.240662,NA,NA,NA,NA,32,3,1,0.0078125,1128,0
"728","102",3,112,1,0,0,1,NA,NA,-2.0111036,0,0,1,0,28,14,2,0.007874016,2112,0
"729","300",3,117,1,0,0,1,0,0,-2.0275478,NA,NA,NA,NA,29,12,1,0.03529412,1117,0
"730","437",1,13,1,0,1,0,0,1,-0.19941407,NA,NA,NA,NA,3,70,1,0.01171875,1013,0
"731","73",3,112,0,0,1,1,0,1,-0.19941407,NA,NA,NA,NA,28,14,1,0.007874016,1112,0
"732","163",2,128,0,0,0,0,NA,NA,0.42059216,0,1,0,0,32,3,2,0.0234375,2128,0
"733","184",3,129,0,0,1,0,1,0,-0.5874717,NA,NA,NA,NA,32,2,1,0.015625,1129,0
"734","23",2,120,0,0,0,0,0,1,-0.19941407,NA,NA,NA,NA,30,10,1,0.039215688,1120,0
"735","96",3,113,1,0,0,0,0,1,-0.19941407,NA,NA,NA,NA,28,14,1,0.0078125,1113,0
"736","151",3,128,1,0,0,0,0,1,-0.19941407,NA,NA,NA,NA,32,3,1,0.07421875,1128,0
"737","R_2pJFNY5NX32Q4jJ",1,125,0,1,1,0,0,1,-0.19941407,NA,NA,NA,NA,31,6,1,0.04347826,1125,0
"738","495",2,114,0,0,1,0,0,1,-0.19941407,NA,NA,NA,NA,29,13,1,0.047808766,1114,0
"739","174",2,110,0,0,0,1,0,1,-0.19941407,NA,NA,NA,NA,28,15,1,0.011811024,1110,0
"740","R_1jOJOehqSrPWMXx",3,127,1,1,1,0,0,1,-0.19941407,NA,NA,NA,NA,32,4,1,0.015625,1127,0
"741","104",2,131,0,0,1,1,0,1,-0.19941407,NA,NA,NA,NA,33,1,1,0.03515625,1131,0
"742","161",3,107,0,0,0,0,NA,NA,0.42059216,0,1,0,0,27,17,2,0.00390625,2107,0
"743","389",2,118,1,0,0,1,0,1,-0.19941407,NA,NA,NA,NA,30,11,1,0.019762846,1118,0
"744","401",3,75,1,0,1,0,1,1,1.240662,NA,NA,NA,NA,19,32,1,0.00390625,1075,0
"745","205",3,101,1,0,0,0,NA,NA,0.34697226,0,0,0,1,25,21,2,0.007843138,2101,0
"746","R_3hFjZRPiDuCq7S3",3,75,1,1,1,0,1,1,1.240662,NA,NA,NA,NA,19,32,1,0.0078125,1075,0
"747","158",1,118,1,0,1,1,NA,NA,0.42059216,0,1,0,0,30,11,2,0.0039525693,2118,0
"748","427",2,82,1,0,0,0,1,1,1.240662,NA,NA,NA,NA,21,29,1,0.00390625,1082,0
"749","201",2,11,0,0,0,0,NA,NA,-0.935656,1,1,1,1,3,71,2,0.011764706,2011,0
"750","345",2,84,1,0,1,0,1,1,1.240662,NA,NA,NA,NA,21,27,1,0.003921569,1084,0
"751","472",2,43,1,0,1,0,0,1,-0.19941407,NA,NA,NA,NA,11,50,1,0.00952381,1043,1
"752","86",2,117,0,0,1,1,NA,NA,1.5180721,0,1,0,1,29,12,2,0.011764706,2117,1
"753","462",1,38,1,0,1,1,1,1,1.240662,NA,NA,NA,NA,10,53,1,0.016393442,1038,1
"754","R_RbhMjHM4u8Qs3ex",3,17,0,1,0,1,NA,NA,-0.75050765,0,0,0,0,4,68,2,0.0078125,2017,1
"755","31",4,17,0,0,0,0,NA,NA,0.42059216,0,1,0,0,4,68,2,0.00390625,2017,1
"756","376",2,127,1,0,1,1,0,1,-0.19941407,NA,NA,NA,NA,32,4,1,0.01953125,1127,1
"757","154",3,133,0,0,0,1,NA,NA,-0.935656,1,1,1,1,33,1,2,0.016806724,2133,1
"758","146",2,125,0,0,1,0,1,1,1.240662,NA,NA,NA,NA,31,6,1,0.05533597,1125,1
"759","411",2,106,1,0,0,1,0,1,-0.19941407,NA,NA,NA,NA,27,18,1,0.007874016,1106,1
"760","R_1mOgZiej1El76BE",1,107,0,1,0,1,NA,NA,-0.75050765,0,0,0,0,27,17,2,0.0078125,2107,1
"761","54",3,112,0,0,1,1,0,0,-2.0275478,NA,NA,NA,NA,28,14,1,0.023622047,1112,1
"762","123",2,119,0,0,1,0,1,1,1.240662,NA,NA,NA,NA,30,11,1,0.011857707,1119,1
"763","341",3,111,1,0,1,0,0,1,-0.19941407,NA,NA,NA,NA,28,15,1,0.044354837,1111,1
"764","156",2,131,0,0,1,1,0,1,-0.19941407,NA,NA,NA,NA,33,1,1,0.046875,1131,1
"765","247",2,110,0,0,0,0,0,0,-2.0275478,NA,NA,NA,NA,28,15,1,0.007874016,1110,1
"766","224",4,125,0,0,1,0,NA,NA,0.42059216,0,1,0,0,31,6,2,0.007905139,2125,1
"767","316",3,128,1,0,0,0,0,0,-2.0275478,NA,NA,NA,NA,32,3,1,0.06640625,1128,1
"768","111",2,130,1,0,0,0,0,1,-0.19941407,NA,NA,NA,NA,33,2,1,0.06640625,1130,1
"769","63",3,92,0,0,0,1,NA,NA,1.5180721,0,1,0,1,23,25,2,0.007843138,2092,1
"770","137",4,79,0,0,1,0,1,1,1.240662,NA,NA,NA,NA,20,29,1,0.011811024,1079,1
"771","79",2,113,0,0,1,0,NA,NA,1.5180721,0,1,0,1,28,14,2,0.02734375,2113,1
"772","320",3,107,0,0,1,0,0,0,-2.0275478,NA,NA,NA,NA,27,17,1,0.01953125,1107,1
"773","77",3,85,0,0,0,0,1,0,-0.5874717,NA,NA,NA,NA,21,27,1,0.0040650405,1085,1
"774","R_1kH1KqXI5tpJLjG",4,95,1,1,1,1,NA,NA,-0.75050765,0,0,0,0,24,24,2,0.003937008,2095,1
"775","102",3,60,0,0,1,0,1,1,1.240662,NA,NA,NA,NA,15,37,1,0.008474576,1060,1
"776","48",2,72,1,0,1,1,NA,NA,0.42059216,0,1,0,0,18,33,2,0.003937008,2072,1
"777","169",3,73,0,0,0,0,NA,NA,1.5180721,0,1,0,1,18,33,2,0.015748031,2073,1
"778","230",2,32,0,0,1,1,1,1,1.240662,NA,NA,NA,NA,8,57,1,0.041666668,1032,1
"779","196",2,3,0,0,0,0,NA,NA,1.5180721,0,1,0,1,1,75,2,0.004016064,2003,1
"780","420",3,100,1,0,1,0,0,1,-0.19941407,NA,NA,NA,NA,25,21,1,0.012096774,1100,1
"781","87",3,132,0,0,1,0,0,1,-0.19941407,NA,NA,NA,NA,33,1,1,0.0546875,1132,1
"782","57",3,50,1,0,1,0,NA,NA,0.42059216,0,1,0,0,13,45,2,0.007352941,2050,1
"783","95",2,119,0,0,0,0,NA,NA,0.25747636,0,1,1,1,30,11,2,0.0039525693,2119,1
"784","191",1,110,0,0,0,0,1,1,1.240662,NA,NA,NA,NA,28,15,1,0.003937008,1110,1
"785","355",2,133,1,0,0,1,0,1,-0.19941407,NA,NA,NA,NA,33,1,1,0.084033616,1133,1
"786","R_3LjarXzttWJYTKX",2,114,0,1,1,0,0,1,-0.19941407,NA,NA,NA,NA,29,13,1,0.03984064,1114,1
"787","R_3ER6Iqgt2LwRrXh",2,119,0,1,1,1,0,1,-0.19941407,NA,NA,NA,NA,30,11,1,0.023715414,1119,1
"788","132",2,128,1,0,0,0,0,0,-2.0275478,NA,NA,NA,NA,32,3,1,0.0546875,1128,1
"789","206",3,125,0,0,1,1,NA,NA,-0.935656,1,1,1,1,31,6,2,0.027667984,2125,1
"790","91",4,119,0,0,1,0,0,0,-2.0275478,NA,NA,NA,NA,30,11,1,0.007905139,1119,1
"791","R_2uwThbmEMOoAFhj",2,107,0,1,0,1,NA,NA,1.5180721,0,1,0,1,27,17,2,0.015625,2107,1
"792","R_3GAPJ5Ag40Q6FGl",2,115,1,1,0,0,0,1,-0.19941407,NA,NA,NA,NA,29,13,1,0.0234375,1115,1
"793","388",2,124,1,0,0,1,0,1,-0.19941407,NA,NA,NA,NA,31,7,1,0.019762846,1124,1
"794","R_SJNdRidVNxZxJKN",3,113,1,1,0,1,0,1,-0.19941407,NA,NA,NA,NA,28,14,1,0.015625,1113,1
"795","207",2,64,1,0,0,0,NA,NA,0.42059216,0,1,0,0,16,36,2,0.008928572,2064,1
"796","19",1,53,0,0,0,0,0,1,-0.19941407,NA,NA,NA,NA,13,44,1,0.0091743115,1053,0
"797","457",3,86,1,0,1,0,0,1,-0.19941407,NA,NA,NA,NA,22,27,1,0.007843138,1086,1
"798","43",1,53,0,0,0,0,NA,NA,0.42059216,0,1,0,0,13,44,2,0.0091743115,2053,0
"799","460",2,73,1,0,0,0,0,1,-0.19941407,NA,NA,NA,NA,18,33,1,0.015748031,1073,1
"800","200",2,11,0,0,0,1,0,1,-0.19941407,NA,NA,NA,NA,3,71,1,0.015686275,1011,1
"801","R_1QilLPPGgtXh47v",3,100,0,1,1,0,NA,NA,-0.75050765,0,0,0,0,25,21,2,0.004032258,2100,1
"802","329",3,127,1,0,1,1,1,1,1.240662,NA,NA,NA,NA,32,4,1,0.05078125,1127,1
"803","383",3,127,1,0,1,0,0,1,-0.19941407,NA,NA,NA,NA,32,4,1,0.03125,1127,1
"804","3",3,92,0,0,0,0,NA,NA,0.3249398,1,1,0,1,23,25,2,0.003921569,2092,1
"805","R_1KpE7aiERJxtZeM",2,128,1,1,0,1,0,1,-0.19941407,NA,NA,NA,NA,32,3,1,0.05859375,1128,1
"806","486",4,20,1,0,0,0,1,1,1.240662,NA,NA,NA,NA,5,66,1,0.008695652,1020,1
"807","453",1,108,1,0,1,0,0,1,-0.19941407,NA,NA,NA,NA,27,16,1,0.03125,1108,1
"808","44",1,72,0,0,1,1,0,1,-0.19941407,NA,NA,NA,NA,18,33,1,0.015748031,1072,1
"809","64",3,92,0,0,0,0,NA,NA,NA,0,0,0,0,23,25,2,0.015686275,2092,1
"810","176",2,106,1,0,0,1,0,1,-0.19941407,NA,NA,NA,NA,27,18,1,0.015748031,1106,0
"811","R_PtZDs9cxWLev7lT",2,115,1,1,0,1,0,1,-0.19941407,NA,NA,NA,NA,29,13,1,0.0703125,1115,0
"812","241",2,131,0,0,1,1,0,1,-0.19941407,NA,NA,NA,NA,33,1,1,0.0234375,1131,0
"813","288",4,108,1,0,1,1,0,1,-0.19941407,NA,NA,NA,NA,27,16,1,0.03515625,1108,0
"814","107",3,132,0,0,1,0,1,1,1.240662,NA,NA,NA,NA,33,1,1,0.00390625,1132,0
"815","152",4,132,1,0,1,0,NA,NA,1.5180721,0,1,0,1,33,1,2,0.0078125,2132,0
"816","299",1,78,1,0,0,0,0,1,-0.19941407,NA,NA,NA,NA,20,30,1,0.0078125,1078,0
"817","335",3,117,1,0,0,0,1,1,1.240662,NA,NA,NA,NA,29,12,1,0.015686275,1117,0
"818","4",4,117,0,0,1,0,NA,NA,1.5180721,0,1,0,1,29,12,2,0.015686275,2117,0
"819","261",1,111,1,0,1,0,0,0,-2.0275478,NA,NA,NA,NA,28,15,1,0.048387095,1111,0
"820","68",3,108,0,0,0,1,NA,NA,-0.935656,1,1,1,1,27,16,2,0.00390625,2108,0
"821","21",4,108,1,0,1,1,0,1,-0.19941407,NA,NA,NA,NA,27,16,1,0.0546875,1108,0
"822","R_2Ph9kr64SLGB09z",2,85,0,1,0,0,0,0,-2.0275478,NA,NA,NA,NA,21,27,1,0.008130081,1085,0
"823","63",1,81,0,0,0,1,0,1,-0.19941407,NA,NA,NA,NA,20,29,1,0.01171875,1081,0
"824","217",4,73,0,0,0,0,NA,NA,0.42059216,0,1,0,0,18,33,2,0.011811024,2073,1
"825","469",2,33,1,0,0,0,0,1,-0.19941407,NA,NA,NA,NA,8,56,1,0.004878049,1033,1
"826","192",2,132,0,0,1,1,0,1,-0.19941407,NA,NA,NA,NA,33,1,1,0.078125,1132,1
"827","306",3,108,1,0,1,0,0,1,-0.19941407,NA,NA,NA,NA,27,16,1,0.0078125,1108,1
"828","13",2,129,1,0,1,1,NA,NA,-0.935656,1,1,1,1,32,2,2,0.015625,2129,1
"829","8",2,114,0,0,1,0,0,0,-2.0275478,NA,NA,NA,NA,29,13,1,0.015936255,1114,1
"830","286",4,77,1,0,0,0,0,1,-0.19941407,NA,NA,NA,NA,19,31,1,0.0039525693,1077,1
"831","30",2,8,0,0,1,0,NA,NA,1.5180721,0,1,0,1,2,72,2,0.012658228,2008,1
"832","394",5,88,1,0,1,0,0,1,-0.19941407,NA,NA,NA,NA,22,26,1,0.007843138,1088,1
"833","106",0,121,0,0,1,0,NA,NA,-0.935656,1,1,1,1,30,9,2,0.023622047,2121,1
"834","40",3,129,0,0,1,0,1,1,1.240662,NA,NA,NA,NA,32,2,1,0.01171875,1129,1
"835","58",4,77,0,0,1,0,NA,NA,1.5180721,0,1,0,1,19,31,2,0.007905139,2077,1
"836","134",2,129,0,0,1,1,0,1,-0.19941407,NA,NA,NA,NA,32,2,1,0.04296875,1129,1
"837","166",2,113,0,0,1,1,NA,NA,0.42059216,0,1,0,0,28,14,2,0.0234375,2113,1
"838","405",2,113,1,0,0,1,0,1,-0.19941407,NA,NA,NA,NA,28,14,1,0.03125,1113,1
"839","284",4,30,1,0,0,0,0,1,-0.19941407,NA,NA,NA,NA,8,59,1,0.003937008,1030,0
"840","298",4,54,0,0,1,1,1,0,-0.5874717,NA,NA,NA,NA,14,41,1,0.007874016,1054,0
"841","347",2,124,1,0,0,1,0,1,-0.19941407,NA,NA,NA,NA,31,7,1,0.05928854,1124,0
"842","128",2,124,1,0,0,1,NA,NA,1.5180721,0,1,0,1,31,7,2,0.015810277,2124,0
"843","R_sAIITyjjdrPAsDv",3,72,1,1,1,0,NA,NA,-0.75050765,0,0,0,0,18,33,2,0.01968504,2072,0
"844","205",2,132,0,0,1,1,0,1,-0.19941407,NA,NA,NA,NA,33,1,1,0.07421875,1132,0
"845","193",2,114,0,0,0,0,NA,NA,0.25747636,0,1,1,1,29,13,2,0.01992032,2114,0
"846","28",2,114,0,0,1,1,1,1,1.240662,NA,NA,NA,NA,29,13,1,0.023904383,1114,0
"847","385",4,121,1,0,1,0,0,1,-0.19941407,NA,NA,NA,NA,30,9,1,0.01968504,1121,0
"848","47",4,55,1,0,0,1,NA,NA,1.5180721,0,1,0,1,14,40,2,0.00390625,2055,0
"849","31",NA,107,0,0,1,0,1,NA,1.8543671,NA,NA,NA,NA,27,17,1,0.02734375,1107,0
"850","470",3,55,1,0,0,1,0,1,-0.19941407,NA,NA,NA,NA,14,40,1,0.01171875,1055,0
"851","160",4,9,1,0,0,0,0,1,-0.19941407,NA,NA,NA,NA,2,72,1,0.00390625,1009,0
"852","434",2,34,0,0,1,0,1,1,1.240662,NA,NA,NA,NA,9,56,1,0.005882353,1034,0
"853","27",2,67,0,0,1,1,0,1,-0.19941407,NA,NA,NA,NA,17,35,1,0.015748031,1067,0
"854","26",2,57,0,0,1,1,0,1,-0.19941407,NA,NA,NA,NA,14,38,1,0.0045045046,1057,0
"855","412",4,68,1,0,1,1,1,1,1.240662,NA,NA,NA,NA,17,34,1,0.003921569,1068,0
"856","404",4,9,1,0,0,0,0,1,-0.19941407,NA,NA,NA,NA,2,72,1,0.0078125,1009,0
"857","279",2,2,0,0,1,0,1,1,1.240662,NA,NA,NA,NA,1,75,1,0.003921569,1002,0
"858","416",3,88,1,0,1,0,0,1,-0.19941407,NA,NA,NA,NA,22,26,1,0.015686275,1088,0
"859","138",3,132,0,0,1,0,1,1,1.240662,NA,NA,NA,NA,33,1,1,0.01171875,1132,0
"860","23",2,108,0,0,0,0,NA,NA,0.3249398,1,1,0,1,27,16,2,0.01953125,2108,0
"861","201",3,116,0,0,1,1,1,1,1.240662,NA,NA,NA,NA,29,12,1,0.05882353,1116,0
"862","188",4,129,0,0,1,0,0,1,-0.19941407,NA,NA,NA,NA,32,2,1,0.00390625,1129,0
"863","65",2,41,0,0,1,0,1,1,1.240662,NA,NA,NA,NA,10,51,1,0.010638298,1041,0
"864","62",1,74,0,0,0,0,0,1,-0.19941407,NA,NA,NA,NA,19,32,1,0.0078125,1074,0
"865","22",4,98,1,0,0,0,NA,NA,0.34697226,0,0,0,1,25,22,2,0.003921569,2098,0
"866","106",2,74,0,0,0,0,0,1,-0.19941407,NA,NA,NA,NA,19,32,1,0.01171875,1074,0
"867","59",3,62,0,0,1,1,0,1,-0.19941407,NA,NA,NA,NA,16,37,1,0.005,1062,0
"868","186",2,79,1,0,1,1,NA,NA,1.5180721,0,1,0,1,20,29,2,0.011811024,2079,0
