year,canton,euvote,puop,neighbourban,gerpop,introad,timegdk_98,t1,t1_2,t1_3,pop2,svpregperc,cvpregperc,fdpregperc,leftregperc,tab,spatlag_n,regcul
1998,AG,39.94,22.01,0,89.37243,0.0,0,0.0,0.0,0.0,5.34028,20.0,20.0,40.0,0.0,1.0,,42.165092
1999,AG,39.94,22.01,0,89.37243,0.0,0,1.0,0.1,0.01,5.36462,20.0,20.0,40.0,0.0,1.0,0.0,42.165092
2000,AG,62.21,22.01,0,89.37243,0.0,0,2.0,0.4,0.08,5.40639,20.0,40.0,20.0,0.0,1.0,0.0,42.165092
2001,AG,62.21,22.01,0,89.37243,0.0,0,3.0,0.9,0.27,5.43685,20.0,40.0,20.0,0.0,1.0,0.0,42.165092
2002,AG,62.21,22.01,0,89.37243,0.0,0,4.0,1.6,0.64,5.50298,20.0,40.0,20.0,0.0,1.0,0.0,42.165092
2003,AG,62.21,22.01,1,89.37243,0.0,0,5.0,2.5,1.25,5.55782,20.0,40.0,20.0,0.0,1.0,0.0,42.165092
2004,AG,62.21,22.01,1,89.37243,0.0,0,6.0,3.6,2.16,5.60674,20.0,40.0,20.0,0.0,1.0,0.0,42.165092
2005,AG,48.36,22.01,1,89.37243,0.0,0,7.0,4.9,3.43,5.65122,20.0,40.0,20.0,0.0,1.0,0.0,42.165092
2006,AG,50.95,22.01,1,89.37243,0.0,0,8.0,6.4,5.12,5.69344,20.0,40.0,20.0,0.0,1.0,0.0,42.165092
2007,AG,50.15,22.01,3,89.37243,0.0,0,9.0,8.1,7.29,5.74813,20.0,40.0,20.0,0.0,1.0,0.0,42.165092
2008,AG,50.15,22.01,4,89.37243,0.0,0,10.0,10.0,10.0,5.81562,0.0,25.0,25.0,50.0,1.0,0.5,42.165092
2009,AG,55.52,22.01,4,89.37243,0.0,0,11.0,12.1,13.31,5.91632,20.0,20.0,20.0,40.0,1.0,0.6666667,41.568176
2010,AG,55.52,22.01,5,89.37243,0.0,0,12.0,14.4,17.28,6.0004,20.0,20.0,20.0,40.0,1.0,0.6666667,42.559464
1998,AI,29.05,21.21,0,93.78805,0.0,0,0.0,0.0,0.0,0.54011,0.0,85.71429,0.0,0.0,0.0,,48.71203
1999,AI,29.05,21.21,0,93.78805,0.0,0,1.0,0.1,0.01,0.53816,0.0,85.71429,0.0,0.0,0.0,0.0,48.71203
2000,AI,51.87,21.21,0,93.78805,0.0,0,2.0,0.4,0.08,0.53737,0.0,71.42857,0.0,0.0,0.0,0.0,48.71203
2001,AI,51.87,21.21,0,93.78805,0.0,0,3.0,0.9,0.27,0.53479,0.0,71.42857,0.0,0.0,0.0,0.0,48.71203
2002,AI,51.87,21.21,0,93.78805,0.0,0,4.0,1.6,0.64,0.53138,0.0,71.42857,0.0,0.0,0.0,0.0,48.71203
2003,AI,51.87,21.21,0,93.78805,0.0,0,5.0,2.5,1.25,0.53097,0.0,71.42857,0.0,0.0,0.0,0.0,48.71203
2004,AI,51.87,21.21,0,93.78805,0.0,1,6.0,3.6,2.16,0.52976,0.0,71.42857,0.0,0.0,0.0,0.0,48.71203
2005,AI,31.49,21.21,0,93.78805,0.0,1,7.0,4.9,3.43,0.52841,0.0,71.42857,0.0,0.0,0.0,0.0,48.71203
2006,AI,43.64,21.21,1,93.78805,0.0,1,8.0,6.4,5.12,0.52561,0.0,71.42857,0.0,0.0,0.0,0.0,48.71203
2007,AI,41.04,21.21,1,93.78805,0.0,1,9.0,8.1,7.29,0.52509,0.0,85.71429,0.0,0.0,0.0,0.5,48.71203
2008,AI,41.04,21.21,2,93.78805,0.0,1,10.0,10.0,10.0,0.52654,0.0,100.0,0.0,0.0,0.0,0.5,48.71203
2009,AI,46.65,21.21,2,93.78805,0.0,1,11.0,12.1,13.31,0.53054,0.0,100.0,0.0,0.0,0.0,1.0,49.37916
2010,AI,46.65,21.21,2,93.78805,0.0,0,12.0,14.4,17.28,0.53043,0.0,100.0,0.0,0.0,0.0,1.0,46.90467
1998,AR,36.73,30.57,0,92.7393,0.0,1,0.0,0.0,0.0,0.14887,14.285714,0.0,71.42857,14.285714,0.0,,41.679443
1999,AR,36.73,30.57,0,92.7393,0.0,1,1.0,0.1,0.01,0.14873,14.285714,0.0,71.42857,14.285714,0.0,0.0,41.679443
2000,AR,62.07,30.57,0,92.7393,0.0,1,2.0,0.4,0.08,0.14946,14.285714,0.0,71.42857,14.285714,0.0,0.0,41.679443
2001,AR,62.07,30.57,0,92.7393,0.0,1,3.0,0.9,0.27,0.15012,14.285714,0.0,71.42857,14.285714,0.0,0.0,41.679443
2002,AR,62.07,30.57,0,92.7393,0.0,1,4.0,1.6,0.64,0.14977,14.285714,0.0,71.42857,14.285714,0.0,0.0,41.679443
2003,AR,62.07,30.57,0,92.7393,0.0,1,5.0,2.5,1.25,0.14985,28.571428,0.0,71.42857,0.0,0.0,0.0,41.679443
2004,AR,62.07,30.57,0,92.7393,0.0,1,6.0,3.6,2.16,0.1501,28.571428,0.0,57.142857,0.0,0.0,0.0,41.679443
2005,AR,44.3,30.57,0,92.7393,0.0,0,7.0,4.9,3.43,0.15029,28.571428,0.0,57.142857,0.0,0.0,0.0,41.679443
2006,AR,53.64,30.57,1,92.7393,0.0,0,8.0,6.4,5.12,0.1522,28.571428,0.0,57.142857,14.285714,0.0,0.0,41.679443
2007,AR,48.52,30.57,1,92.7393,0.0,0,9.0,8.1,7.29,0.153,28.571428,0.0,57.142857,14.285714,0.0,0.5,41.679443
2008,AR,48.52,30.57,1,92.7393,1.0,0,10.0,10.0,10.0,0.15471,28.571428,0.0,57.142857,14.285714,0.0,0.5,41.679443
2009,AR,57.31,30.57,1,92.7393,,0,11.0,12.1,13.31,0.15549,28.571428,0.0,57.142857,14.285714,0.0,0.5,40.721317
2010,AR,57.31,30.57,1,92.7393,,0,12.0,14.4,17.28,0.15681,28.571428,0.0,57.142857,14.285714,0.0,0.5,50.061474
1998,BE,47.59,27.35,0,85.65876,0.0,1,0.0,0.0,0.0,9.38647,42.857143,0.0,28.571428,28.571428,1.0,,54.553818
1999,BE,47.59,27.35,0,85.65876,0.0,2,1.0,0.1,0.01,9.41144,42.857143,0.0,28.571428,28.571428,1.0,0.0,54.553818
2000,BE,68.45,27.35,0,85.65876,0.0,3,2.0,0.4,0.08,9.43427,42.857143,0.0,28.571428,28.571428,1.0,0.0,54.553818
2001,BE,68.45,27.35,0,85.65876,0.0,4,3.0,0.9,0.27,9.44024,42.857143,0.0,28.571428,28.571428,1.0,0.0,54.553818
2002,BE,68.45,27.35,0,85.65876,0.0,5,4.0,1.6,0.64,9.4631,42.857143,0.0,28.571428,28.571428,1.0,0.0,54.553818
2003,BE,68.45,27.35,0,85.65876,0.0,6,5.0,2.5,1.25,9.4959,42.857143,0.0,28.571428,28.571428,1.0,0.0,54.553818
2004,BE,68.45,27.35,0,85.65876,0.0,7,6.0,3.6,2.16,9.51957,42.857143,0.0,28.571428,28.571428,1.0,0.0,54.553818
2005,BE,56.85,27.35,0,85.65876,0.0,8,7.0,4.9,3.43,9.55378,42.857143,0.0,28.571428,28.571428,1.0,0.0,54.553818
2006,BE,60.26,27.35,0,85.65876,0.0,9,8.0,6.4,5.12,9.57064,28.571428,0.0,14.285714,57.142857,1.0,0.0,54.553818
2007,BE,55.29,27.35,2,85.65876,1.0,10,9.0,8.1,7.29,9.58897,28.571428,0.0,14.285714,57.142857,1.0,0.0,54.553818
2008,BE,55.29,27.35,2,85.65876,,11,10.0,10.0,10.0,9.62982,14.285714,0.0,14.285714,57.142857,1.0,0.125,54.553818
2009,BE,62.88,27.35,4,85.65876,,12,11.0,12.1,13.31,9.69299,14.285714,0.0,14.285714,57.142857,1.0,0.125,52.944557
2010,BE,62.88,27.35,4,85.65876,,13,12.0,14.4,17.28,9.74235,14.285714,0.0,14.285714,57.142857,1.0,0.25,52.54039
1998,BL,53.18,26.54,1,89.31778,0.0,0,0.0,0.0,0.0,2.55305,20.0,20.0,40.0,20.0,0.0,,48.527077
1999,BL,53.18,26.54,1,89.31778,0.0,0,1.0,0.1,0.01,2.56761,20.0,20.0,40.0,20.0,0.0,0.0,48.527077
2000,BL,70.93,26.54,1,89.31778,0.0,0,2.0,0.4,0.08,2.58602,20.0,20.0,40.0,20.0,0.0,0.0,48.527077
2001,BL,70.93,26.54,1,89.31778,0.0,0,3.0,0.9,0.27,2.59634,20.0,20.0,40.0,20.0,0.0,0.0,48.527077
2002,BL,70.93,26.54,1,89.31778,0.0,0,4.0,1.6,0.64,2.61083,20.0,20.0,40.0,20.0,0.0,0.0,48.527077
2003,BL,70.93,26.54,1,89.31778,0.0,0,5.0,2.5,1.25,2.62949,20.0,20.0,40.0,20.0,0.0,0.0,48.527077
2004,BL,70.93,26.54,1,89.31778,0.0,0,6.0,3.6,2.16,2.64402,20.0,20.0,40.0,20.0,0.0,0.0,48.527077
2005,BL,58.28,26.54,2,89.31778,0.0,0,7.0,4.9,3.43,2.65305,20.0,20.0,40.0,20.0,0.0,0.0,48.527077
2006,BL,59.74,26.54,2,89.31778,0.0,0,8.0,6.4,5.12,2.66089,20.0,20.0,40.0,20.0,0.0,0.25,48.527077
2007,BL,56.34,26.54,3,89.31778,1.0,0,9.0,8.1,7.29,2.67166,20.0,20.0,40.0,20.0,0.0,0.25,48.527077
2008,BL,56.34,26.54,3,89.31778,,0,10.0,10.0,10.0,2.69145,20.0,20.0,40.0,20.0,0.0,0.5,48.527077
2009,BL,63.26,26.54,3,89.31778,,0,11.0,12.1,13.31,2.71214,20.0,20.0,40.0,20.0,0.0,0.5,48.110287
2010,BL,63.26,26.54,3,89.31778,,0,12.0,14.4,17.28,2.72815,20.0,20.0,40.0,20.0,0.0,0.5,48.30677
1998,BS,55.43,33.16,1,80.81559,0.0,1,0.0,0.0,0.0,1.93053,0.0,0.0,28.571428,42.857143,0.0,,46.826122
1999,BS,55.43,33.16,1,80.81559,0.0,2,1.0,0.1,0.01,1.90505,0.0,0.0,28.571428,42.857143,0.0,0.0,46.826122
2000,BS,72.31,33.16,1,80.81559,0.0,3,2.0,0.4,0.08,1.88458,0.0,14.285714,14.285714,28.571428,0.0,0.0,46.826122
2001,BS,72.31,33.16,1,80.81559,0.0,4,3.0,0.9,0.27,1.87422,0.0,14.285714,14.285714,28.571428,0.0,0.0,46.826122
2002,BS,72.31,33.16,1,80.81559,0.0,5,4.0,1.6,0.64,1.86469,0.0,14.285714,14.285714,28.571428,0.0,0.0,46.826122
2003,BS,72.31,33.16,1,80.81559,0.0,6,5.0,2.5,1.25,1.86719,0.0,14.285714,14.285714,28.571428,0.0,0.0,46.826122
2004,BS,72.31,33.16,1,80.81559,0.0,7,6.0,3.6,2.16,1.86653,0.0,14.285714,14.285714,57.142857,0.0,0.0,46.826122
2005,BS,64.6,33.16,1,80.81559,1.0,8,7.0,4.9,3.43,1.86753,0.0,14.285714,14.285714,57.142857,0.0,0.0,46.826122
2006,BS,63.55,33.16,1,80.81559,,9,8.0,6.4,5.12,1.85601,0.0,14.285714,14.285714,57.142857,0.0,0.0,46.826122
2007,BS,60.64,33.16,2,80.81559,,10,9.0,8.1,7.29,1.84822,0.0,14.285714,14.285714,57.142857,0.0,0.0,46.826122
2008,BS,60.64,33.16,2,80.81559,,11,10.0,10.0,10.0,1.85227,0.0,14.285714,14.285714,57.142857,0.0,1.0,46.826122
2009,BS,66.84,33.16,2,80.81559,,12,11.0,12.1,13.31,1.86672,0.0,14.285714,14.285714,57.142857,0.0,1.0,45.45963
2010,BS,66.84,33.16,2,80.81559,,13,12.0,14.4,17.28,1.87898,0.0,14.285714,14.285714,57.142857,0.0,1.0,45.984562
1998,FR,64.89,17.94,0,29.395132,0.0,1,0.0,0.0,0.0,2.29947,0.0,42.857143,14.285714,28.571428,1.0,,48.819202
1999,FR,64.89,17.94,0,29.395132,0.0,1,1.0,0.1,0.01,2.32086,0.0,42.857143,14.285714,28.571428,1.0,0.0,48.819202
2000,FR,74.6,17.94,0,29.395132,0.0,1,2.0,0.4,0.08,2.34307,0.0,42.857143,14.285714,28.571428,1.0,0.0,48.819202
2001,FR,74.6,17.94,0,29.395132,0.0,1,3.0,0.9,0.27,2.37044,0.0,42.857143,14.285714,28.571428,1.0,0.0,48.819202
2002,FR,74.6,17.94,0,29.395132,0.0,1,4.0,1.6,0.64,2.40339,0.0,42.857143,14.285714,28.571428,1.0,0.0,48.819202
2003,FR,74.6,17.94,0,29.395132,0.0,1,5.0,2.5,1.25,2.434,0.0,42.857143,14.285714,28.571428,1.0,0.0,48.819202
2004,FR,74.6,17.94,0,29.395132,0.0,1,6.0,3.6,2.16,2.46656,0.0,42.857143,14.285714,28.571428,1.0,0.0,48.819202
2005,FR,59.3,17.94,0,29.395132,0.0,1,7.0,4.9,3.43,2.50377,0.0,42.857143,14.285714,28.571428,1.0,0.0,48.819202
2006,FR,59.07,17.94,0,29.395132,0.0,1,8.0,6.4,5.12,2.53954,0.0,42.857143,14.285714,28.571428,1.0,0.0,48.819202
2007,FR,55.83,17.94,2,29.395132,0.0,1,9.0,8.1,7.29,2.58252,0.0,42.857143,14.285714,28.571428,1.0,0.0,48.819202
2008,FR,55.83,17.94,2,29.395132,0.0,1,10.0,10.0,10.0,2.63241,0.0,42.857143,14.285714,28.571428,1.0,0.6666667,48.819202
2009,FR,64.5,17.94,2,29.395132,0.0,1,11.0,12.1,13.31,2.68537,0.0,42.857143,14.285714,28.571428,1.0,0.6666667,49.176933
2010,FR,64.5,17.94,2,29.395132,0.0,1,12.0,14.4,17.28,2.73159,0.0,42.857143,14.285714,28.571428,1.0,0.6666667,46.611145
1998,GE,78.14,28.28,1,5.765506,0.0,0,0.0,0.0,0.0,3.96659,0.0,14.285714,28.571428,42.857143,0.0,,56.96957
1999,GE,78.14,28.28,1,5.765506,0.0,0,1.0,0.1,0.01,3.9891,0.0,14.285714,28.571428,42.857143,0.0,0.0,56.96957
2000,GE,78.75,28.28,1,5.765506,1.0,0,2.0,0.4,0.08,4.03067,0.0,14.285714,28.571428,42.857143,1.0,0.0,56.96957
2001,GE,78.75,28.28,1,5.765506,,0,3.0,0.9,0.27,4.08146,0.0,28.571428,0.0,42.857143,1.0,0.0,56.96957
2002,GE,78.75,28.28,1,5.765506,,0,4.0,1.6,0.64,4.13618,0.0,28.571428,0.0,42.857143,1.0,0.0,56.96957
2003,GE,78.75,28.28,1,5.765506,,0,5.0,2.5,1.25,4.18747,0.0,28.571428,0.0,42.857143,1.0,0.0,56.96957
2004,GE,78.75,28.28,1,5.765506,,0,6.0,3.6,2.16,4.23993,0.0,28.571428,0.0,42.857143,1.0,0.0,56.96957
2005,GE,62.92,28.28,1,5.765506,,1,7.0,4.9,3.43,4.27396,0.0,14.285714,14.285714,57.142857,1.0,0.0,56.96957
2006,GE,58.14,28.28,1,5.765506,,2,8.0,6.4,5.12,4.30638,0.0,14.285714,14.285714,57.142857,1.0,0.0,56.96957
2007,GE,60.1,28.28,2,5.765506,,3,9.0,8.1,7.29,4.33235,0.0,14.285714,14.285714,57.142857,1.0,0.0,56.96957
2008,GE,60.1,28.28,2,5.765506,,4,10.0,10.0,10.0,4.38177,0.0,14.285714,14.285714,57.142857,1.0,1.0,56.96957
2009,GE,62.4,28.28,2,5.765506,,5,11.0,12.1,13.31,4.46106,0.0,14.285714,14.285714,42.857143,1.0,1.0,55.73763
2010,GE,62.4,28.28,2,5.765506,,6,12.0,14.4,17.28,4.53292,0.0,14.285714,14.285714,42.857143,1.0,1.0,55.868664
1998,GL,31.95,25.33,0,90.20513,0.0,0,0.0,0.0,0.0,0.38735,28.571428,14.285714,42.857143,14.285714,0.0,,45.21797
1999,GL,31.95,25.33,0,90.20513,0.0,0,1.0,0.1,0.01,0.38698,28.571428,14.285714,42.857143,14.285714,0.0,0.0,45.21797
2000,GL,57.18,25.33,0,90.20513,0.0,0,2.0,0.4,0.08,0.38708,28.571428,14.285714,28.571428,14.285714,0.0,0.0,45.21797
2001,GL,57.18,25.33,0,90.20513,0.0,0,3.0,0.9,0.27,0.38196,28.571428,14.285714,28.571428,14.285714,0.0,0.0,45.21797
2002,GL,57.18,25.33,0,90.20513,0.0,0,4.0,1.6,0.64,0.38216,14.285714,14.285714,42.857143,28.571428,0.0,0.0,45.21797
2003,GL,57.18,25.33,0,90.20513,0.0,0,5.0,2.5,1.25,0.38322,14.285714,14.285714,42.857143,28.571428,0.0,0.0,45.21797
2004,GL,57.18,25.33,0,90.20513,0.0,0,6.0,3.6,2.16,0.38502,14.285714,14.285714,42.857143,28.571428,0.0,0.0,45.21797
2005,GL,39.2,25.33,0,90.20513,0.0,0,7.0,4.9,3.43,0.38317,14.285714,14.285714,42.857143,28.571428,0.0,0.0,45.21797
2006,GL,42.95,25.33,2,90.20513,0.0,0,8.0,6.4,5.12,0.38173,20.0,20.0,40.0,20.0,0.0,0.0,45.21797
2007,GL,35.43,25.33,2,90.20513,0.0,0,9.0,8.1,7.29,0.38084,20.0,20.0,40.0,20.0,0.0,0.5,45.21797
2008,GL,35.43,25.33,2,90.20513,0.0,0,10.0,10.0,10.0,0.38237,0.0,20.0,40.0,20.0,0.0,0.5,45.21797
2009,GL,48.99,25.33,3,90.20513,0.0,0,11.0,12.1,13.31,0.3837,0.0,20.0,40.0,20.0,0.0,0.5,44.87507
2010,GL,48.99,25.33,3,90.20513,0.0,0,12.0,14.4,17.28,0.38479,0.0,20.0,40.0,20.0,0.0,0.75,44.370453
1998,GR,32.44,27.16,0,76.34237,0.0,0,0.0,0.0,0.0,1.85532,40.0,20.0,20.0,20.0,0.0,,48.305874
1999,GR,32.44,27.16,0,76.34237,0.0,0,1.0,0.1,0.01,1.86118,40.0,20.0,20.0,20.0,0.0,0.0,48.305874
2000,GR,58.61,27.16,0,76.34237,0.0,0,2.0,0.4,0.08,1.86026,40.0,20.0,0.0,20.0,0.0,0.0,48.305874
2001,GR,58.61,27.16,0,76.34237,0.0,0,3.0,0.9,0.27,1.85889,40.0,20.0,0.0,20.0,0.0,0.0,48.305874
2002,GR,58.61,27.16,0,76.34237,0.0,0,4.0,1.6,0.64,1.85225,40.0,20.0,20.0,20.0,0.0,0.0,48.305874
2003,GR,58.61,27.16,1,76.34237,0.0,0,5.0,2.5,1.25,1.85771,40.0,20.0,20.0,20.0,0.0,0.0,48.305874
2004,GR,58.61,27.16,1,76.34237,0.0,0,6.0,3.6,2.16,1.86943,40.0,20.0,20.0,20.0,0.0,0.0,48.305874
2005,GR,44.64,27.16,1,76.34237,0.0,0,7.0,4.9,3.43,1.87812,40.0,20.0,20.0,20.0,0.0,0.0,48.305874
2006,GR,50.99,27.16,2,76.34237,1.0,0,8.0,6.4,5.12,1.87803,40.0,20.0,20.0,20.0,0.0,0.0,48.305874
2007,GR,52.88,27.16,2,76.34237,,0,9.0,8.1,7.29,1.8792,40.0,20.0,20.0,20.0,0.0,0.25,48.305874
2008,GR,52.88,27.16,2,76.34237,,0,10.0,10.0,10.0,1.88762,0.0,20.0,20.0,20.0,0.0,0.25,48.305874
2009,GR,59.35,27.16,4,76.34237,,0,11.0,12.1,13.31,1.90459,0.0,20.0,20.0,20.0,0.0,0.25,48.74767
2010,GR,59.35,27.16,4,76.34237,,0,12.0,14.4,17.28,1.91861,0.0,20.0,20.0,20.0,0.0,0.75,48.416927
1998,JU,77.15,19.6,1,6.6672463,0.0,0,0.0,0.0,0.0,0.68964,0.0,60.0,20.0,20.0,1.0,,40.43577
1999,JU,77.15,19.6,1,6.6672463,0.0,0,1.0,0.1,0.01,0.68995,0.0,60.0,20.0,20.0,1.0,0.0,40.43577
2000,JU,77.3,19.6,1,6.6672463,0.0,0,2.0,0.4,0.08,0.68818,0.0,60.0,20.0,20.0,1.0,0.0,40.43577
2001,JU,77.3,19.6,1,6.6672463,0.0,0,3.0,0.9,0.27,0.68923,0.0,60.0,20.0,20.0,1.0,0.0,40.43577
2002,JU,77.3,19.6,1,6.6672463,0.0,0,4.0,1.6,0.64,0.6893,0.0,40.0,0.0,40.0,1.0,0.0,40.43577
2003,JU,77.3,19.6,1,6.6672463,0.0,0,5.0,2.5,1.25,0.69074,0.0,40.0,0.0,40.0,1.0,0.0,40.43577
2004,JU,77.3,19.6,1,6.6672463,0.0,0,6.0,3.6,2.16,0.69064,0.0,40.0,0.0,40.0,1.0,0.0,40.43577
2005,JU,60.89,19.6,1,6.6672463,0.0,0,7.0,4.9,3.43,0.69091,0.0,40.0,0.0,40.0,1.0,0.0,40.43577
2006,JU,58.57,19.6,1,6.6672463,0.0,0,8.0,6.4,5.12,0.6911,0.0,40.0,20.0,20.0,1.0,0.0,40.43577
2007,JU,60.09,19.6,4,6.6672463,0.0,0,9.0,8.1,7.29,0.69292,0.0,40.0,20.0,20.0,1.0,0.0,40.43577
2008,JU,60.09,19.6,4,6.6672463,0.0,0,10.0,10.0,10.0,0.69555,0.0,40.0,20.0,20.0,1.0,0.75,40.43577
2009,JU,66.85,19.6,4,6.6672463,0.0,1,11.0,12.1,13.31,0.69822,0.0,40.0,20.0,20.0,1.0,0.75,39.301807
2010,JU,66.85,19.6,4,6.6672463,0.0,1,12.0,14.4,17.28,0.70134,0.0,40.0,20.0,40.0,1.0,0.75,38.968777
1998,LU,39.31,23.28,0,90.69151,0.0,1,0.0,0.0,0.0,3.42916,0.0,57.142857,28.571428,14.285714,1.0,,52.18093
1999,LU,39.31,23.28,0,90.69151,0.0,2,1.0,0.1,0.01,3.43254,0.0,57.142857,28.571428,14.285714,1.0,0.0,52.18093
2000,LU,62.65,23.28,0,90.69151,0.0,3,2.0,0.4,0.08,3.45357,0.0,57.142857,28.571428,14.285714,1.0,0.0,52.18093
2001,LU,62.65,23.28,0,90.69151,0.0,4,3.0,0.9,0.27,3.46473,0.0,57.142857,28.571428,14.285714,1.0,0.0,52.18093
2002,LU,62.65,23.28,0,90.69151,0.0,5,4.0,1.6,0.64,3.50017,0.0,57.142857,28.571428,14.285714,1.0,0.0,52.18093
2003,LU,62.65,23.28,0,90.69151,0.0,6,5.0,2.5,1.25,3.51889,0.0,60.0,20.0,20.0,1.0,0.0,52.18093
2004,LU,62.65,23.28,0,90.69151,0.0,7,6.0,3.6,2.16,3.53175,0.0,60.0,20.0,20.0,1.0,0.0,52.18093
2005,LU,49.64,23.28,0,90.69151,0.0,8,7.0,4.9,3.43,3.54731,20.0,40.0,20.0,20.0,1.0,0.0,52.18093
2006,LU,51.04,23.28,0,90.69151,0.0,9,8.0,6.4,5.12,3.56384,20.0,40.0,20.0,20.0,1.0,0.0,52.18093
2007,LU,52.4,23.28,1,90.69151,0.0,10,9.0,8.1,7.29,3.5911,0.0,40.0,20.0,20.0,1.0,0.0,52.18093
2008,LU,52.4,23.28,1,90.69151,0.0,11,10.0,10.0,10.0,3.63475,0.0,40.0,20.0,20.0,1.0,0.14285715,52.18093
2009,LU,58.09,23.28,1,90.69151,0.0,12,11.0,12.1,13.31,3.68742,0.0,40.0,20.0,20.0,1.0,0.14285715,56.976902
2010,LU,58.09,23.28,2,90.69151,0.0,13,12.0,14.4,17.28,3.72964,0.0,40.0,20.0,20.0,1.0,0.2857143,55.996113
1998,NE,79.96,18.32,1,5.8822694,0.0,0,0.0,0.0,0.0,1.6541,0.0,0.0,20.0,40.0,1.0,,48.713863
1999,NE,79.96,18.32,1,5.8822694,0.0,1,1.0,0.1,0.01,1.65594,0.0,0.0,20.0,40.0,1.0,0.0,48.713863
2000,NE,79.38,18.32,1,5.8822694,0.0,2,2.0,0.4,0.08,1.65649,0.0,0.0,20.0,40.0,1.0,0.0,48.713863
2001,NE,79.38,18.32,1,5.8822694,0.0,3,3.0,0.9,0.27,1.65456,0.0,0.0,20.0,40.0,1.0,0.0,48.713863
2002,NE,79.38,18.32,1,5.8822694,0.0,4,4.0,1.6,0.64,1.66227,0.0,0.0,20.0,40.0,1.0,0.0,48.713863
2003,NE,79.38,18.32,1,5.8822694,0.0,5,5.0,2.5,1.25,1.66767,0.0,0.0,20.0,40.0,1.0,0.0,48.713863
2004,NE,79.38,18.32,1,5.8822694,0.0,6,6.0,3.6,2.16,1.67047,0.0,0.0,20.0,40.0,1.0,0.0,48.713863
2005,NE,70.94,18.32,1,5.8822694,0.0,7,7.0,4.9,3.43,1.6791,0.0,0.0,20.0,60.0,1.0,0.0,48.713863
2006,NE,65.16,18.32,1,5.8822694,0.0,8,8.0,6.4,5.12,1.68444,0.0,0.0,20.0,60.0,1.0,0.0,48.713863
2007,NE,58.79,18.32,3,5.8822694,0.0,8,9.0,8.1,7.29,1.68912,0.0,0.0,20.0,60.0,1.0,0.0,48.713863
2008,NE,58.79,18.32,3,5.8822694,0.0,8,10.0,10.0,10.0,1.69782,0.0,0.0,20.0,60.0,1.0,0.5,48.713863
2009,NE,69.39,18.32,3,5.8822694,0.0,8,11.0,12.1,13.31,1.70924,0.0,0.0,60.0,40.0,1.0,0.5,48.802654
2010,NE,69.39,18.32,3,5.8822694,0.0,8,12.0,14.4,17.28,1.71647,0.0,0.0,60.0,40.0,1.0,0.5,47.973465
1998,NW,33.86,20.61,0,95.47135,0.0,0,0.0,0.0,0.0,0.37232,0.0,57.142857,28.571428,0.0,0.0,,53.081314
1999,NW,33.86,20.61,0,95.47135,0.0,0,1.0,0.1,0.01,0.3732,0.0,57.142857,28.571428,0.0,0.0,0.0,53.081314
2000,NW,55.86,20.61,0,95.47135,0.0,0,2.0,0.4,0.08,0.37657,0.0,57.142857,28.571428,0.0,0.0,0.0,53.081314
2001,NW,55.86,20.61,0,95.47135,0.0,0,3.0,0.9,0.27,0.3781,0.0,57.142857,28.571428,0.0,0.0,0.0,53.081314
2002,NW,55.86,20.61,0,95.47135,0.0,0,4.0,1.6,0.64,0.38389,0.0,42.857143,42.857143,14.285714,0.0,0.0,53.081314
2003,NW,55.86,20.61,0,95.47135,0.0,0,5.0,2.5,1.25,0.38736,0.0,42.857143,42.857143,14.285714,0.0,0.0,53.081314
2004,NW,55.86,20.61,0,95.47135,0.0,0,6.0,3.6,2.16,0.3907,0.0,42.857143,42.857143,14.285714,0.0,0.0,53.081314
2005,NW,42.69,20.61,0,95.47135,0.0,0,7.0,4.9,3.43,0.39497,0.0,42.857143,42.857143,14.285714,0.0,0.0,53.081314
2006,NW,46.17,20.61,0,95.47135,0.0,0,8.0,6.4,5.12,0.39803,0.0,42.857143,42.857143,14.285714,0.0,0.0,53.081314
2007,NW,43.75,20.61,0,95.47135,0.0,0,9.0,8.1,7.29,0.40012,0.0,42.857143,42.857143,14.285714,0.0,0.0,53.081314
2008,NW,43.75,20.61,0,95.47135,0.0,0,10.0,10.0,10.0,0.40287,14.285714,28.571428,42.857143,14.285714,0.0,0.0,53.081314
2009,NW,50.26,20.61,1,95.47135,0.0,0,11.0,12.1,13.31,0.40737,14.285714,28.571428,42.857143,14.285714,0.0,0.0,51.972996
2010,NW,50.26,20.61,1,95.47135,0.0,0,12.0,14.4,17.28,0.40794,28.571428,28.571428,42.857143,0.0,0.0,0.25,51.16311
1998,OW,28.2,20.87,0,93.95799,0.0,0,0.0,0.0,0.0,0.31831,0.0,71.42857,28.571428,0.0,0.0,,57.277496
1999,OW,28.2,20.87,0,93.95799,0.0,0,1.0,0.1,0.01,0.31989,0.0,71.42857,28.571428,0.0,0.0,0.0,57.277496
2000,OW,55.52,20.87,0,93.95799,0.0,0,2.0,0.4,0.08,0.32225,0.0,71.42857,28.571428,0.0,0.0,0.0,57.277496
2001,OW,55.52,20.87,0,93.95799,0.0,0,3.0,0.9,0.27,0.32356,0.0,71.42857,28.571428,0.0,0.0,0.0,57.277496
2002,OW,55.52,20.87,0,93.95799,0.0,0,4.0,1.6,0.64,0.32678,0.0,40.0,20.0,0.0,0.0,0.0,57.277496
2003,OW,55.52,20.87,0,93.95799,0.0,0,5.0,2.5,1.25,0.32961,0.0,40.0,20.0,0.0,0.0,0.0,57.277496
2004,OW,55.52,20.87,0,93.95799,0.0,0,6.0,3.6,2.16,0.33142,0.0,40.0,20.0,0.0,0.0,0.0,57.277496
2005,OW,41.73,20.87,0,93.95799,0.0,0,7.0,4.9,3.43,0.33162,0.0,40.0,20.0,0.0,0.0,0.0,57.277496
2006,OW,45.69,20.87,0,93.95799,0.0,0,8.0,6.4,5.12,0.33269,0.0,40.0,40.0,0.0,0.0,0.0,57.277496
2007,OW,43.3,20.87,1,93.95799,0.0,0,9.0,8.1,7.29,0.33755,0.0,40.0,40.0,0.0,0.0,0.0,57.277496
2008,OW,43.3,20.87,1,93.95799,0.0,0,10.0,10.0,10.0,0.33997,0.0,40.0,40.0,0.0,0.0,0.25,57.277496
2009,OW,52.28,20.87,2,93.95799,0.0,0,11.0,12.1,13.31,0.34429,0.0,40.0,40.0,0.0,0.0,0.25,57.04021
2010,OW,52.28,20.87,2,93.95799,0.0,0,12.0,14.4,17.28,0.35032,0.0,40.0,40.0,0.0,0.0,0.5,58.73561
1998,SG,38.44,27.41,0,90.03515,0.0,0,0.0,0.0,0.0,4.4388,0.0,42.857143,28.571428,28.571428,0.0,,49.249065
1999,SG,38.44,27.41,0,90.03515,0.0,0,1.0,0.1,0.01,4.44891,0.0,42.857143,28.571428,28.571428,0.0,0.0,49.249065
2000,SG,63.2,27.41,0,90.03515,0.0,1,2.0,0.4,0.08,4.47609,0.0,42.857143,42.857143,14.285714,0.0,0.0,49.249065
2001,SG,63.2,27.41,0,90.03515,0.0,2,3.0,0.9,0.27,4.50239,0.0,42.857143,42.857143,14.285714,0.0,0.0,49.249065
2002,SG,63.2,27.41,0,90.03515,0.0,3,4.0,1.6,0.64,4.52904,0.0,42.857143,42.857143,14.285714,0.0,0.0,49.249065
2003,SG,63.2,27.41,1,90.03515,0.0,4,5.0,2.5,1.25,4.55251,0.0,42.857143,42.857143,14.285714,0.0,0.0,49.249065
2004,SG,63.2,27.41,1,90.03515,0.0,5,6.0,3.6,2.16,4.57289,0.0,28.571428,42.857143,28.571428,0.0,0.0,49.249065
2005,SG,46.94,27.41,1,90.03515,0.0,6,7.0,4.9,3.43,4.58821,0.0,28.571428,42.857143,28.571428,0.0,0.0,49.249065
2006,SG,52.22,27.41,2,90.03515,1.0,7,8.0,6.4,5.12,4.59999,0.0,28.571428,42.857143,28.571428,0.0,0.0,49.249065
2007,SG,46.59,27.41,3,90.03515,,8,9.0,8.1,7.29,4.6181,0.0,28.571428,42.857143,28.571428,0.0,0.14285715,49.249065
2008,SG,46.59,27.41,5,90.03515,,9,10.0,10.0,10.0,4.65937,14.285714,28.571428,28.571428,28.571428,0.0,0.2857143,49.249065
2009,SG,55.62,27.41,5,90.03515,,10,11.0,12.1,13.31,4.71152,14.285714,28.571428,28.571428,28.571428,0.0,0.5714286,51.98254
2010,SG,55.62,27.41,5,90.03515,,11,12.0,14.4,17.28,4.74676,14.285714,28.571428,28.571428,28.571428,0.0,0.5714286,51.858494
1998,SH,38.51,25.01,0,89.02433,0.0,0,0.0,0.0,0.0,0.73741,20.0,0.0,20.0,60.0,1.0,,50.924908
1999,SH,38.51,25.01,0,89.02433,0.0,0,1.0,0.1,0.01,0.73725,20.0,0.0,20.0,60.0,1.0,0.0,50.924908
2000,SH,61.16,25.01,0,89.02433,0.0,0,2.0,0.4,0.08,0.73552,20.0,0.0,40.0,40.0,1.0,0.0,50.924908
2001,SH,61.16,25.01,0,89.02433,0.0,0,3.0,0.9,0.27,0.73025,20.0,0.0,40.0,40.0,1.0,0.0,50.924908
2002,SH,61.16,25.01,0,89.02433,0.0,0,4.0,1.6,0.64,0.73229,20.0,0.0,40.0,40.0,1.0,0.0,50.924908
2003,SH,61.16,25.01,1,89.02433,0.0,0,5.0,2.5,1.25,0.73834,20.0,0.0,40.0,40.0,1.0,0.0,50.924908
2004,SH,61.16,25.01,1,89.02433,0.0,0,6.0,3.6,2.16,0.73968,40.0,0.0,40.0,20.0,1.0,0.0,50.924908
2005,SH,46.54,25.01,1,89.02433,0.0,0,7.0,4.9,3.43,0.73788,40.0,0.0,40.0,20.0,1.0,0.0,50.924908
2006,SH,51.14,25.01,1,89.02433,0.0,0,8.0,6.4,5.12,0.73764,40.0,0.0,40.0,20.0,1.0,0.0,50.924908
2007,SH,45.77,25.01,2,89.02433,0.0,0,9.0,8.1,7.29,0.73866,40.0,0.0,40.0,20.0,1.0,0.0,50.924908
2008,SH,45.77,25.01,3,89.02433,0.0,0,10.0,10.0,10.0,0.74527,40.0,0.0,40.0,20.0,1.0,0.5,50.924908
2009,SH,54.25,25.01,3,89.02433,0.0,0,11.0,12.1,13.31,0.75303,40.0,0.0,40.0,20.0,1.0,1.0,51.741146
2010,SH,54.25,25.01,3,89.02433,0.0,0,12.0,14.4,17.28,0.75657,40.0,0.0,40.0,20.0,1.0,1.0,50.28129
1998,SO,42.59,22.5,0,89.475105,0.0,0,0.0,0.0,0.0,2.41559,0.0,40.0,40.0,20.0,0.0,,48.508484
1999,SO,42.59,22.5,0,89.475105,0.0,0,1.0,0.1,0.01,2.4345,0.0,40.0,40.0,20.0,0.0,0.0,48.508484
2000,SO,66.61,22.5,0,89.475105,0.0,0,2.0,0.4,0.08,2.43908,0.0,40.0,40.0,20.0,0.0,0.0,48.508484
2001,SO,66.61,22.5,0,89.475105,0.0,0,3.0,0.9,0.27,2.43668,0.0,40.0,40.0,20.0,0.0,0.0,48.508484
2002,SO,66.61,22.5,0,89.475105,0.0,0,4.0,1.6,0.64,2.45264,0.0,40.0,40.0,20.0,0.0,0.0,48.508484
2003,SO,66.61,22.5,0,89.475105,0.0,0,5.0,2.5,1.25,2.4628,0.0,20.0,40.0,40.0,0.0,0.0,48.508484
2004,SO,66.61,22.5,0,89.475105,0.0,0,6.0,3.6,2.16,2.46807,0.0,20.0,40.0,40.0,0.0,0.0,48.508484
2005,SO,53.42,22.5,0,89.475105,0.0,0,7.0,4.9,3.43,2.47379,0.0,40.0,40.0,20.0,0.0,0.0,48.508484
2006,SO,54.11,22.5,0,89.475105,0.0,0,8.0,6.4,5.12,2.47937,0.0,40.0,40.0,20.0,0.0,0.0,48.508484
2007,SO,51.43,22.5,2,89.475105,1.0,0,9.0,8.1,7.29,2.48613,0.0,40.0,40.0,20.0,0.0,0.0,48.508484
2008,SO,51.43,22.5,2,89.475105,,0,10.0,10.0,10.0,2.5024,0.0,40.0,40.0,20.0,0.0,0.5,48.508484
2009,SO,57.82,22.5,2,89.475105,,0,11.0,12.1,13.31,2.5183,0.0,40.0,40.0,20.0,0.0,0.5,48.293137
2010,SO,57.82,22.5,2,89.475105,,0,12.0,14.4,17.28,2.52748,0.0,40.0,40.0,20.0,0.0,0.5,47.994183
1998,SZ,26.69,18.95,0,90.31133,0.0,0,0.0,0.0,0.0,1.25149,0.0,57.142857,28.571428,14.285714,0.0,,52.456406
1999,SZ,26.69,18.95,0,90.31133,0.0,0,1.0,0.1,0.01,1.26479,0.0,57.142857,28.571428,14.285714,0.0,0.0,52.456406
2000,SZ,49.76,18.95,0,90.31133,0.0,0,2.0,0.4,0.08,1.28248,0.0,57.142857,28.571428,14.285714,0.0,0.0,52.456406
2001,SZ,49.76,18.95,0,90.31133,0.0,0,3.0,0.9,0.27,1.28855,0.0,57.142857,28.571428,14.285714,0.0,0.0,52.456406
2002,SZ,49.76,18.95,0,90.31133,0.0,0,4.0,1.6,0.64,1.31264,0.0,57.142857,28.571428,14.285714,0.0,0.0,52.456406
2003,SZ,49.76,18.95,0,90.31133,0.0,0,5.0,2.5,1.25,1.33227,0.0,57.142857,28.571428,14.285714,0.0,0.0,52.456406
2004,SZ,49.76,18.95,0,90.31133,0.0,0,6.0,3.6,2.16,1.34903,14.285714,42.857143,28.571428,14.285714,0.0,0.0,52.456406
2005,SZ,38.08,18.95,0,90.31133,0.0,0,7.0,4.9,3.43,1.35989,14.285714,42.857143,28.571428,14.285714,0.0,0.0,52.456406
2006,SZ,40.79,18.95,1,90.31133,0.0,0,8.0,6.4,5.12,1.37522,14.285714,42.857143,28.571428,14.285714,0.0,0.0,52.456406
2007,SZ,38.7,18.95,1,90.31133,0.0,0,9.0,8.1,7.29,1.38832,14.285714,42.857143,28.571428,14.285714,0.0,0.14285715,52.456406
2008,SZ,38.7,18.95,2,90.31133,0.0,0,10.0,10.0,10.0,1.41024,28.571428,42.857143,28.571428,14.285714,0.0,0.14285715,52.456406
2009,SZ,43.43,18.95,3,90.31133,0.0,0,11.0,12.1,13.31,1.43719,28.571428,42.857143,28.571428,14.285714,0.0,0.2857143,49.079304
2010,SZ,43.43,18.95,4,90.31133,0.0,0,12.0,14.4,17.28,1.44686,28.571428,28.571428,28.571428,14.285714,0.0,0.42857146,49.023132
1998,TG,35.96,25.04,0,91.01014,0.0,1,0.0,0.0,0.0,2.25395,40.0,20.0,20.0,20.0,1.0,,57.48
1999,TG,35.96,25.04,0,91.01014,0.0,2,1.0,0.1,0.01,2.26479,40.0,20.0,20.0,20.0,1.0,0.0,57.48
2000,TG,57.16,25.04,0,91.01014,0.0,3,2.0,0.4,0.08,2.27285,40.0,20.0,20.0,20.0,1.0,0.0,57.48
2001,TG,57.16,25.04,0,91.01014,0.0,3,3.0,0.9,0.27,2.27481,40.0,20.0,20.0,20.0,1.0,0.0,57.48
2002,TG,57.16,25.04,0,91.01014,0.0,3,4.0,1.6,0.64,2.28206,40.0,20.0,20.0,20.0,1.0,0.0,57.48
2003,TG,57.16,25.04,1,91.01014,0.0,3,5.0,2.5,1.25,2.29904,40.0,20.0,20.0,20.0,1.0,0.0,57.48
2004,TG,57.16,25.04,1,91.01014,0.0,3,6.0,3.6,2.16,2.31836,40.0,20.0,20.0,20.0,1.0,0.0,57.48
2005,TG,44.38,25.04,1,91.01014,0.0,3,7.0,4.9,3.43,2.32978,40.0,20.0,20.0,20.0,1.0,0.0,57.48
2006,TG,52.25,25.04,2,91.01014,0.0,3,8.0,6.4,5.12,2.34332,40.0,20.0,20.0,20.0,1.0,0.0,57.48
2007,TG,43.34,25.04,2,91.01014,1.0,3,9.0,8.1,7.29,2.35764,40.0,20.0,20.0,20.0,1.0,0.33333334,57.48
2008,TG,43.34,25.04,3,91.01014,,3,10.0,10.0,10.0,2.38316,40.0,20.0,20.0,20.0,1.0,0.33333334,57.48
2009,TG,56.56,25.04,3,91.01014,,3,11.0,12.1,13.31,2.41811,40.0,20.0,20.0,20.0,1.0,0.6666667,56.776783
2010,TG,56.56,25.04,3,91.01014,,4,12.0,14.4,17.28,2.44805,40.0,20.0,20.0,20.0,1.0,0.6666667,56.55895
1998,TI,38.46,29.02,0,11.122037,0.0,1,0.0,0.0,0.0,3.05588,0.0,20.0,40.0,20.0,0.0,,48.495663
1999,TI,38.46,29.02,0,11.122037,0.0,2,1.0,0.1,0.01,3.06179,0.0,20.0,40.0,20.0,0.0,0.0,48.495663
2000,TI,42.95,29.02,0,11.122037,0.0,3,2.0,0.4,0.08,3.08498,0.0,20.0,40.0,20.0,0.0,0.0,48.495663
2001,TI,42.95,29.02,0,11.122037,0.0,4,3.0,0.9,0.27,3.10834,0.0,20.0,40.0,20.0,0.0,0.0,48.495663
2002,TI,42.95,29.02,0,11.122037,0.0,5,4.0,1.6,0.64,3.12528,0.0,20.0,40.0,20.0,0.0,0.0,48.495663
2003,TI,42.95,29.02,1,11.122037,0.0,6,5.0,2.5,1.25,3.15256,0.0,20.0,40.0,20.0,0.0,0.0,48.495663
2004,TI,42.95,29.02,1,11.122037,0.0,7,6.0,3.6,2.16,3.17315,0.0,20.0,40.0,20.0,0.0,0.0,48.495663
2005,TI,38.08,29.02,1,11.122037,0.0,8,7.0,4.9,3.43,3.19931,0.0,20.0,40.0,20.0,0.0,0.0,48.495663
2006,TI,36.09,29.02,2,11.122037,0.0,9,8.0,6.4,5.12,3.22276,0.0,20.0,40.0,20.0,0.0,0.0,48.495663
2007,TI,37.08,29.02,2,11.122037,0.0,10,9.0,8.1,7.29,3.24851,0.0,20.0,40.0,20.0,0.0,0.33333334,48.495663
2008,TI,37.08,29.02,2,11.122037,0.0,11,10.0,10.0,10.0,3.2858,0.0,20.0,40.0,20.0,0.0,0.33333334,48.495663
2009,TI,33.92,29.02,4,11.122037,1.0,12,11.0,12.1,13.31,3.32736,0.0,20.0,40.0,20.0,0.0,0.33333334,49.185658
2010,TI,33.92,29.02,4,11.122037,,13,12.0,14.4,17.28,3.3572,0.0,20.0,40.0,20.0,0.0,1.0,47.893322
1998,UR,25.13,25.34,0,94.106865,0.0,0,0.0,0.0,0.0,0.35769,0.0,57.142857,28.571428,14.285714,0.0,,53.216953
1999,UR,25.13,25.34,0,94.106865,0.0,0,1.0,0.1,0.01,0.35612,0.0,57.142857,28.571428,14.285714,0.0,0.0,53.216953
2000,UR,52.26,25.34,0,94.106865,0.0,0,2.0,0.4,0.08,0.35487,0.0,57.142857,28.571428,0.0,0.0,0.0,53.216953
2001,UR,52.26,25.34,0,94.106865,0.0,0,3.0,0.9,0.27,0.3519,0.0,57.142857,28.571428,0.0,0.0,0.0,53.216953
2002,UR,52.26,25.34,0,94.106865,0.0,0,4.0,1.6,0.64,0.34992,0.0,57.142857,28.571428,0.0,0.0,0.0,53.216953
2003,UR,52.26,25.34,0,94.106865,0.0,0,5.0,2.5,1.25,0.35209,0.0,57.142857,28.571428,0.0,0.0,0.0,53.216953
2004,UR,52.26,25.34,0,94.106865,0.0,0,6.0,3.6,2.16,0.35118,0.0,42.857143,28.571428,14.285714,0.0,0.0,53.216953
2005,UR,38.72,25.34,0,94.106865,0.0,0,7.0,4.9,3.43,0.35083,0.0,42.857143,28.571428,14.285714,0.0,0.0,53.216953
2006,UR,43.88,25.34,1,94.106865,0.0,0,8.0,6.4,5.12,0.35087,0.0,42.857143,28.571428,14.285714,0.0,0.0,53.216953
2007,UR,43.49,25.34,2,94.106865,0.0,0,9.0,8.1,7.29,0.34948,0.0,42.857143,28.571428,14.285714,0.0,0.11111111,53.216953
2008,UR,43.49,25.34,2,94.106865,0.0,0,10.0,10.0,10.0,0.34989,0.0,42.857143,28.571428,14.285714,0.0,0.22222222,53.216953
2009,UR,51.84,25.34,4,94.106865,1.0,0,11.0,12.1,13.31,0.35162,0.0,42.857143,28.571428,14.285714,0.0,0.22222222,52.15398
2010,UR,51.84,25.34,4,94.106865,,0,12.0,14.4,17.28,0.35335,14.285714,42.857143,28.571428,14.285714,0.0,0.44444445,51.218704
1998,VD,78.31,18.95,1,7.0992794,0.0,1,0.0,0.0,0.0,6.08153,14.285714,0.0,28.571428,28.571428,1.0,,45.381165
1999,VD,78.31,18.95,1,7.0992794,0.0,2,1.0,0.1,0.01,6.11613,14.285714,0.0,28.571428,28.571428,1.0,0.0,45.381165
2000,VD,80.32,18.95,2,7.0992794,0.0,3,2.0,0.4,0.08,6.16275,14.285714,0.0,28.571428,28.571428,1.0,0.0,45.381165
2001,VD,80.32,18.95,2,7.0992794,0.0,4,3.0,0.9,0.27,6.19097,14.285714,0.0,28.571428,28.571428,1.0,0.2,45.381165
2002,VD,80.32,18.95,2,7.0992794,0.0,5,4.0,1.6,0.64,6.2498,14.285714,0.0,28.571428,42.857143,1.0,0.2,45.381165
2003,VD,80.32,18.95,2,7.0992794,0.0,6,5.0,2.5,1.25,6.31039,14.285714,0.0,28.571428,42.857143,1.0,0.2,45.381165
2004,VD,80.32,18.95,2,7.0992794,0.0,7,6.0,3.6,2.16,6.39105,14.285714,0.0,28.571428,42.857143,1.0,0.2,45.381165
2005,VD,67.55,18.95,2,7.0992794,0.0,8,7.0,4.9,3.43,6.47382,14.285714,0.0,28.571428,42.857143,1.0,0.2,45.381165
2006,VD,65.47,18.95,2,7.0992794,0.0,9,8.0,6.4,5.12,6.54093,14.285714,0.0,28.571428,42.857143,1.0,0.2,45.381165
2007,VD,61.45,18.95,3,7.0992794,1.0,10,9.0,8.1,7.29,6.62145,14.285714,0.0,28.571428,42.857143,1.0,0.2,45.381165
2008,VD,61.45,18.95,3,7.0992794,,11,10.0,10.0,10.0,6.72039,14.285714,0.0,28.571428,42.857143,1.0,0.4,45.381165
2009,VD,70.15,18.95,3,7.0992794,,12,11.0,12.1,13.31,6.88245,14.285714,0.0,28.571428,42.857143,1.0,0.4,49.872654
2010,VD,70.15,18.95,3,7.0992794,,13,12.0,14.4,17.28,7.01526,14.285714,0.0,28.571428,42.857143,1.0,0.6,48.735695
1998,VS,55.84,13.79,1,27.951553,0.0,1,0.0,0.0,0.0,2.73362,0.0,60.0,20.0,20.0,0.0,,49.764717
1999,VS,55.84,13.79,1,27.951553,0.0,2,1.0,0.1,0.01,2.74458,0.0,60.0,20.0,20.0,0.0,0.0,49.764717
2000,VS,65.56,13.79,1,27.951553,0.0,3,2.0,0.4,0.08,2.75632,0.0,60.0,20.0,20.0,0.0,0.0,49.764717
2001,VS,65.56,13.79,1,27.951553,0.0,4,3.0,0.9,0.27,2.76314,0.0,60.0,20.0,20.0,0.0,0.0,49.764717
2002,VS,65.56,13.79,1,27.951553,0.0,5,4.0,1.6,0.64,2.78419,0.0,60.0,20.0,20.0,0.0,0.0,49.764717
2003,VS,65.56,13.79,1,27.951553,0.0,6,5.0,2.5,1.25,2.81345,0.0,60.0,20.0,20.0,0.0,0.0,49.764717
2004,VS,65.56,13.79,1,27.951553,0.0,7,6.0,3.6,2.16,2.85008,0.0,60.0,20.0,20.0,0.0,0.0,49.764717
2005,VS,53.47,13.79,1,27.951553,0.0,8,7.0,4.9,3.43,2.87976,0.0,60.0,20.0,20.0,0.0,0.0,49.764717
2006,VS,53.06,13.79,1,27.951553,0.0,9,8.0,6.4,5.12,2.91575,0.0,60.0,20.0,20.0,0.0,0.0,49.764717
2007,VS,51.52,13.79,3,27.951553,0.0,10,9.0,8.1,7.29,2.94608,0.0,60.0,20.0,20.0,0.0,0.0,49.764717
2008,VS,51.52,13.79,3,27.951553,0.0,11,10.0,10.0,10.0,2.9858,0.0,60.0,20.0,20.0,0.0,0.5,49.764717
2009,VS,59.61,13.79,5,27.951553,1.0,12,11.0,12.1,13.31,3.03241,0.0,60.0,20.0,20.0,0.0,0.5,49.403786
2010,VS,59.61,13.79,5,27.951553,,12,12.0,14.4,17.28,3.07392,0.0,60.0,20.0,20.0,0.0,1.0,49.947315
1998,ZG,43.83,22.81,0,86.13547,0.0,0,0.0,0.0,0.0,0.95098,14.285714,28.571428,28.571428,14.285714,0.0,,52.195618
1999,ZG,43.83,22.81,0,86.13547,0.0,0,1.0,0.1,0.01,0.96517,14.285714,28.571428,28.571428,14.285714,0.0,0.0,52.195618
2000,ZG,69.24,22.81,0,86.13547,0.0,0,2.0,0.4,0.08,0.97758,14.285714,28.571428,28.571428,14.285714,0.0,0.0,52.195618
2001,ZG,69.24,22.81,0,86.13547,0.0,0,3.0,0.9,0.27,0.99714,14.285714,28.571428,28.571428,14.285714,0.0,0.0,52.195618
2002,ZG,69.24,22.81,0,86.13547,0.0,0,4.0,1.6,0.64,1.01022,14.285714,28.571428,28.571428,14.285714,0.0,0.0,52.195618
2003,ZG,69.24,22.81,0,86.13547,0.0,0,5.0,2.5,1.25,1.02407,14.285714,28.571428,28.571428,14.285714,0.0,0.0,52.195618
2004,ZG,69.24,22.81,0,86.13547,0.0,0,6.0,3.6,2.16,1.03642,14.285714,28.571428,28.571428,14.285714,0.0,0.0,52.195618
2005,ZG,53.38,22.81,0,86.13547,0.0,0,7.0,4.9,3.43,1.05244,14.285714,28.571428,28.571428,14.285714,0.0,0.0,52.195618
2006,ZG,55.42,22.81,0,86.13547,0.0,0,8.0,6.4,5.12,1.06496,14.285714,28.571428,28.571428,0.0,0.0,0.0,52.195618
2007,ZG,55.4,22.81,0,86.13547,0.0,0,9.0,8.1,7.29,1.07171,14.285714,28.571428,28.571428,28.571428,0.0,0.2,52.195618
2008,ZG,55.4,22.81,1,86.13547,0.0,0,10.0,10.0,10.0,1.09141,14.285714,28.571428,28.571428,28.571428,0.0,0.2,52.195618
2009,ZG,59.23,22.81,1,86.13547,0.0,0,11.0,12.1,13.31,1.10384,14.285714,28.571428,28.571428,28.571428,0.0,0.4,51.764023
2010,ZG,59.23,22.81,1,86.13547,1.0,0,12.0,14.4,17.28,1.1089,28.571428,28.571428,28.571428,14.285714,0.0,0.4,55.067856
1998,ZH,48.48,31.22,0,85.0122,0.0,1,0.0,0.0,0.0,11.81614,28.571428,14.285714,28.571428,28.571428,1.0,,55.615776
1999,ZH,48.48,31.22,0,85.0122,0.0,2,1.0,0.1,0.01,11.87609,28.571428,14.285714,28.571428,28.571428,1.0,0.0,55.615776
2000,ZH,69.94,31.22,0,85.0122,0.0,3,2.0,0.4,0.08,11.98569,28.571428,14.285714,28.571428,28.571428,1.0,0.0,55.615776
2001,ZH,69.94,31.22,0,85.0122,0.0,4,3.0,0.9,0.27,12.09672,28.571428,14.285714,28.571428,28.571428,1.0,0.0,55.615776
2002,ZH,69.94,31.22,0,85.0122,0.0,5,4.0,1.6,0.64,12.26931,28.571428,14.285714,28.571428,28.571428,1.0,0.0,55.615776
2003,ZH,69.94,31.22,1,85.0122,0.0,6,5.0,2.5,1.25,12.41312,28.571428,0.0,28.571428,42.857143,1.0,0.0,55.615776
2004,ZH,69.94,31.22,1,85.0122,0.0,7,6.0,3.6,2.16,12.49893,28.571428,0.0,28.571428,28.571428,1.0,0.0,55.615776
2005,ZH,58.07,31.22,1,85.0122,0.0,8,7.0,4.9,3.43,12.6181,14.285714,14.285714,28.571428,28.571428,1.0,0.0,55.615776
2006,ZH,59.41,31.22,2,85.0122,0.0,9,8.0,6.4,5.12,12.7259,14.285714,14.285714,28.571428,28.571428,1.0,0.0,55.615776
2007,ZH,56.97,31.22,3,85.0122,0.0,10,9.0,8.1,7.29,12.84052,28.571428,14.285714,28.571428,28.571428,1.0,0.16666667,55.615776
2008,ZH,56.97,31.22,3,85.0122,1.0,11,10.0,10.0,10.0,13.07567,28.571428,14.285714,28.571428,28.571428,1.0,0.33333334,55.615776
2009,ZH,61.89,31.22,3,85.0122,,12,11.0,12.1,13.31,13.32727,28.571428,14.285714,28.571428,28.571428,1.0,0.33333334,55.630627
2010,ZH,61.89,31.22,4,85.0122,,13,12.0,14.4,17.28,13.51297,28.571428,14.285714,28.571428,28.571428,1.0,0.33333334,54.778877
