income_centered,education,age,participation,support
0.006571003,3.5,23.666666,0,1
0.011074998,1.5,42,0,1
0.002424,4,43,0,1
0.007649996,6,21,0,0.5
0.010000998,2,33,0,1
0.018976999,6,64,0,1
0.012900003,5.5,37.5,0,0.5
0.006392003,2,19,0,0
0.011972001,4,17.4,0,0.5
0.009072999,5,33.599998,0,0
0.004358998,3.3333333,29,0,1
0.013053003,6,37,0,1
0.002562,6,23,0,1
0.003285001,5,43,0,0.5
0.004871997,3,15.333333,0,1
0.016988,5.5,53,0,0.5
0.001843998,,8.5,0,1
0.009639001,3,29,0,1
0.011452998,2.5,18.333334,0,1
0.012044,4,34,0,0.5
0.016884001,3,23.666666,0,1
0.016691001,1,46.5,0,0.5
0.001800002,,19,0,1
0.018477002,6,11,0,0.5
0.013495001,4.6666665,22.5,0,1
0.002009,4.6666665,32,0,1
0.008416998,2,17,0,1
0.013059999,6,21,0,0.5
0.007759,3.5,49,0,0.5
0.007722999,2,34.5,0,0
0.008447001,3,66,0,0.5
0.008447001,3,66,0,0.5
0.009679996,3,11.666667,0,1
0.010059002,3.5,60,0,0
0.011446001,2,15,0,1
0.007334,2,15,0,0.5
0.009391003,5,45.333332,0,0
0.009864999,2,23,0,1
0.003864,4.5,21.666666,0,1
0.004692002,2,41,0,0.5
0.015010001,2.6666667,17,0,1
0.002754996,3,20,0,1
0.008925001,6,22.25,0,0
0.003661999,2.3333333,31,0,1
0.012351999,1.5,19,0,1
0.018666001,4.3333335,35.333332,0,1
0.000392,4.5,39,0,0.5
0.004123999,4.5,39,0,0.5
0.005029994,5,13.75,0,1
0.014595,3.5,14,0,0.5
0.018976999,6,31,0,1
0.015990006,6,23.142857,0,1
0.009993,4.5,14,0,0.5
0.017837999,4.5,42.5,0,1
0.008969002,3,10.6,0,1
0.011469999,6,45.333332,0,1
0.014011997,3,39.666668,0,0
0.007152,3.5,15.2,0,0.5
0.009752999,4,26.25,0,1
0.010509999,,41,0,1
0.004501002,2.5,22.200001,0,0.5
0.006571003,4.5,20.333334,0,0.5
0.014120997,6,12.5,0,1
0.004144999,6,14.666667,0,1
0.010619001,,14.5,0,0
0.016215997,3,22.666666,0,1
0.015497001,1,32,0,0.5
0.006987001,3,56.5,0,1
0.013053003,4,60,0,0
0.013414997,6,11,0,1
0.019719997,5,40,0,0.5
0.004871997,3,14.333333,0,1
0.018474,5.5,13.333333,0,1
0.008794999,5,54,0,1
0.003202001,3.5,11.25,0,0.5
0.007566998,1,30,0,1
0.012989001,4,35.5,0,1
0.005949998,4,33.5,0,1
0.011462001,4,19.666666,0,1
0.016136998,1.5,27.666666,0,1
0.005459996,3,36,0,1
0.000345,3.6666667,22.142857,0,1
0.010811004,2,35,0,0
0.008689002,3,17.75,0,0.5
0.018427001,6,30.6,0,0.5
0.011388998,2.5,27.75,0,1
0.016441999,3,27,0,0.5
0.009671001,5,60,0,1
0.014783003,5,30.666666,0,1
0.016367005,6,12,0,1
0.004902001,4,13.25,0,0.5
0.007960001,3,46,0,1
0.004691999,4,37.333332,0,0.5
0.009447004,3.5,19,0,0.5
0.005981998,4.5,18.4,0,0.5
0.009191999,3.3333333,36,0,1
0.016032996,2,16,0,0.5
0.005961,4,29,0,1
0.014631001,5.5,32.666668,0,1
0.005629997,3,12.666667,0,1
0.005420999,3,51.5,0,1
0.008447001,3,50,0,0
0.012815,6,18.714285,0,1
0.014448998,4,18.666666,0,1
0.006080999,3,11,0,0.5
0.003426003,3,21.25,0,1
0.014472001,4,29.4,0,0.5
0.019465001,1,11,0,0.5
0.006850007,5.5,40,0,0.5
0.004145002,4.5,51.333332,0,0.5
0.002949002,4,13,0,1
0.009705002,4,18.25,0,1
0.017141001,3.3333333,38.400002,0,0
0.002844001,5,56,0,0.5
0.000139999,6,18.6,0,1
0.01268,4.5,27,0,1
0.014108999,6,34.75,0,1
0.012978003,1,21.333334,0,1
0.009921001,4.5,29,0,0.5
0.011530996,5,13.333333,0,1
0.019552002,2,15.5,0,0
0.015212002,5.5,22.75,0,0.5
0.004033002,4.5,49.5,0,0.5
0.014456998,3,20.75,0,1
0.015616001,6,61,0,1
0.005111995,4,29.25,0,0
0.009384999,3,20.5,0,0.5
0.00171,6,21,0,1
0.007810998,6,18,0,0.5
0.012421,5,38,0,0.5
0.012776999,4,18.4,0,1
0.010389003,4,27,0,1
0.018423,5,14.333333,0,1
0.017130001,6,20,0,1
0.012810999,4,39,0,0.5
0.000713998,4.5,66.666664,0,1
0.002019005,3,30.75,0,0.5
0.013088001,3.5,18.200001,0,1
0.011005002,6,16,0,1
0.012810999,4,33,0,0.5
0.008610999,4,36.5,0,1
0.013053003,4,48,0,0
0.012693006,6,22.666666,0,0.5
0.004692002,2,68,0,0
0.010462002,5,32,0,1
0.000909002,4,30.666666,0,0.5
0.017633,4,16,0,1
0.019097002,4.5,21.333334,0,0.5
0.000606003,2,28.5,0,1
0.017696993,6,14,0,0.5
0.010105001,3,13,0,1
0.003069001,4.5,41.666668,0,1
0.012269999,6,22.75,0,0
0.002286999,1,12,0,0.5
0.002582001,6,11.333333,0,1
0.001503998,4,33.25,0,0.5
0.018352998,6,57,0,0.5
0.008004003,3.5,44,0,1
0.007810998,6,11.5,0,0
0.001186001,6,8.25,0,1
0.017305,3.5,16,0,1
0.001350003,3.5,14.5,0,1
0.018817002,5,56.5,0,0.5
0.000878001,5,33.5,0,0.5
0.001255999,6,26,0,0.5
0.010554002,6,24.200001,0,1
0.018976999,6,54,0,1
0.011547999,5,29.5,0,1
0.004241003,4,56,0,1
0.015268,5,48,0,0.5
0.012269999,3,35.25,0,1
0.007627997,1,9.1999998,0,1
0.018439004,6,39,0,0.5
0.008340004,4,18.25,0,0.5
0.016431006,6,18.333334,0,0
0.003777997,6,21.333334,0,1
0.003826001,2,58,0,1
0.018244,5,18.666666,0,1
0.013414997,6,15,0,1
0.006767,,68,0,1
0.017913001,5,41.333332,0,1
0.018917998,6,31,0,0.5
0.018352998,6,52,0,1
0.016246999,6,54.5,0,1
0.019719997,5.5,26.333334,0,0.5
0.011446001,2,15.5,0,0.5
0.018996002,1.5,21.75,0,1
0.006765994,3.5,42.5,0,0
0.007015999,4.6666665,48,0,0.5
0.015865998,6,38.666668,0,1
0.008649998,5,36,0,1
0.017696993,6,34.666668,0,1
0.010519998,1,47,0,1
0.013116,6,60,0,1
0.009252,4,26.25,0,0
0.019545997,2,10,0,0
0.011731001,3,22.333334,0,1
0.004692002,2,67,0,0.5
0.009786999,4,48.666668,0,1
0.012843999,1,68,0,1
0.006359997,4,25.6,0,0.5
0.002396004,6,28.5,0,1
0.008248,,55,0,0
0.005228001,2,23.799999,0,0.5
0.007115998,3.6666667,21.799999,0,0.5
0.016322004,4,39.799999,0,0.5
0.011933998,4.5,30.666666,0,0.5
0.008447001,3,46,0,0.5
0.012882,2.5,21.5,0,0
0.008164997,3.6666667,22.200001,0,0.5
0.017909,6,15.666667,0,1
0.010721998,3.5,30.25,0,1
0.016145999,0.66666669,40.5,0,1
0.014050002,2,22.5,0,0.5
0.00171,6,15,0,0.5
9.6001866e-05,4.5,21,0,1
0.013077,6,40.5,0,0.5
0.015396002,3.5,14.666667,0,1
0.004699002,6,14.666667,0,0
0.009256001,3,26,0,1
0.004252998,3,64,0,0
0.00171,6,30,0,1
0.004525998,3.6666667,31.75,0,1
0.015979001,3.5,67.5,0,1
0.015268,5,33,0,0.5
0.004971,4,11.625,0,1
0.008090007,6,35.5,0,1
0.017706001,3.5,16.799999,0,1
0.017495999,6,20.6,0,1
0.019506002,5.5,71.5,0,1
0.018418001,4.6666665,20.285715,0,0.5
0.019796999,3,12.333333,0,1
0.001200999,6,18.285715,0,1
0.001110001,4.5,58,0,1
0.010068002,5,21,0,0
0.010783998,4,56.5,0,1
0.014050002,4,34,0,0
0.005179002,3.6666667,40.75,0,0.5
0.000692001,1,62,0,1
0.015029998,4,40,0,1
0.014739002,4,21,0,0
0.004011999,1,9.5,0,1
0.010458994,4,51.333332,0,1
0.009256001,1,23.75,0,0.5
0.010264998,6,13.5,0,1
0.009384999,3,32,0,0.5
0.005728998,4.5,15.6,0,1
0.005159,5.3333335,19.25,0,0.5
0.010363,3,10.75,0,0
0.002892001,6,23.5,0,1
0.004637997,3,12.666667,0,0.5
0.005774002,6,14.333333,0,1
0.018611999,2,59,0,1
0.006939,5,22.75,0,1
0.006768002,2,19,0,1
0.014865997,1,14.75,0,0.5
0.005738998,2.5,21.75,0,1
0.003753001,4.5,39.5,0,0.5
0.002396999,6,14.5,0,1
0.018976999,0,21,0,1
0.008174999,2,33,0,0.5
0.008447001,3,25,0,0.5
0.018609999,4.5,34,0,0
0.018597001,2,68,0,1
0.000782999,1,11.2,0,1
0.002300999,6,28,0,1
0.009288997,5,21.333334,0,1
0.015268,5,61,0,1
0.010589997,3,30,0,1
0.016962999,6,20.333334,0,1
0.001863001,3.5,60,0,1
0.017503003,4,24.666666,0,1
0.013137998,6,11.5,0,1
0.014120997,6,17.5,0,1
0.018636001,3.5,38.666668,0,1
0.011059004,2,11.666667,0,1
0.003753001,3,25.5,0,0.5
0.003166007,4,23,0,1
0.016843,2,14.333333,0,1
0.005436997,4.6666665,32.25,0,0.5
0.003372998,3.5,33,0,1
0.007803003,6,16,0,1
0.013437001,3.6666667,36,0,1
0.012013006,6,29.75,0,1
0.013639997,6,27,0,0.5
0.019036001,5,22.5,0,0
0.008447001,3,55,0,1
0.008806001,4.5,16.666666,0,0.5
0.013615997,1,54,0,1
0.014410998,3,16.666666,0,0.5
0.005850999,1.5,45.5,0,1
0.018809998,5,14.5,0,1
0.015952999,4.5,51,0,0
0.006923998,6,22.333334,0,1
0.002348999,2.6666667,15.666667,0,0.5
0.002560998,3,10,0,1
0.003783005,1,13,0,0.5
0.000103996,4.3333335,32.400002,0,1
0.003777997,1,16.666666,0,1
0.000516997,6,14,0,0.5
0.004352997,5.5,17.5,0,0
0.008037004,3,25,0,1
0.018352998,6,32,0,1
0.017170997,3,16.333334,0,1
0.014241001,2.5,10.857142,0,1
0.009613001,4,28.4,0,1
0.015040999,5,27,0,0.5
0.012116003,2,11,0,1
0.015616001,6,60,0,0
0.001755002,2.5,60.5,0,0.5
0.010831998,4.5,41.799999,0,1
0.006583997,,32,0,1
0.00171,6,34,0,1
0.017357999,4,18,0,1
0.015616001,6,40,0,0.5
0.012285995,0,29.5,0,0.5
0.008346998,6,69,0,0.5
0.004692002,2,59,0,0
0.000692001,1,65,0,0.5
0.015268,5,56,0,0
0.001928999,5,31.714285,0,0.5
0.010209998,3.6666667,24.799999,0,0.5
0.005995999,4,56,0,1
0.016246999,3,43,0,1
0.009361001,4.6666665,46.333332,0,1
0.012347,3,40.666668,0,0
0.016312001,2,27.5,0,1
0.018117001,2,19,0,1
0.000588002,5.5,25,0,1
0.007464001,1,22,0,0.5
0.015578003,6,19,0,0.5
0.009563999,2,70,0,1
0.006995003,3,68,0,1
0.006176003,5,48.333332,0,0.5
0.017513001,4.5,49.5,0,1
0.013975996,5,12.666667,0,1
0.013615997,1,47,0,1
0.007997002,6,30.666666,0,1
0.016694,2.3333333,42.666668,0,0.5
0.015430002,3,45.666668,0,1
0.01197,4,54,0,1
0.017836997,3,58.5,0,1
0.01089,4,32.5,0,0
0.004692002,2,45,0,1
0.001471,4.6666665,19.571428,0,1
0.006923998,6,56.333332,0,0
0.014555001,6,12.666667,0,0.5
0.001937999,3.7142856,41.142857,0,0.5
0.002846004,4.5,55.5,0,1
0.015970001,4.5,52.5,0,1
0.015616001,6,60,0,1
0.019552002,2,9,0,1
0.008447001,3,67,0,1
0.013116,6,54,0,0.5
0.002814001,4,21,0,0.5
0.004960003,6,17.666666,0,1
0.007485003,3.6666667,35.666668,0,1
0.012847999,3,31.5,0,0.5
0.012843999,1,67,0,1
0.018726001,6,52.333332,0,1
0.017119,4,45.5,0,0
0.015616001,6,58,0,0.5
0.018597001,2,54,0,1
0.018611999,2,69,0,1
0.017069997,2.3333333,26.25,0,0.5
0.013015999,2,28.5,0,0.5
0.01197,4,60,0,0.5
0.012944997,5.3333335,36.799999,0,1
0.000492999,4,36.333332,0,1
0.008090007,6,39,0,1
0.011203998,3.5,14,0,0.5
0.006321999,6,16.25,0,0
0.007803003,6,16,0,0
0.018722998,3,31.666666,0,0.5
0.005946002,5,14.875,0,0.5
0.016655,3,21.666666,0,1
0.008346998,,51,0,1
0.018352998,6,61,0,0.5
0.001967999,2.5,26.6,0,0.5
0.018864999,3,14.2,0,1
0.008447001,3,67,0,1
0.000475007,2.75,21.222221,0,1
0.019034,3.5,25.4,0,1
0.002903002,4,32.5,0,1
0.011897997,4.25,34,0,1
0.010811004,6,20.5,0,1
0.013489001,,7.5,0,1
0.009340997,3,16,0,1
0.015011999,4,15,0,1
0.000337003,4,36,0,1
0.019839996,3.75,34.75,0,1
0.00569,2,18.5,0,1
0.005015002,4,64,0,0
0.014661002,6,16.666666,0,1
0.006768005,2.5,16.333334,0,1
0.016268002,6,27,0,1
0.016655,3,21.666666,0,1
0.005918997,6,28.333334,0,1
0.000728997,3,22,0,0.5
0.017057998,4,40,0,0.5
0.006987001,3,45,0,1
0.018173998,3.5,14.5,0,0.5
0.006717998,4,24,0,1
0.018352998,6,44,0,1
0.018352998,6,33,0,1
0.004904999,6,14.6,0,1
0.001434001,3,64,0,1
0.004692002,2,58,0,1
0.013902002,3,20.5,0,0.5
0.007078,5.5,22,0,1
0.017130001,6,60,0,0
0.015578003,6,46.5,0,1
0.009681004,2,12.8,0,1
0.015093999,2,65,0,0.5
0.004647999,1,33.333332,0,0
0.011318,1.5,36,0,0.5
0.018976999,6,27,0,0
0.013702,4.5,31.4,0,1
0.008601001,4.5,34.5,0,1
0.00617,6,22.333334,0,1
0.00202,6,26.75,0,1
0.005754998,6,44,0,0.5
0.011492001,2.6666667,53,0,1
0.018567996,3,16.666666,0,0.5
0.012588998,3,30,0,1
0.01039,4.6666665,29.200001,0,0
0.006500999,2,28,0,1
0.016940998,4,28,0,1
0.018427001,3,38.5,0,1
0.011271003,6,20,0,0.5
0.018976999,6,26,0,1
0.013615997,1,65,0,0.5
0.006636994,6,14.333333,0,1
0.018352998,6,56,0,0.5
0.015497001,1,32,0,0.5
0.009384999,3,64,0,1
0.015794994,4.5,28.6,0,1
0.006458001,6,28,0,1
0.005015002,4,64,0,0.5
0.016932001,5.5,23.25,0,0
0.001110001,4.5,57.5,0,1
0.002300999,6,55,0,0
0.019892002,6,19.5,0,0.5
0.019602003,5,30,0,1
0.010541999,4.75,31.799999,0,0.5
0.013459,2,12.333333,0,1
0.001216,3,27.333334,0,1
0.004125002,5,18.666666,0,0.5
0.018703999,4,15.666667,0,0
0.004346998,4,25.75,0,0.5
0.018352998,6,33,0,1
0.004896002,3,21,0,1
0.005478003,4.5,14,0,1
0.011143999,3.5,45.5,0,0
0.018342001,4.75,39.5,0,1
0.005608001,4.3333335,18,0,0.5
0.017714998,0.66666669,24.428572,0,0.5
0.008006001,6,18,0,1
0.001741002,3.5,25.333334,0,1
0.000609002,4.5,39.333332,0,0
0.006607997,1,27.5,0,1
0.005745004,4,7,0,0
0.008900998,3,19.666666,0,0
0.009309998,3,28,0,1
0.009325999,6,18.75,0,1
0.007826003,6,10.5,0,0
0.002596998,2,55,0,0.5
0.015341001,3.6666667,28.25,0,0.5
0.006163004,5,22.5,0,0.5
0.001409995,3.3333333,27.285715,0,0.5
0.015391999,1.5,17,0,1
0.00046,5,36,0,1
0.012116003,2,11.5,0,1
0.011045002,4,26.5,0,0.5
0.018477002,6,10.5,0,0.5
0.015785998,4.8000002,27.428572,0,1
0.012337998,6,33,0,0.5
0.004912998,3.5,25.5,0,0.5
0.019552002,2,24,0,1
0.016578997,6,27.5,0,1
0.007093998,2.3333333,18.799999,0,1
0.003285001,4,51.333332,0,1
0.002043998,3,31,0,0.5
0.000869,3,37,0,0.5
0.004871997,3,19.666666,0,1
0.011655006,4.5,27,0,1
0.002300999,0,57,0,1
0.011766003,3,19,0,1
0.007329999,3,33.666668,0,1
0.01197,4,52,0,1
0.001310999,4.6666665,27.4,0,0.5
0.017709998,3,64,0,0.5
0.014617997,4,22,0,0
0.006458001,4,64,0,0
0.013448001,6,48.5,0,1
0.002362998,6,13.666667,0,0.5
0.007803003,6,12.5,0,0
0.016655,3,21.666666,0,1
0.001255999,6,22,0,1
0.008037004,4,55,0,0.5
0.017513001,3.5,27.75,0,1
0.012987001,1,35,0,0
0.013590003,2,13.142858,0,1
0.003171,4,23.5,0,1
0.002396004,6,14.5,0,0.5
0.015061,5,50,0,1
0.001855003,4,32.200001,0,1
0.000219001,5,30,0,1
0.015804002,2.5,27.5,0,1
0.013095999,5.3333335,25.4,0,0.5
0.008248,,62,0,1
0.017289,4.6666665,18.714285,0,1
0.006063002,6,23.333334,0,0.5
0.004475997,4,20.666666,0,0.5
0.008783001,3.6666667,29.799999,0,0.5
0.013414997,6,15,0,1
0.018759998,6,37.25,0,0
0.010624001,5,59,0,1
0.011233005,3,18.5,0,1
0.017709998,3,61,0,0.5
0.002178999,4,30.75,0,1
0.014116007,4,16.166666,0,0.5
0.015036,5.5,26.666666,0,0.5
0.010835001,4,40,0,0.5
0.018352998,6,68,0,0.5
0.015805,6,30,0,1
0.010307002,2,57,0,1
0.004927001,4.5,32.200001,0,0.5
0.018439004,6,29.5,0,1
0.006941999,5.6666665,20.875,0,0
0.016930001,6,35,0,0.5
0.005961,2,19,0,1
0.000692001,1,69,0,1
0.000316995,6,24.5,0,1
0.011084001,3.5,33.666668,0,1
0.009532007,6,26,0,0.5
0.005579999,6,27,0,0
0.017836997,5,33,0,0.5
0.01505,2,27.5,0,1
0.006055998,6,27,0,0
0.018809998,5,26,0,0.5
0.016441999,6,47.666668,0,0.5
0.014812999,4.25,37,0,1
0.006184998,4,30.333334,0,1
0.012118998,2,15.666667,0,1
0.012296,1,48,0,1
0.006468998,3,63,0,1
0.017062994,1,11.333333,0,1
0.013448001,6,32.5,0,1
0.010482999,4,35.75,0,1
0.006426002,2,11,0,1
0.01197,4,63,0,1
0.010998001,5,25.333334,0,0.5
0.005177002,5,19.666666,0,1
0.008447001,3,61,0,1
0.015268,5,58,0,1
0.003495003,4,21,0,1
0.014827,2,37.666668,0,0.5
0.000414001,2,26.333334,0,1
0.013412002,5.6666665,33.25,0,1
0.017858999,6,22,0,1
0.013459998,2,26.666666,0,1
0.006767,,32,0,0
0.012390999,4,16.799999,0,1
0.012286003,4,26.5,0,1
0.00459,3,33,0,1
0.018315,4,16.75,0,1
0.017096998,6,15.875,0,1
0.008346998,,72,0,0
0.019545997,2,12.5,0,0.5
0.017961001,4,19.200001,0,1
0.012698,4,26.75,0,0
0.011521998,6,20.666666,0,0.5
0.007137003,2.6666667,17,0,1
0.014943997,5,51,0,0.5
0.015371999,6,14,0,0.5
0.01197,4,52,0,1
0.014581,2,34,0,0.5
0.016264999,3.5,19.799999,0,0.5
0.001827004,6,18.75,0,1
0.010905,1,22,0,1
0.018352998,6,43,0,1
0.010468,,61,0,0.5
0.00628,2,20.5,0,0.5
0.009566995,6,33.75,0,1
0.001269999,6,18.75,0,1
0.017493999,3,52,0,0.5
0.016012,3.5,48,0,1
0.017620998,5.1999998,25.222221,0,1
0.017836997,5,36.5,0,1
0.005913996,4.5,26,0,0.5
0.014506997,3,19.333334,0,1
0.009851998,3,22.666666,0,1
0.017716998,5,23.666666,0,1
0.009937006,2.25,27.799999,0,1
0.002300999,6,59,0,1
0.009229,5.5,19.25,0,1
0.012467996,6,28.25,0,1
0.007810998,6,14,0,1
0.018649997,4.5,27.5,0,1
0.002902002,5,22.5,0,1
0.006321999,6,17,0,1
0.000193997,6,10.428572,0,1
0.008346998,,66,0,1
0.004405993,3.3333333,53.75,0,1
0.017975999,3,59,0,1
0.014319001,6,21.666666,0,1
0.015616001,6,27,0,0.5
0.000516997,6,11,0,1
0.014411005,4,31.200001,0,0.5
0.018809998,5,32.5,0,1
0.000909002,5.5,27,0,0
0.018604996,4,13,0,0.5
0.005801999,6,25,0,0.5
0.015616001,6,53,0,0.5
0.009949998,5,23.666666,0,1
0.018552,4,66,0,0.5
0.017014997,6,44.666668,0,0.5
0.007721993,1,23.5,0,0.5
0.008447001,3,52,0,0
0.007676001,1,22.666666,0,0.5
0.015516001,3.5,15.333333,0,0.5
0.013902002,3,53.5,0,1
0.002281001,4,16.5,0,1
0.017924996,2,13.333333,0,0.5
0.004399,5.5,19.375,0,1
0.017709998,3,57,0,1
0.018352998,6,25,0,1
0.017863,3,36.5,0,1
0.003906998,6,16,0,0.5
0.002802999,4.5,22,0,0.5
0.014523002,4,32,0,0.5
0.013398999,2.5,46.333332,0,1
0.011043,1,17.666666,0,0.5
0.015616001,6,48,0,0.5
0.004475997,5,32.333332,0,0.5
0.018352998,6,51,0,0.5
0.018976999,6,23,0,1
0.014011997,4.5,41.666668,0,1
0.011235001,1,64,0,1
0.018976999,6,43,0,1
0.000168002,3,27,0,1
0.007559998,2,24,0,0
0.010560998,4.5,22.166666,0,1
0.007340002,3,30,0,1
0.011059004,4,12.5,0,0
0.004196002,1.5,30.666666,0,1
0.008463001,3,39,0,1
0.018804999,2,20.5,0,0.5
0.002096,2,12.166667,0,1
0.016943002,3,23.666666,0,0
0.016563,4,13,0,1
0.006458001,6,36.5,0,1
0.002137,4,33,0,0.5
0.004915001,4.5,13.3,0,1
0.008052001,5,28.799999,0,1
0.002774003,5,25.333334,0,1
0.010397,5,20.333334,0,1
0.002304001,4,16,0,1
0.019705998,3,16.555555,0,1
0.009237998,3.5,21.666666,0,0.5
0.016442003,6,19.200001,0,1
0.014431003,6,18.75,0,1
0.017544998,,64,0,1
0.003158002,4.3333335,27.25,0,0.5
0.013413,4,21,0,0.5
0.009639001,5,23.5,0,0.5
0.007671001,6,21,0,0.5
0.000463995,5,45,0,0.5
0.011580997,6,17.799999,0,1
0.003906998,6,11,0,0
0.007829001,4,46.5,0,0.5
0.018611999,2,48,0,0
0.012612003,2,12,0,1
0.006984997,3,10.5,0,0
0.017582001,2.6666667,31.799999,0,1
0.011561,3.5,22.666666,0,1
0.001667003,4,36.666668,0,0
0.008306,3,25.714285,0,1
0.001755999,4.5,22.5,0,0.5
0.012646,3,28.25,0,1
0.010011999,2,40.5,0,1
0.005701999,6,14.333333,0,0.5
0.017328,,60,0,1
0.009522998,3.5,44.666668,0,1
0.003916996,4,19.25,0,1
0.018611999,2,41,0,1
0.015717002,3,27.5,0,1
0.01863,2.5,26.25,0,0.5
0.003108999,2,19,0,0.5
0.010725001,5.5,34.333332,0,0.5
0.010546999,3,14.666667,0,1
0.001885996,,65,0,1
0.010462002,5,64,0,0.5
0.011856996,4.5,34,0,0.5
0.003002001,4,20.25,0,0
0.015616001,6,52,0,1
0.009547001,3.3333333,24,0,0
0.006145001,3,45.333332,0,0
0.018352998,6,23,0,1
0.015115003,4,17,0,0
0.008677001,3.5,14.5,0,1
0.016420001,3.5,46.5,0,1
0.002223001,4.5,20.5,0,0.5
0.008447001,3,69,0,0.5
0.004475997,2,16.666666,0,1
0.01505,6,27,0,1
0.006767,,27,0,1
0.005822997,2.5,18,0,1
0.017588006,6,10,0,0.5
0.010895001,4,60,0,0.5
0.014050002,2,15.5,0,0.5
0.011900003,1,14,0,0.5
0.018816998,6,24,0,0
0.002903002,4,21,0,0.5
0.007751005,5,33.200001,0,0
0.005961,2,31.5,0,1
0.007997002,6,23.333334,0,1
0.004869998,4.3333335,28.5,0,0.5
0.017863,3,39,0,1
0.005015002,4,58,0,0
0.008447001,3,48,0,1
0.010287005,6,28.5,0,0
0.009384999,3,52,0,1
0.018140001,6,50,0,0
0.001724,4,32,0,0.5
0.003639998,2.5,46,0,1
0.013321,3.5,21.666666,0,1
0.000587,3.5,39.5,0,1
0.009639001,3,26,0,0.5
0.014050002,2,27,0,0.5
0.009125,6,25.5,0,1
0.019719997,4,20.333334,0,0.5
0.0162,3,19,0,0
0.018264001,,43.5,0,1
0.000902,6,20,0,1
0.002057004,4.75,25.666666,0,1
0.004692002,2,65,0,1
0.011897997,4.25,34,0,1
0.012314999,1.5,43.5,0,0.5
0.001759003,3,24.666666,0,1
0.018189998,3,64,0,0
0.016409999,4.5,35.666668,0,1
0.005235998,4.5,23,0,0.5
0.015676001,3,15.333333,0,1
0.019084001,4,21,0,0
0.017975999,3,55,0,1
0.008170002,4,27.5,0,0
0.005961,5,41,0,1
0.000115993,5.3333335,29.200001,0,1
0.004167001,6,29.5,0,0
0.010195005,6,13.5,0,1
0.006830002,6,12,0,1
0.017263999,3,35.666668,0,1
0.012136,6,12.5,0,1
0.011521998,6,10,0,1
0.019723998,6,41.5,0,0.5
0.019227,6,27.333334,0,0.5
0.000613997,4,59.5,0,1
0.014229001,6,12,0,0.5
0.018391998,3,19,0,1
0.000144997,4.5,30.799999,0,1
0.002300999,6,49,0,1
0.000491003,6,11,0,0.5
0.008806,4,66,0,1
0.008170002,4,55,0,0.5
0.005951001,6,29.5,0,1
0.004175999,4,23,0,0.5
0.002362998,6,21.333334,0,0.5
0.001630994,4,24.333334,0,1
0.018597001,2,56,0,1
0.008663999,2.6666667,44.5,0,1
0.01197,4,60,0,0.5
0.013664001,,13.833333,0,0.5
0.013546999,1,12,0,0.5
0.005663001,5,46.5,0,0
0.006468998,3,50,0,1
0.008447001,3,56,0,1
0.015025997,4.5,32.75,0,0.5
0.002009996,4,39,0,0.5
0.017293001,6,21,0,0.5
0.012152998,1,8.333333,0,0.5
0.012337998,3.5,25,0,1
0.007387999,3,24.6,0,1
0.008846003,1,12,0,1
0.005302998,6,18.666666,0,0
0.016420001,3.5,37,0,1
0.017709998,3,69,0,0
0.011318,3,69.5,0,0
0.001810002,3,16.666666,0,0.5
0.011332999,6,32,0,1
0.013080004,5.5,29.666666,0,1
0.002300999,6,38,0,1
0.000420998,5,27.4,0,1
0.006163004,2,20.75,0,0.5
0.018352998,6,39,0,1
0.009639001,5,26.5,0,0.5
0.018352998,6,58,0,0.5
0.011705997,6,22.5,0,0.5
0.015616001,6,63,0,1
0.016968997,4,27.666666,0,0.5
0.000276002,5,29.5,0,0.5
0.008032003,3.8333333,39.166668,0,0.5
0.008883001,3.5,15.25,0,1
0.014818001,5,12,0,1
0.006995003,3,46,0,0.5
0.013679001,3.5,54,0,1
0.012421,2.5,17.5,0,1
0.005789998,4.25,22.857143,0,1
0.004871997,3,17,0,1
0.002205002,3,45.400002,0,0
0.003812003,5.3333335,46.666668,0,0
0.006987001,3,32.5,0,0.5
0.009384999,4.5,25.5,0,0.5
0.014823007,4.5,24.5,0,1
0.014631001,3,17,0,1
0.007664001,6,45,0,1
0.019227,1.5,25.5,0,0.5
0.014941993,5.5,25.75,0,1
0.00758,6,38.5,0,1
0.009430998,3.3333333,26.4,0,1
-0.003621993,6,21.333334,1,1
-0.002170003,5,18.5,1,1
-0.013947998,6,19.666666,1,1
-0.008385,4.5,47.5,1,1
-0.000336,1,8.6000004,1,0
-0.017950004,5.3333335,34.666668,1,1
-0.018364003,6,24.333334,1,1
-0.002124002,6,56,1,0.5
-0.015574996,6,21,1,1
-0.001210002,4.5,20.5,1,1
-0.012451002,6,21,1,1
-0.016328001,6,15.333333,1,0.5
-0.013154997,1,62,1,1
-0.013411996,3,21.666666,1,1
-0.009574999,4,11.25,1,1
-0.007723001,2.3333333,32.75,1,1
-0.001505001,4,31,1,0.5
-0.010976997,1,23,1,0.5
-0.002746998,6,30.5,1,1
-0.001849999,5,49,1,1
-0.017804002,3.5,18.75,1,0.5
-0.011490998,2,31.799999,1,0.5
-0.019463001,2,18,1,1
-0.006521998,6,39,1,1
-0.003621993,6,15.666667,1,1
-0.019337004,5,13,1,1
-0.004476001,6,60,1,0.5
-0.015334,2,12.5,1,0
-0.017194001,6,23,1,1
-0.013542001,4,23,1,1
-0.015130004,6,49.5,1,1
-0.015574996,6,13.333333,1,0.5
-0.010350002,1,12,1,0
-0.004171995,2.5,24,1,0.5
-0.010545,3,36,1,1
-0.019239997,2.6666667,32,1,1
-0.012803,4,36.333332,1,0.5
-0.008387001,4.5,22.666666,1,0.5
-0.000465998,1,19,1,1
-0.018898001,5.5,59,1,1
-0.018337002,,9,1,0.5
-0.008668004,3,28,1,0
-0.002766003,6,54,1,0.5
-0.008078999,2,12,1,1
-0.011590002,4,59.5,1,1
-0.008064,,38,1,1
-0.013636997,4.6666665,33,1,1
-0.010094997,5,20,1,1
-0.010659998,4.5,38,1,1
-0.001865001,3,16.5,1,1
-0.015385001,6,25,1,1
-0.010755,3,21.333334,1,0.5
-0.001930003,6,16.166666,1,1
-0.011136998,5.3333335,28.75,1,0
-0.002940995,4,11,1,1
-0.010840994,3.3333333,32.25,1,0.5
-0.009852004,3,24.799999,1,0.5
-0.019213004,6,25.5,1,1
-0.001864997,4,33,1,1
-0.007815001,6,19,1,0.5
-0.014763003,4,26.125,1,0.5
-0.014669997,4,21.333334,1,1
-0.017904,6,17.333334,1,0
-0.003560001,,54,1,1
-0.012325002,4.875,16.722221,1,0.5
-0.001849999,5,68,1,1
-0.004303,4,27,1,1
-0.010203997,1,17,1,0.5
-0.010937003,3,61,1,1
-0.017104996,4.5,38,1,1
-0.003372004,1,12.333333,1,1
-0.017659998,3.5,24,1,1
-0.001065997,6,18,1,1
-0.014043001,2,67,1,1
-0.005951998,2,13,1,1
-0.003044001,3.5,29.666666,1,1
-0.011245003,6,27,1,1
-0.004041999,3.6666667,55,1,0
-0.014282,5,25.75,1,1
-0.017052,4,19,1,1
-0.014566001,2.5,16.666666,1,1
-0.006752995,4,25.333334,1,0.5
-0.005057997,3,19,1,1
-0.018784,4.5,34.25,1,1
-0.014599002,6,23.666666,1,1
-0.013368002,5,25,1,1
-0.015574996,2,24.666666,1,1
-0.018395996,3,12.5,1,0.5
-0.016582003,3,21.5,1,0.5
-0.001567004,2.5,17.799999,1,1
-0.017065002,3,32.333332,1,1
-0.006816001,4.5,27.5,1,0.5
-0.011257997,,16,1,1
-0.003124998,1,28.5,1,1
-0.006260002,4,31,1,1
-0.018291002,2.5,13.333333,1,1
-0.015847003,,62.5,1,1
-0.018205998,6,26.333334,1,0
-0.012930003,4.5,26.75,1,0.5
-0.011590002,6,25.5,1,1
-0.002124002,2,23,1,1
-0.006097001,3,36,1,1
-0.015891997,2,68,1,1
-0.014853997,1.5,21.5,1,1
-0.009625,6,23.75,1,1
-0.007564996,6,26.333334,1,0
-0.015714003,6,14,1,0.5
-0.012513002,3.25,28,1,1
-0.010494,2,8.333333,1,1
-0.010055003,3,21.25,1,1
-0.003966001,6,21,1,1
-0.017052,4,9.666667,1,1
-0.015214002,6,18,1,1
-0.004508001,6,17.333334,1,1
-0.013865999,4.5,32.333332,1,1
-0.013132003,3.5,17,1,1
-0.019104002,5.5,15.5,1,0.5
-0.010781998,6,15.333333,1,0
-0.005328996,0.5,15,1,1
-0.019846996,,67,1,1
-0.002430001,6,31,1,0.5
-0.006588004,2,14,1,0.5
-0.008385,4.5,24,1,0
-0.008863,4.5,64,1,1
-0.018903999,4.6666665,31.5,1,1
-0.002394003,0,17,1,1
-0.014360999,1,34.666668,1,1
-0.001297002,4,28.666666,1,1
-0.015385001,6,34.5,1,1
-0.010159998,6,12.666667,1,0.5
-0.003606,5.6666665,42,1,1
-0.018931998,4.6666665,42,1,1
-0.015711999,3,28.666666,1,0.5
-0.010764,4.5,42.666668,1,1
-0.014466002,4,12.75,1,1
-0.006438998,1,11.25,1,1
-0.003228999,5.5,35,1,1
-0.014728999,6,31.75,1,1
-0.005414997,4.5,48.333332,1,1
-0.011078002,,69,1,1
-0.012010005,6,17,1,1
-0.003707999,3,35.75,1,0.5
-0.012228004,6,26.833334,1,1
-0.002307994,5,17.5,1,0.5
-0.016217997,3,67.5,1,1
-0.009974998,4.5,27,1,1
-0.006066007,5.5,28,1,1
-0.004063,5.5,21,1,1
-0.015795996,3,34,1,0
-0.007507003,6,12.4,1,1
-0.008453997,,54,1,1
-0.013542001,2.5,17.333334,1,0.5
-0.017514,3,49,1,1
-0.008621997,3.5,42,1,1
-0.017633004,5,16.25,1,1
-0.019380001,3,20.5,1,1
-0.016187003,3.5,17.857143,1,1
-0.002703002,3,18.75,1,1
-0.004304001,5.5,65.5,1,1
-0.017174004,2,12.25,1,1
-0.001847,4,15.4,1,1
-0.012386998,5,50,1,1
-0.002014001,4.3333335,44,1,1
-0.006626,2,21,1,1
-0.0012,6,43,1,1
-0.012839003,3,13.25,1,1
-0.006260002,4,59,1,1
-0.009718997,4.5,19,1,1
-0.017938999,3,19.333334,1,1
-0.015891997,2,52,1,1
-0.003107003,6,30.666666,1,0.5
-0.004371998,5,44,1,1
-0.005776999,1,32,1,0.5
-0.014599002,6,22.666666,1,1
-0.009166,4.5,13.428572,1,1
-0.010955004,4,33.333332,1,1
-0.011913997,6,20,1,1
-0.000467998,6,34.5,1,1
-0.004680998,6,23.833334,1,1
-0.007391003,5,10.5,1,1
-0.002124002,6,47,1,1
-0.019173002,2,14,1,1
-0.001160999,4.5,13.666667,1,1
-0.014599002,4,33.333332,1,1
-0.009956999,2.5,21,1,1
-0.008606997,3,12.2,1,1
-0.001321002,5,24,1,0.5
-0.001636999,6,36.25,1,0.5
-0.001042,2,21.666666,1,1
-0.019384002,5,42,1,0.5
-0.018872997,4,34.599998,1,1
-0.003593003,3,23.75,1,1
-0.002124002,6,24,1,1
-0.016304998,4.5,17.4,1,0.5
-0.017977996,4.5,18.25,1,1
-0.007503001,2,20.666666,1,1
-0.013120999,2,39.5,1,1
-0.011396003,4.5,16.666666,1,1
-0.006816001,3,21.75,1,1
-0.009837,4,45.200001,1,0
-0.015130004,6,27,1,1
-0.006272002,5.5,19.571428,1,0.5
-0.002124002,2,27,1,1
-0.006022004,3.5,23,1,1
-0.004461998,6,15.333333,1,1
-0.001693999,6,29.200001,1,1
-0.003591,3,47.333332,1,1
-0.017104996,5,19,1,0.5
-0.002488999,,7.5,1,1
-0.004053993,4,16,1,1
-0.019846996,,64,1,1
-0.01527,3,14,1,0.5
-0.019383004,6,13.333333,1,1
-0.004791999,5,32,1,0.5
-0.003053999,3.5,14.5,1,1
-0.009207999,5.3333335,32,1,1
-0.015454997,4,16,1,1
-0.019813998,3,28.333334,1,1
-0.007564996,6,36.333332,1,0
-0.006655002,3.6666667,50.666668,1,0
-0.000409001,2,36,1,0.5
-0.004303,4,26,1,1
-0.014634004,4,38,1,0
-0.003560001,,45,1,1
-0.008372,4.5,30.333334,1,1
-0.019603996,1,12,1,1
-0.002708,4.5,17.25,1,1
-0.012166997,0,20,1,1
-0.008431,5.5,41.333332,1,1
-0.007253003,4.5,23.666666,1,1
-0.011610997,6,24.799999,1,0.5
-0.004027001,1.5,16.333334,1,1
-0.010264006,4.5,17.799999,1,1
-0.013565999,6,21.5,1,1
-0.001272002,6,28,1,1
-0.008838004,4,9,1,1
-0.015418002,1,31.5,1,1
-0.010076999,5,38.5,1,1
-0.004563002,2,18.5,1,1
-0.017750999,5,25,1,1
-0.010282001,6,10.2,1,1
-0.002124002,6,17.5,1,1
-0.003593003,3.5,31.5,1,1
-0.014566001,3,14.333333,1,1
-0.012388003,6,22.200001,1,0.5
-0.019404998,4.5,17.333334,1,1
-0.016260004,4,30.666666,1,1
-0.017415,3.5,23,1,1
-0.001222001,5,32,1,0
-0.018008998,6,35.333332,1,1
-0.001046001,4.6666665,35.333332,1,1
-0.018782003,5,25.5,1,1
-0.013638003,4,13.666667,1,1
-0.004949001,6,17.833334,1,1
-0.004012001,4,17,1,1
-0.015490001,6,17,1,0
-0.009378997,2,14.5,1,1
-0.001028997,4,27.5,1,0.5
-0.011961003,5,37.333332,1,1
-0.005002001,4,18.4,1,1
-0.006228997,6,39.5,1,0.5
-0.014076998,5,24,1,1
-0.019365994,4.5,38.666668,1,1
-0.008632003,2.5,34.5,1,1
-0.009997999,3.5,28,1,1
-0.012965997,4,30.799999,1,1
-0.007611999,4.5,22,1,1
-0.010226002,3,24.75,1,1
-0.006126998,5,17,1,0.5
-0.001268997,3,11,1,1
-0.007832,3,13.333333,1,1
-0.002895003,1.5,30,1,0.5
-0.005595995,6,39,1,1
-0.001171005,0,16.5,1,1
-0.013520999,2.5,15,1,1
-0.018017998,6,29,1,0.5
-0.012726006,5,17.666666,1,1
-0.010976997,,9.5,1,0.5
-0.018398,5,22,1,1
-0.006874999,5,61,1,1
-0.010500995,6,21.5,1,1
-0.002746998,6,21.5,1,1
-0.013218997,3,21.333334,1,1
-0.002438003,6,48,1,0.5
-0.001991001,5,23.25,1,1
-0.017989999,5.3333335,32.200001,1,1
-0.004044999,2,16,1,0.5
-0.005503999,4.5,37.333332,1,0.5
-0.018292008,2,19.5,1,1
-0.000692998,1,18.5,1,1
-0.001700995,3.75,25.666666,1,1
-0.010269999,4,37.333332,1,1
-0.003841003,2,25.666666,1,1
-0.017680002,2.3333333,44.666668,1,0.5
-0.016257001,2.5,21,1,1
-0.002124002,6,55.5,1,1
-0.001253,3,15,1,1
-0.004991,5,15.5,1,0.5
-0.012419998,4.5,14.333333,1,0.5
-0.006874999,5,19.5,1,1
-0.015546998,6,14,1,1
-0.017221002,6,17,1,1
-0.004982998,6,22,1,0.5
-0.016582003,5,33.5,1,1
-0.002394003,6,44.5,1,1
-0.008453997,,55,1,1
-0.00636,0,32.666668,1,1
-0.009082002,6,18.75,1,0.5
-0.006910001,4,17.666666,1,1
-0.018448999,4,18,1,1
-0.006640998,4,27,1,1
-0.019340003,4.5,19.666666,1,1
-0.015336997,2,29.5,1,0.5
-0.005055001,4.5,20.666666,1,0.5
-0.015954001,1,23.333334,1,1
-0.003098002,3.5,16.25,1,0.5
-0.009640005,2.4000001,30.6,1,1
-0.006566002,3,13.333333,1,1
-0.000999999,5,16,1,1
-0.003062998,4.5,19.5,1,1
-0.006649,4.5,28.5,1,1
-0.002788001,5,43.5,1,1
-0.012078,5.5,39.333332,1,0.5
-0.004137998,2,19.666666,1,1
-0.016593998,2.5,15.666667,1,1
-0.0012,6,52,1,1
-0.007929004,4.5,35.200001,1,1
-0.003560001,,53,1,1
-0.005289001,4.25,47.25,1,0
-0.014599002,6,24.666666,1,0.5
-0.006369001,1.6666666,19.142857,1,1
-0.00689,5,27.166666,1,1
-0.006865,2.5,23.666666,1,0.5
-0.010937003,3,57,1,1
-0.014919003,4.5,29,1,1
-0.011778997,4,47,1,1
-0.007384001,6,22.666666,1,1
-0.006294004,1,32,1,0.5
-0.018242,6,14,1,0.5
-0.015130004,6,39,1,1
-0.009744999,2,15.666667,1,1
-0.013391002,3,18,1,1
-0.017022999,5,21.25,1,1
-0.001890001,3,21.5,1,0
-0.008583999,0,15.8,1,0.5
-0.005055999,6,25.5,1,1
-0.017938999,5.5,40,1,1
-0.002392007,2,21,1,1
-0.006988003,6,26,1,1
-0.005288002,4,19.142857,1,1
-0.010937003,3,63,1,1
-0.000886006,2.5,44.333332,1,0.5
-0.014599002,6,20.333334,1,1
-0.016414998,6,8.666667,1,1
-0.015891997,2,64,1,1
-0.006816001,4,10.666667,1,0.5
-0.008078999,2,16,1,1
-0.012404007,6,11.25,1,1
-0.006343002,5,59,1,1
-0.004629997,5.5,26.333334,1,1
-0.008607998,2,19.333334,1,1
-0.018168001,2.5,36.333332,1,1
-0.001572003,6,36,1,1
-0.014988,2.5,23,1,1
-0.014235003,3.5,27.200001,1,1
-0.019540997,6,41.666668,1,1
-0.014342001,6,26,1,0
-0.013884005,5,14.8,1,1
-0.002124002,6,29,1,1
-0.019846996,,57,1,1
-0.008078999,2,11,1,1
-0.006501003,2.3333333,32.400002,1,1
-0.003052003,6,34.5,1,1
-0.009592002,1,13.5,1,1
-0.016217997,3,68.5,1,1
-0.005505999,6,20.333334,1,1
-0.007455,3.75,17.6,1,1
-0.010526997,4,25.571428,1,0.5
-0.017409002,4,33,1,1
-0.001560999,3,14.5,1,1
-0.006587999,3,26,1,1
-0.005057997,3,17,1,1
-0.004208,,6.5,1,0
-0.002035997,4,36.666668,1,1
-0.019167004,2,20.666666,1,1
-0.019799003,1.5,17,1,1
-0.018938003,3.3333333,24.142857,1,1
-0.002430001,6,32.5,1,1
-0.017518999,2,17.25,1,1
-0.004303,1,27.333334,1,1
-0.016208997,5,26.5,1,0.5
-0.008442001,2,21,1,1
-0.013495994,1,14.333333,1,1
-0.015574996,6,32,1,1
-0.014176003,4,37.400002,1,1
-0.014475998,5,35.75,1,0.5
-0.012695997,5.5,35.666668,1,1
-0.017555004,4,13.5,1,1
-0.014089001,4,16.333334,1,1
-0.008782995,3,27,1,1
-0.018148003,3.5,41.75,1,1
-0.006520001,4.5,13.571428,1,1
-0.001574001,2.5,43.333332,1,0.5
-0.014728007,2,19.333334,1,1
-0.019589005,3,25.333334,1,0.5
-0.013305,5,44.25,1,1
-0.009518998,4.5,22,1,0.5
-0.01167,6,8.75,1,1
-0.002942999,3.5,26.333334,1,0
-0.007273001,3.6666667,45,1,1
-0.019407002,3.6666667,22,1,1
-0.004261998,2.5,33,1,1
-0.013781003,6,16.444445,1,0.5
-0.002124002,6,26,1,1
-0.019907003,2,12,1,1
-0.015004,3,34.5,1,1
-0.001299999,4,23,1,1
-0.007308999,5,24.142857,1,1
-0.000529999,5,14,1,1
-0.005067,2,40.333332,1,0
-0.015546998,6,11,1,1
-0.006260002,4,59,1,0
-0.012839003,5,14.75,1,1
-0.015574996,6,23.333334,1,1
-0.002217001,4.5,20.25,1,1
-0.001030994,5,22.666666,1,1
-0.011591,2,17.25,1,0.5
-0.006910001,3.5,16.25,1,1
-0.011245003,4,28.5,1,1
-0.005705999,5,13,1,1
-0.001253,3,16,1,0
-0.001574007,2,10,1,1
-0.013410004,2,22.666666,1,0.5
-0.008904002,6,17.666666,1,1
-0.001847995,2,14.666667,1,1
-0.016217997,3,60,1,1
-0.017052,3.5,28.333334,1,0.5
-0.007818999,3,11,1,1
-0.002430001,2,36.5,1,1
-0.010305,5,31.5,1,1
-0.015071003,4.5,15.5,1,1
-0.016619002,3,18.714285,1,0.5
-0.014616002,3,13,1,1
-0.018524004,2.5,39,1,0.5
-0.001495001,4,31,1,0.5
-0.008421001,6,13.333333,1,0
-0.004518998,6,25,1,0
-0.016302003,6,41,1,1
-0.01454,1,34,1,1
-0.002124002,6,27,1,1
-0.014599002,4,26.666666,1,0.5
-0.018242,6,15.5,1,1
-0.001299999,3,16.333334,1,1
-0.006550001,5,64,1,1
-0.017181007,4.3333335,34.666668,1,1
-0.012569999,6,7.6666665,1,1
-0.015807999,6,18.200001,1,0.5
-0.015490001,3,20,1,0.5
-0.012483003,3.5,15.2,1,0.5
-0.015908999,6,12.5,1,1
-0.007068996,5,30.5,1,1
-0.010563997,3.5,24.142857,1,1
-0.010937003,3,37,1,0
-0.010521,4,28.333334,1,0.5
-0.018242,6,14,1,1
-0.013305,3.5,21.5,1,0
-0.011590002,4,60,1,1
-0.018291002,1,18,1,1
-0.018881997,4.5,39.666668,1,1
-0.003079997,4,16.333334,1,0.5
-0.018087002,2.5,28.25,1,0.5
-0.017332999,4.25,32.166668,1,1
-0.002430001,6,52,1,1
-0.019403001,2.6666667,24,1,1
-0.003431997,4.3333335,25.25,1,1
-0.009956999,3,32,1,0.5
-0.005787998,5.5,29,1,1
-0.017212002,4.6666665,20.799999,1,1
-0.014013002,3,13.5,1,1
-0.005480999,4.5,28.25,1,1
-0.010722997,6,19.75,1,0.5
-0.017475998,2,36,1,1
-0.019846996,,51,1,1
-0.016217997,3,30,1,1
-0.002766003,6,27,1,1
-0.016086003,4,34.5,1,1
-0.008201999,3,11,1,1
-0.002803,1.5,24.833334,1,0.5
-0.00452,2.6666667,20.200001,1,0.5
-0.017856,6,33.75,1,1
-0.002106001,6,21.428572,1,1
-0.006298003,6,25,1,1
-0.015546998,6,14.5,1,1
-0.005762999,4.3333335,18.111111,1,1
-0.013337998,3.3333333,42,1,1
-0.013937003,4,36,1,1
-0.006550001,5,26,1,1
-0.013808004,6,19.666666,1,1
-0.013842,2,29.6,1,1
-0.005060998,3,35,1,1
-0.018167002,5.5,33,1,1
-0.003403996,0,22,1,0.5
-0.009231998,4.5,19.571428,1,0.5
-0.011555,4.5,39.333332,1,1
-0.018242,6,17,1,0
-0.016772998,5,12.25,1,0.5
-0.001456001,4.75,20,1,1
-0.005067,4,19.666666,1,1
-0.003115,4,30.666666,1,1
-0.016855,3.3333333,35.333332,1,1
-0.007089997,3.5,42,1,1
-0.016921004,3.5,35.25,1,1
-0.014220001,2,29.5,1,0.5
-0.011024003,0,16,1,1
-0.008005996,1.5,34.75,1,1
-0.013218997,5,23.333334,1,1
-0.015096,4.5,33.5,1,1
-0.015546998,6,13.5,1,1
-0.007555998,1,69,1,1
-0.015096,4.5,26,1,0.5
-0.015027999,2.6666667,31.25,1,1
-0.001267997,6,10.142858,1,1
-0.015939003,6,20.5,1,1
-0.001574,5.5,22.5,1,1
-0.005131003,2,17.200001,1,1
-0.012582002,4.5,17.25,1,1
-0.014728999,6,26.75,1,1
-0.005110001,3.75,30.799999,1,0.5
-0.017775001,6,19.666666,1,0.5
-0.002430001,2,24,1,1
-0.019337004,5,15.5,1,1
-0.005589006,1.6666666,29.6,1,0.5
-0.015385001,6,21,1,1
-0.011828003,5.5,32.5,1,0
-0.011590002,6,32.5,1,1
-0.007864999,4.5,26,1,1
-0.003560001,,61,1,0
-0.015891997,2,63,1,1
-0.016708998,1.5,17.25,1,1
-0.001849999,5,42,1,1
-0.012747002,6,23,1,1
-0.001849999,5,60,1,0.5
-0.010484,4,15,1,1
-0.019990994,6,13.666667,1,1
-0.005581,5,19,1,1
-0.015546998,6,15.5,1,1
-0.002368001,6,20.25,1,1
-0.012304002,4,22.666666,1,0.5
-0.014087004,6,12,1,0.5
-0.014599002,6,40,1,1
-0.014325997,,70,1,1
-0.007007,3,39.25,1,0.5
-0.014991996,3,11.666667,1,1
-0.016329,6.5,21.5,1,1
-0.002515001,2,23.833334,1,1
-0.004093004,2.5,71,1,1
-0.015716,5,14.8,1,1
-0.016156999,5,17.6,1,1
-0.002159001,5,22.666666,1,1
-0.010937003,3,52,1,1
-0.006801007,2,30.666666,1,0
-0.013785004,4,19.666666,1,0
-0.015918,3.5,35.5,1,0.5
-0.006874999,2,64,1,0.5
-0.004915995,2.5,20,1,1
-0.003365999,2.25,44,1,1
-0.005055999,6,13,1,1
-0.014616002,3,14.333333,1,1
-0.003707999,4,37.75,1,0.5
-0.019846996,,23,1,1
-0.0116,5,44.333332,1,1
-0.014076998,1,22.142857,1,1
-0.014880997,4.3333335,19.833334,1,1
-0.013145995,3.6666667,34.333332,1,1
-0.011687,5,34,1,1
-0.00552,3,20.5,1,1
-0.010545,3,36,1,1
-0.002430001,6,14,1,1
-0.002746998,3,43,1,0
-0.014584002,6,24,1,0
-0.014337,3.3333333,28,1,1
-0.010955004,5.25,35.75,1,0
-0.003044007,4.5,18.666666,1,0.5
-0.012371002,4.5,24.5,1,0.5
-0.016302003,6,49,1,0.5
-0.015879,5,15.875,1,1
-0.001210002,5,36.5,1,0
-0.015130004,6,15.5,1,1
-0.001810999,4,28,1,1
-0.013903997,2,16.4,1,1
-0.007382003,2,23.75,1,1
-0.008389003,4,11.666667,1,0.5
-0.012839003,5,15.25,1,1
-0.002430001,6,19,1,1
-0.004325002,4,35,1,1
-0.018646,2,43.666668,1,1
-0.017810998,4,23.666666,1,1
-0.005216002,6,20,1,1
-0.015546998,6,12.5,1,1
-0.001135999,2.3333333,25.666666,1,1
-0.018093003,6,11.5,1,1
-0.016908003,5,21.4,1,1
-0.019396996,2.3333333,26,1,1
-0.008786997,3,17,1,1
-0.013851004,3.5,18.833334,1,1
-0.008320002,2,12,1,0.5
-0.013625001,4.5,19.5,1,1
-0.002212999,,29.5,1,1
-0.019292003,6,29,1,1
-0.018672002,4,9.5,1,0.5
-0.00997,6,26,1,0.5
-0.014935001,4.5,14.666667,1,0.5
-0.015236002,6,21.6,1,1
-0.019475004,2,24.75,1,1
-0.008254999,2,15.666667,1,1
-0.000426998,2,37.333332,1,1
-0.001328,6,19.5,1,1
-0.003631001,4,21.75,1,1
-0.012582002,4,17.375,1,1
-0.009956998,3,9.25,1,1
-0.002124002,6,22,1,1
-0.016582003,6,52.5,1,1
-0.003549007,6,18.25,1,1
-0.014848,6,26,1,1
-0.016179001,3.5,23.200001,1,1
-0.001953,5,26.5,1,1
-0.001849999,5,53,1,1
-0.013785004,1,21.333334,1,1
-0.005459001,4.3333335,40,1,1
-0.008362998,2.6666667,15.857142,1,1
-0.010287,2,62.5,1,1
-0.019271998,4.5,26,1,1
-0.014298004,3.3333333,15.428572,1,1
-0.001849999,5,24,1,1
-0.009493996,4.5,15.75,1,1
-0.013543999,4,29.333334,1,1
-0.014021004,2,33,1,1
-0.012334997,6,23.666666,1,0.5
-0.013732999,4,24,1,1
-0.000954998,6,26,1,1
-0.015932998,5,15.666667,1,1
-0.013327998,4,37.333332,1,1
-0.009306001,6,18,1,1
-0.003694,3.25,22.5,1,1
-0.019716999,4,23.666666,1,1
-0.012803,6,20,1,1
-0.002679003,4.5,20.75,1,1
-0.018650001,4,22,1,1
-0.009993998,6,19.666666,1,0.5
-0.009510001,2.5,35.75,1,1
-0.013763,6,14.333333,1,1
-0.017610004,6,19.5,1,1
-0.010781998,2,18.666666,1,0
-0.006674997,4.75,19,1,1
-0.006716003,3.25,28.111111,1,1
-0.013842998,4,44,1,0
-0.012402994,3,14.142858,1,1
-0.019337004,5,11,1,0.5
-0.013947002,3.4000001,23.111111,1,1
-0.001849999,5,44,1,0.5
-0.004655001,3,38,1,1
-0.001849999,5,41,1,1
-0.010098001,4,36.5,1,0.5
-0.006393996,2,23,1,1
-0.009704999,6,9,1,1
-0.019383004,3,7.6666665,1,1
-0.015574996,6,16.333334,1,1
-0.005256004,6,21.5,1,1
-0.016313998,3.5,21,1,1
-0.012647001,2,33.25,1,0.5
-0.002035997,3.5,22.666666,1,1
-0.006260002,4,57,1,1
-0.018697998,3,37.5,1,1
-0.013154997,1,72,1,1
-0.010976999,5,9.5,1,1
-0.008571001,5.5,22,1,1
-0.019802002,2,17.5,1,1
-0.017528998,4,29,1,1
-0.008078999,2,15,1,1
-0.016217997,5,30,1,1
-0.009579002,2.5,13,1,0.5
-0.017700998,6,19,1,1
-0.001849999,5,41,1,0.5
-0.011413005,4,20,1,0.5
-0.011590002,6,30.5,1,1
-0.017415999,3.5,28.333334,1,0.5
-0.017661003,2,23.5,1,1
-0.001574,5.5,37.5,1,1
-0.003830002,3.5,18.333334,1,0
-0.006397003,2,27.666666,1,1
-0.006550001,5,52,1,1
-0.005414997,4.5,38.666668,1,1
-0.010981997,4,39,1,1
-0.018352,3,14.666667,1,0.5
-0.009415,4.5,31,1,0.5
-0.010423002,5,28,1,1
-0.009272004,5,26,1,1
-0.001581998,6,12,1,1
-0.008643998,3,17.333334,1,0.5
-0.011828003,1,19,1,0.5
-0.011245003,4,37.5,1,1
-0.005418002,6,21,1,1
-0.004043003,5,22.333334,1,1
-0.014869997,3,18.666666,1,1
-0.015385001,6,27,1,1
-0.016391,3,16,1,1
-0.006928002,4,19.75,1,1
-0.012489004,3.5,31.666666,1,0.5
-0.018377004,1.5,23.25,1,0.5
-0.001890001,3,19.5,1,1
-0.001245001,3,24.333334,1,1
-0.014342001,6,33.75,1,0.5
-0.006504001,6,27.333334,1,0
-0.012234,3.5,29,1,1
-0.006343002,5,31,1,1
-0.002124002,6,44,1,1
-0.006692997,4,31.25,1,1
-0.011024003,3.5,15.666667,1,0.5
-0.008098004,2.5,24.833334,1,1
-0.013092003,4.5,38,1,0.5
-0.009690999,6,33.5,1,1
-0.007526998,4.5,44.666668,1,0.5
-0.001574,5.5,55,1,1
-0.019554002,3.6666667,28.200001,1,1
-0.018524004,5.5,59,1,1
-0.012371002,3.5,21.5,1,1
-0.011693996,3.5,15.5,1,1
-0.005328996,5,24,1,1
-0.013695998,1,29,1,1
-0.009672998,3,19.666666,1,1
-0.016298002,3.5,22,1,0.5
-0.005767,3.5,51.333332,1,0
-0.015130004,6,61,1,0.5
-0.016299998,2,18.25,1,1
-0.010484,4,17.75,1,0.5
-0.018008998,6,18,1,1
-0.003123002,2.5,19.200001,1,1
-0.018205998,6,18.333334,1,0.5
-0.003867002,2,19,1,0.5
-0.015333003,6,14,1,1
-0.016217997,5,35.5,1,1
-0.017210996,6,21.75,1,0.5
-0.015891997,4,16.333334,1,1
-0.006260002,4,56,1,1
-0.009306001,6,28.5,1,1
-0.010113,6,20.75,1,1
-0.007782004,4.5,25.666666,1,1
-0.006749003,2.5,20,1,0.5
-0.011245003,6,28.5,1,0.5
-0.003259999,6,21.666666,1,1
-0.007384001,5,26.666666,1,1
-0.015268994,3.75,27.142857,1,1
-0.010265998,5,33.333332,1,0.5
-0.004362001,2.5,21,1,1
-0.015707998,4,17,1,0.5
-0.008906997,2,43.5,1,1
-0.018003998,4.6666665,29.799999,1,1
-0.010545,4.5,36.333332,1,1
-0.002124002,6,25,1,1
-0.010131997,4,15.75,1,1
-0.011774003,6,30.200001,1,0.5
-0.019856004,5,35.666668,1,1
-0.010350002,4,14,1,1
-0.001299999,6,26.333334,1,0.5
-0.013888998,3,31.5,1,0
-0.003659998,5,11,1,1
-0.006260002,4,50,1,1
-0.005789997,5.5,61,1,1
-0.01183,3,20,1,1
-0.008706001,2.6666667,31.333334,1,1
-0.004739001,6,19.333334,1,1
-0.016217997,3,31,1,1
-0.009956999,4,23,1,1
-0.016582003,5,27.5,1,1
-0.008177993,6,17.4,1,1
-0.006474,3.5,25.25,1,1
-0.003845,2,26,1,1
-0.010098001,3,39,1,1
-0.008431,3.5,37.333332,1,0.5
-0.003814993,3.5,19.333334,1,1
-0.004690999,6,19.5,1,1
-0.017194001,6,20.25,1,1
-0.018448999,4,30,1,1
-0.004366999,5,20,1,1
-0.004090001,4,22,1,0.5
-0.007194002,2.5,18.6,1,0
-0.013115002,3.25,18.444445,1,1
-0.001849999,5,32,1,1
-0.017377002,3,18.25,1,0.5
-0.019413998,5.25,22.571428,1,1
-0.009126998,3.5,10.285714,1,1
-0.001216998,2.6666667,17.6,1,1
-0.011778997,4,45,1,0.5
-0.013157001,5,18,1,1
-0.010976999,5,15,1,1
-0.012699,6,21.333334,1,1
-0.002124002,6,23,1,1
-0.018585002,3.5,36.714287,1,1
-0.015214002,3,17.5,1,1
-0.014616002,3,22,1,1
-0.00026,5,13,1,0
-0.010305,5,23,1,1
-0.005911998,4,32.400002,1,1
-0.017442001,3.5,33,1,1
-0.019846996,,41,1,1
-0.008159003,4,26.666666,1,1
-0.004041999,3.6666667,49.666668,1,1
-0.003403996,6,31,1,1
-0.001865001,3,23.5,1,1
-0.018884001,5.5,44,1,1
-0.013498998,4,37.333332,1,1
-0.005951998,2,10.5,1,1
-0.004982998,6,23,1,1
-0.018175999,2,14.333333,1,1
-0.000549999,,22.5,1,1
-0.002497,3.3333333,37.5,1,1
-0.014852999,4.5,29.6,1,1
-0.001210002,1.5,41.5,1,1
-0.004834003,3,18.5,1,1
-0.002746998,6,30,1,1
-0.015891997,2,64,1,0.5
-0.000867001,5.5,39.25,1,1
-0.011024003,6,14.333333,1,1
-0.018670997,3,18.75,1,1
-0.006045,3,27,1,1
-0.019667996,6,28.333334,1,1
-0.006570001,2.5,16.75,1,1
-0.001303,5.5,28,1,0.5
-0.019435002,6,20.6,1,1
-0.014627998,4.6666665,24,1,1
-0.015858,3,23.166666,1,0
-0.018008998,6,24.333334,1,1
-0.017221002,6,13.375,1,0.5
-0.019337004,5,11.5,1,0.5
-0.007671998,4,38.333332,1,1
-0.017514,3,50,1,0
-0.010943,3.5,23.666666,1,0
-0.016340999,5,12,1,1
-0.009957003,4,23,1,1
-0.005313007,4.6666665,25.799999,1,1
-0.010976999,2,12.5,1,1
-0.001868,4.5,16.200001,1,1
-0.007694999,4.3333335,31.5,1,0.5
-0.008253998,3,9,1,1
-0.011061003,3.75,21.222221,1,0.5
-0.011288998,6,12,1,1
-0.002497001,4.5,29.333334,1,0.5
-0.016547998,2.6666667,29.799999,1,1
-0.003032999,2,32,1,0
-0.016914001,4.6666665,20.200001,1,1
-0.018291002,2.5,14.666667,1,0
-0.010407996,4.6666665,44.666668,1,1
-0.010476005,6,37.333332,1,1
-0.014357997,4,19,1,1
-0.019846996,6,29,1,1
-0.010760998,3,44.599998,1,1
-0.016302003,2,31.5,1,1
-0.004739001,4,36,1,0.5
-0.012625999,3,30.5,1,1
-0.011058002,4,24.666666,1,0.5
-0.017180001,6,24.571428,1,1
-0.015908999,6,22.5,1,0.5
-0.012747003,5,35.200001,1,1
-0.014471,4.25,38.599998,1,1
-0.019365994,6,17,1,1
-0.003462001,4.6666665,40.333332,1,0.5
-0.011590002,6,32.5,1,1
-0.015574996,6,25.666666,1,1
-0.006902997,2,27,1,1
-0.016224002,3.5,17,1,0.5
-0.008306002,4.5,12.4,1,1
-0.016154004,3.5,25,1,1
-0.009482997,2,13.5,1,0.5
-0.006024999,6,26,1,1
-0.014087004,6,17,1,1
-0.009592002,4,12,1,1
-0.003877,6,16.571428,1,1
-0.015592,3,19.666666,1,0.5
-0.015891997,2,63,1,1
-0.006727,2.5,48.5,1,1
-0.011542002,4,18.333334,1,0.5
-0.005304999,6,21.333334,1,1
-0.005335001,5,18,1,0.5
-0.010645998,2,14.2,1,1
-0.002580998,4,19,1,1
-0.004739001,6,32,1,1
-0.017453996,3,16,1,1
-0.002212999,,35.5,1,1
-0.012292993,0.66666669,21.799999,1,1
-0.013882001,3.6666667,25.666666,1,1
-0.014087004,6,12,1,0
-0.002746998,6,14.5,1,0.5
-0.018820999,6,23.200001,1,1
-0.009166998,1,22.333334,1,1
-0.000757006,3,42.5,1,1
-0.008320003,1,11.666667,1,1
-0.008370004,3,73,1,1
-0.012839003,6,30,1,1
-0.004937996,2,19,1,1
-0.001160999,6,29.666666,1,0.5
-0.005188999,5.5,13.5,1,1
-0.002035997,6,19,1,1
-0.005423999,5,20.200001,1,0.5
-0.008312999,2,15.888889,1,1
-0.016208997,5,32.5,1,1
-0.011574998,6,22.333334,1,0.5
-0.00455,2,30.5,1,1
-0.005455998,1,52,1,0.5
-0.013509003,4,17,1,1
-0.001299999,3,20,1,0.5
-0.013865999,4.5,32.333332,1,1
-0.003621993,6,15.666667,1,1
-0.010976997,1,13,1,1
-0.010048999,6,16,1,0.5
-0.013695998,3.5,52,1,0.5
-0.001865001,3,11,1,0.5
-0.018829999,6,13.5,1,1
-0.006260002,4,63,1,1
-0.015684998,3,15,1,1
-0.003046999,1,23.333334,1,0.5
-0.013498998,6,22,1,1
-0.019845,6,9,1,0.5
-0.010272001,3,14,1,1
-0.004303,2.5,30.333334,1,1
-0.019514998,3,29,1,1
-0.007811,6,13.166667,1,1
-0.016217997,3,27,1,1
-0.001299999,4,22.666666,1,1
-0.012475003,4,13.857142,1,1
-0.014853997,4.5,40,1,0.5
-0.016064001,4,18.799999,1,1
-0.012970998,1,26.5,1,1
-0.004114998,5,37,1,0
-0.000745003,2,13,1,1
-0.012799001,6,27,1,0.5
-0.006550001,5,43.5,1,1
-0.002460999,4,14.857142,1,1
-0.015004001,3.5,19.833334,1,0.5
-0.001210002,4.5,33.5,1,0.5
-0.014234001,5.5,16.333334,1,0.5
-0.017543001,2.6666667,20.5,1,0.5
-0.004165999,6,24.75,1,1
-0.003560001,,62,1,0.5
-0.008484999,3,28.333334,1,1
-0.012266998,,12,1,1
-0.019846996,,70,1,1
-0.001238001,6,25.166666,1,1
-0.002261994,6,17,1,1
-0.007757,4,17.6,1,1
-0.005787998,2.5,37.5,1,0.5
-0.017745001,2,26.5,1,1
-0.014599002,6,18.666666,1,1
-0.014201998,5,25.666666,1,1
-0.018811001,2.5,55.5,1,1
-0.010952002,2.5,22.333334,1,1
-0.005398998,3,26.333334,1,1
-0.017538002,4,29,1,1
-0.015574996,6,23.333334,1,1
-0.008254004,6,20.916666,1,0
-0.011527,1.5,28.25,1,1
-0.002124002,6,56,1,0.5
-0.014342001,6,14.5,1,1
-0.002124002,6,24.5,1,0.5
-0.001808999,3.3333333,26.75,1,1
-0.019514998,4,20.5,1,1
-0.003551,6,16.833334,1,1
-0.003521,3.3333333,47,1,1
-0.011590002,6,27.5,1,1
-0.017409002,2.5,39,1,1
-0.010217002,3,33,1,1
-0.015319004,2.5,31.6,1,0.5
-0.015936999,4,19.285715,1,1
-0.002746998,6,28.5,1,1
-0.008333002,6,15,1,1
-0.018650001,6,41.333332,1,0.5
-0.006066001,3,62,1,1
-0.002947,5,14,1,1
-0.007008999,3.6666667,31.666666,1,1
-0.009690999,6,30,1,1
-0.003363,5.5,32.5,1,0.5
-0.015071004,5,39,1,0.5
-0.014466999,3,11.5,1,1
-0.009042999,4,40.200001,1,1
-0.015549997,3,11,1,0.5
-0.005812002,3,24,1,1
-0.007977003,5,55,1,1
-0.007671998,6,40.333332,1,0.5
-0.017794004,5,15.333333,1,1
-0.012777998,6,13.75,1,1
-0.003270996,3.5,20,1,1
-0.003560001,,63,1,1
-0.012839003,5,14.75,1,1
-0.014411999,2.5,40.799999,1,0.5
-0.018343998,6,22,1,1
-0.015891997,2,45,1,1
-0.012106,4.5,51,1,1
-0.004982998,6,20,1,1
-0.018242,6,12.5,1,1
-0.004878999,3,20,1,1
-0.008863,4.5,55,1,0
-0.010062997,4.5,31.5,1,1
-0.014201998,5,24.666666,1,1
-0.017606003,6,11.333333,1,0.5
-0.015385001,6,33,1,1
-0.001616997,3.5,27.333334,1,1
-0.005326001,3,36.5,1,0.5
-0.017796999,1.5,24.4,1,1
-0.003560001,,53,1,0.5
-0.015130004,6,34.5,1,1
-0.007684005,5,51.333332,1,1
-0.015527,3.5,48,1,1
-0.010168999,4.25,41.400002,1,1
-0.012840002,6,12,1,1
-0.012444003,3,20,1,1
-0.011435001,4,33,1,1
-0.004304001,2.5,43.5,1,0.5
-0.007384001,6,16.333334,1,0.5
-0.015939003,2,18,1,0.5
-0.016922003,4.5,28,1,1
-0.005142001,5.5,31.666666,1,1
-0.013895003,3,15,1,1
-0.005530997,4,26,1,1
-0.019271998,4,28,1,1
-0.015891997,2,38,1,1
-0.013933002,4,15.75,1,1
-0.012638001,3.5,53,1,0.5
-0.017558997,4,14.5,1,1
-0.019716999,4,25,1,0
-0.013342,4.5,30.25,1,0.5
-0.004481,2,14.333333,1,1
-0.009676999,3.3333333,37.75,1,1
-0.006395002,6,16,1,0
-0.006874999,1,29.5,1,1
-0.00637,2,22.5,1,1
-0.005911998,4,32.400002,1,1
-0.018017998,6,50.333332,1,1
-0.006323007,5,26.200001,1,1
-0.010333998,2,14.25,1,0.5
-0.005234999,4.5,21.333334,1,0.5
-0.005057997,1.5,23.333334,1,1
-0.018504007,6,9.666667,1,1
-0.017193003,3.5,40.333332,1,1
-0.004271,3,38.75,1,1
-0.004683999,4.5,24,1,1
-0.014599002,3,27.333334,1,0
-0.016359998,5,36.5,1,1
-0.009140995,4,27.333334,1,0
-0.004982998,6,33.333332,1,1
-0.012546,3.5,30.25,1,1
-0.001604003,2,15.333333,1,1
-0.018189995,6,30.25,1,1
-0.013154997,1,62,1,1
-0.004937996,5,25,1,0.5
-0.015615999,5.5,10.714286,1,1
-0.007384001,6,22.666666,1,0
-0.016437,2.5,17,1,1
-0.009791004,6,52,1,1
-0.012010005,6,11.333333,1,0.5
-0.003111004,2,20.75,1,1
-0.011414001,4,16.333334,1,1
-0.018571002,4.5,23.166666,1,1
-0.006654997,3,16.333334,1,0
-0.005666999,1,21,1,0.5
-0.004941998,4,25.200001,1,1
-0.006610003,2,12,1,1
-0.009323998,4.75,21.166666,1,1
-0.012668003,4,40.5,1,1
-0.014728999,6,18.5,1,1
-0.014560995,1.5,16.714285,1,1
-0.001130997,4,18,1,1
-0.018616004,2.6666667,24.75,1,1
-0.017803004,1.5,26.200001,1,0.5
-0.015891997,2,69,1,1
-0.003560001,,70,1,1
-0.009001001,4.5,14.25,1,1
-0.014726004,4.5,20.75,1,1
-0.008383003,2,24.666666,1,0.5
-0.013389003,4,14,1,1
-0.013822003,6,18,1,0.5
-0.003069995,6,12.5,1,1
-0.006550001,5,56.5,1,0.5
-0.003833001,4,25,1,1
-0.008424999,4,46.666668,1,1
-0.004513002,3.5,63,1,1
-0.0012,6,32,1,1
-0.015130004,2,30,1,1
-0.019603996,3,21.333334,1,1
-0.015974997,,34.5,1,1
-0.003858001,3.5,30.6,1,0.5
-0.005323002,6,28.75,1,1
-0.008587,6,16.799999,1,1
-0.011485999,2.6666667,29.75,1,1
-0.001574,1,51,1,1
-0.008090002,1,11.333333,1,1
-0.004563002,6,24,1,1
-0.012469997,3,29.6,1,1
-0.012569,2,28.333334,1,1
-0.008049002,0,14.5,1,1
-0.011210001,5.5,22.5,1,1
-0.013230999,4,15.428572,1,1
-0.004518998,6,29.333334,1,1
-0.008399,3.6666667,39,1,1
-0.018242,6,12.5,1,0
-0.015891997,2,49,1,1
-0.000913,2,45.75,1,1
-0.002579002,4,34,1,0.5
-0.017277,4.5,25.5,1,1
-0.016224002,5,13,1,1
-0.001849999,5,60,1,1
-0.011590002,6,28.5,1,1
-0.016109003,5,31.75,1,1
-0.013785004,1,34.666668,1,1
-0.019463001,2,18,1,1
-0.011437994,5,27,1,1
-0.019494003,5,28.25,1,0.5
-0.003939,4,28.799999,1,0.5
-0.013987003,6,15.75,1,1
-0.008226002,5,54,1,1
-0.019785,4.5,22.375,1,0.5
-0.009690999,6,30.5,1,1
-0.007583001,3.3333333,34.25,1,1
-0.017778998,3,12.75,1,1
-0.013488999,2,27.333334,1,1
-0.012106,4.5,37,1,1
-0.010158999,5,25.857143,1,1
-0.008668004,3,26,1,1
-0.003640002,6,14.833333,1,1