codi,year,spp,postp,treatment_postp,intensity_postp,yrrate,pop_thou,urate
80018,2000.0,26.493828,0.0,0.0,0.0,44.77011,8.636,2.2232516
80018,2004.0,17.977325,1.0,1.0,406.0,6.677019,10.549,3.4884822
80023,2000.0,11.111111,0.0,0.0,0.0,,,
80023,2004.0,11.428572,1.0,0.0,0.0,,,
80039,2000.0,27.085222,0.0,0.0,0.0,22.70152,8.673,1.7525654
80039,2004.0,17.39535,1.0,0.0,0.0,10.22449,8.976,1.8716577
80044,2000.0,8.805032,0.0,0.0,0.0,,,
80044,2004.0,2.5906737,1.0,0.0,0.0,,,
80057,2000.0,23.450705,0.0,0.0,0.0,,6.12,1.5196079
80057,2004.0,15.475,1.0,0.0,0.0,7.353464,7.586,2.0300553
80060,2000.0,22.637264,0.0,0.0,0.0,13.27913,12.972,2.3126736
80060,2004.0,15.5812235,1.0,0.0,0.0,11.00977,14.069,3.1985216
80076,2000.0,15.09324,0.0,0.0,0.0,15.86745,6.667,1.8449078
80076,2004.0,9.393525,1.0,0.0,0.0,8.913043,7.778,2.867061
80082,2000.0,11.538462,0.0,0.0,0.0,,,
80082,2004.0,11.627907,1.0,0.0,0.0,,,
80095,2000.0,20.451012,0.0,0.0,0.0,18.05383,9.935,1.8922999
80095,2004.0,15.685973,1.0,0.0,0.0,7.018498,11.286,2.4543684
80109,2000.0,13.452728,0.0,0.0,0.0,,,
80109,2004.0,7.8252363,1.0,0.0,0.0,,5.128,2.827613
80116,2000.0,11.445783,0.0,0.0,0.0,,,
80116,2004.0,4.5380874,1.0,0.0,0.0,,,
80121,2000.0,8.838384,0.0,0.0,0.0,,,
80121,2004.0,5.878084,1.0,0.0,0.0,,,
80137,2000.0,16.90962,0.0,0.0,0.0,,,
80137,2004.0,9.917356,1.0,0.0,0.0,,,
80142,2000.0,14.893617,0.0,0.0,0.0,,,
80142,2004.0,8.092105,1.0,0.0,0.0,,,
80155,2000.0,25.494026,0.0,0.0,0.0,11.16096,208.928,3.8496516
80155,2004.0,16.77097,1.0,1.0,201.0,10.41814,218.242,3.7971609
80168,2000.0,12.003454,0.0,0.0,0.0,,,
80168,2004.0,6.3492064,1.0,0.0,0.0,,,
80174,2000.0,12.703191,0.0,0.0,0.0,,,
80174,2004.0,8.579739,1.0,0.0,0.0,,,
80180,2000.0,13.086693,0.0,0.0,0.0,,,
80180,2004.0,7.988588,1.0,0.0,0.0,,,
80207,2000.0,20.639269,0.0,0.0,0.0,,,
80207,2004.0,13.765822,1.0,0.0,0.0,,5.803,1.4475272
80214,2000.0,12.5,0.0,0.0,0.0,,,
80214,2004.0,12.5,1.0,0.0,0.0,,,
80229,2000.0,14.109207,0.0,0.0,0.0,11.35834,14.78,2.2733424
80229,2004.0,9.144073,1.0,0.0,0.0,13.06106,16.49,3.2929049
80235,2000.0,25.623322,0.0,0.0,0.0,,5.871,2.1972406
80235,2004.0,15.867254,1.0,0.0,0.0,9.99122,7.694,2.7034051
80240,2000.0,18.390804,0.0,0.0,0.0,,,
80240,2004.0,7.5,1.0,0.0,0.0,,,
80253,2000.0,20.955883,0.0,0.0,0.0,,,
80253,2004.0,12.270642,1.0,0.0,0.0,,,
80266,2000.0,19.67213,0.0,0.0,0.0,,,
80266,2004.0,11.188811,1.0,0.0,0.0,,,
80272,2000.0,13.109756,0.0,0.0,0.0,,,
80272,2004.0,10.447762,1.0,0.0,0.0,,,
80288,2000.0,27.436823,0.0,0.0,0.0,,,
80288,2004.0,17.716536,1.0,0.0,0.0,,,
80291,2000.0,24.637682,0.0,0.0,0.0,,,
80291,2004.0,14.691753,1.0,0.0,0.0,,,
80305,2000.0,23.096554,0.0,0.0,0.0,,5.142,1.0890704
80305,2004.0,15.220012,1.0,0.0,0.0,12.65602,6.618,1.9643397
80312,2000.0,17.462166,0.0,0.0,0.0,,,
80312,2004.0,10.43038,1.0,0.0,0.0,,,
80327,2000.0,18.406073,0.0,0.0,0.0,,,
80327,2004.0,13.157895,1.0,0.0,0.0,,,
80333,2000.0,19.750675,0.0,0.0,0.0,15.05929,13.044,2.2692425
80333,2004.0,14.12954,1.0,0.0,0.0,8.553175,16.03,2.595134
80348,2000.0,12.850468,0.0,0.0,0.0,,,
80348,2004.0,9.84556,1.0,0.0,0.0,,,
80351,2000.0,22.225634,0.0,0.0,0.0,-2.854188,14.211,3.3284075
80351,2004.0,15.346535,1.0,0.0,0.0,9.505428,17.811,3.480995
80364,2000.0,11.607142,0.0,0.0,0.0,,,
80364,2004.0,4.6875,1.0,0.0,0.0,,,
80370,2000.0,10.14218,0.0,0.0,0.0,,,
80370,2004.0,4.9732213,1.0,0.0,0.0,,,
80386,2000.0,8.823529,0.0,0.0,0.0,,,
80386,2004.0,6.6361556,1.0,0.0,0.0,,,
80399,2000.0,5.298013,0.0,0.0,0.0,,,
80399,2004.0,2.3474178,1.0,0.0,0.0,,,
80403,2000.0,22.96767,0.0,0.0,0.0,0.9896249,10.779,2.5512571
80403,2004.0,15.627645,1.0,0.0,0.0,8.091254,13.007,3.7287614
80410,2000.0,24.302485,0.0,0.0,0.0,15.00739,13.24,2.8323262
80410,2004.0,16.945606,1.0,0.0,0.0,6.345992,15.379,3.1991677
80425,2000.0,27.740059,0.0,0.0,0.0,,,
80425,2004.0,19.48052,1.0,0.0,0.0,,,
80431,2000.0,21.836735,0.0,0.0,0.0,,,
80431,2004.0,16.740366,1.0,0.0,0.0,,,
80446,2000.0,20.777779,0.0,0.0,0.0,,,
80446,2004.0,12.624069,1.0,0.0,0.0,,5.381,2.8990893
80459,2000.0,22.857143,0.0,0.0,0.0,,,
80459,2004.0,13.725491,1.0,0.0,0.0,,,
80462,2000.0,19.776892,0.0,0.0,0.0,13.95649,12.926,2.150704
80462,2004.0,12.570249,1.0,0.0,0.0,10.49834,15.673,2.8265169
80478,2000.0,20.362408,0.0,0.0,0.0,7.099391,5.475,1.4977169
80478,2004.0,13.184881,1.0,0.0,0.0,7.45509,5.181,2.026636
80484,2000.0,13.409091,0.0,0.0,0.0,,,
80484,2004.0,8.048289,1.0,0.0,0.0,,,
80497,2000.0,15.124153,0.0,0.0,0.0,,,
80497,2004.0,6.350711,1.0,0.0,0.0,,,
80500,2000.0,13.235294,0.0,0.0,0.0,,,
80500,2004.0,5.4945054,1.0,0.0,0.0,,,
80517,2000.0,17.039663,0.0,0.0,0.0,15.40613,18.385,2.6760945
80517,2004.0,11.119522,1.0,0.0,0.0,10.85992,21.701,3.1058476
80522,2000.0,11.111111,0.0,0.0,0.0,,,
80522,2004.0,8.59375,1.0,0.0,0.0,,,
80538,2000.0,17.492537,0.0,0.0,0.0,,,
80538,2004.0,13.190824,1.0,0.0,0.0,,,
80543,2000.0,25.204918,0.0,0.0,0.0,18.54007,9.026,1.8502105
80543,2004.0,15.631229,1.0,0.0,0.0,13.25264,11.401,2.8769407
80556,2000.0,14.572865,0.0,0.0,0.0,,,
80556,2004.0,8.794788,1.0,0.0,0.0,,,
80569,2000.0,33.331776,0.0,0.0,0.0,20.98339,47.96,2.2456214
80569,2004.0,23.269266,1.0,0.0,0.0,11.256,58.658,2.1156535
80575,2000.0,18.75,0.0,0.0,0.0,,,
80575,2004.0,9.523809,1.0,0.0,0.0,,,
80581,2000.0,13.10616,0.0,0.0,0.0,,,
80581,2004.0,13.292434,1.0,0.0,0.0,,,
80594,2000.0,17.058823,0.0,0.0,0.0,,,
80594,2004.0,6.837607,1.0,0.0,0.0,,,
80608,2000.0,14.925373,0.0,0.0,0.0,,,
80608,2004.0,16.129032,1.0,0.0,0.0,,,
80615,2000.0,14.905661,0.0,0.0,0.0,,,
80615,2004.0,13.783403,1.0,0.0,0.0,,,
80620,2000.0,22.580645,0.0,0.0,0.0,,,
80620,2004.0,13.507626,1.0,0.0,0.0,,,
80636,2000.0,19.23077,0.0,0.0,0.0,,,
80636,2004.0,9.69697,1.0,0.0,0.0,,,
80641,2000.0,11.185308,0.0,0.0,0.0,,,
80641,2004.0,5.960729,1.0,0.0,0.0,,,
80654,2000.0,17.089453,0.0,0.0,0.0,,,
80654,2004.0,7.912088,1.0,0.0,0.0,,,
80667,2000.0,27.65043,0.0,0.0,0.0,,,
80667,2004.0,17.432274,1.0,0.0,0.0,,,
80673,2000.0,14.945737,0.0,0.0,0.0,13.81944,5.867,2.522584
80673,2004.0,9.15162,1.0,0.0,0.0,11.17043,6.777,2.552752
80689,2000.0,24.82736,0.0,0.0,0.0,7.634408,6.425,2.7859921
80689,2004.0,17.022308,1.0,0.0,0.0,1.322957,7.829,2.9761145
80692,2000.0,23.555956,0.0,0.0,0.0,,,
80692,2004.0,18.262806,1.0,0.0,0.0,,,
80706,2000.0,11.320755,0.0,0.0,0.0,,,
80706,2004.0,5.0761423,1.0,0.0,0.0,,,
80713,2000.0,8.333333,0.0,0.0,0.0,,,
80713,2004.0,4.83871,1.0,0.0,0.0,,,
80728,2000.0,22.827898,0.0,0.0,0.0,26.89013,9.913,1.8662362
80728,2004.0,14.531425,1.0,0.0,0.0,5.623511,13.008,2.144834
80734,2000.0,22.84597,0.0,0.0,0.0,11.2799,81.338,3.202685
80734,2004.0,16.201706,1.0,0.0,0.0,9.721837,84.454,3.2763398
80749,2000.0,28.822954,0.0,0.0,0.0,,7.395,2.4205544
80749,2004.0,20.491646,1.0,0.0,0.0,17.82164,12.319,2.3703222
80752,2000.0,24.403927,0.0,0.0,0.0,,,
80752,2004.0,18.424688,1.0,0.0,0.0,,,
80765,2000.0,22.532742,0.0,0.0,0.0,21.39303,18.314,2.4680572
80765,2004.0,14.444928,1.0,0.0,0.0,8.45467,21.246,3.2570837
80771,2000.0,27.312008,0.0,0.0,0.0,6.999126,45.811,2.5976293
80771,2004.0,19.287615,1.0,0.0,0.0,10.84733,46.463,2.9055378
80787,2000.0,21.37931,0.0,0.0,0.0,,,
80787,2004.0,12.432432,1.0,0.0,0.0,,,
80790,2000.0,14.234876,0.0,0.0,0.0,,,
80790,2004.0,4.6979866,1.0,0.0,0.0,,,
80804,2000.0,12.5,0.0,0.0,0.0,,,
80804,2004.0,11.111111,1.0,0.0,0.0,,,
80811,2000.0,17.613636,0.0,0.0,0.0,,,
80811,2004.0,8.812261,1.0,0.0,0.0,,,
80826,2000.0,22.972973,0.0,0.0,0.0,,,
80826,2004.0,15.423729,1.0,0.0,0.0,,,
80832,2000.0,7.7605324,0.0,0.0,0.0,,,
80832,2004.0,3.6319613,1.0,0.0,0.0,,,
80847,2000.0,16.28866,0.0,0.0,0.0,,,
80847,2004.0,9.831461,1.0,0.0,0.0,,,
80850,2000.0,17.021276,0.0,0.0,0.0,,,
80850,2004.0,10.4325695,1.0,0.0,0.0,,,
80863,2000.0,21.792162,0.0,0.0,0.0,18.12254,13.246,2.6121094
80863,2004.0,14.503546,1.0,0.0,0.0,9.548806,16.058,3.014074
80879,2000.0,23.076923,0.0,0.0,0.0,,,
80879,2004.0,12.5,1.0,0.0,0.0,,,
80885,2000.0,18.692526,0.0,0.0,0.0,15.47718,12.156,1.5712405
80885,2004.0,12.269373,1.0,0.0,0.0,6.651072,14.066,2.0830371
80898,2000.0,24.91903,0.0,0.0,0.0,23.34576,40.443,2.5443215
80898,2004.0,17.49086,1.0,0.0,0.0,6.972694,44.644,2.5736942
80902,2000.0,10.989011,0.0,0.0,0.0,,,
80902,2004.0,4.123711,1.0,0.0,0.0,,,
80919,2000.0,19.146341,0.0,0.0,0.0,,,
80919,2004.0,12.439904,1.0,0.0,0.0,,6.062,2.7383702
80924,2000.0,11.711712,0.0,0.0,0.0,,,
80924,2004.0,6.277056,1.0,0.0,0.0,,,
80930,2000.0,0.0,0.0,0.0,0.0,,,
80930,2004.0,0.0,1.0,0.0,0.0,,,
80945,2000.0,11.583012,0.0,0.0,0.0,,,
80945,2004.0,7.7231693,1.0,0.0,0.0,,,
80958,2000.0,24.444445,0.0,0.0,0.0,,,
80958,2004.0,8.77193,1.0,0.0,0.0,,,
80961,2000.0,20.86031,0.0,0.0,0.0,13.39063,54.213,2.6506557
80961,2004.0,14.433085,1.0,0.0,0.0,9.127342,58.824,3.000476
80977,2000.0,11.205074,0.0,0.0,0.0,,,
80977,2004.0,5.5,1.0,0.0,0.0,,,
80983,2000.0,25.175526,0.0,0.0,0.0,,,
80983,2004.0,16.24266,1.0,0.0,0.0,,,
80996,2000.0,9.931507,0.0,0.0,0.0,,,
80996,2004.0,6.125828,1.0,0.0,0.0,,,
81000,2000.0,13.746369,0.0,0.0,0.0,,,
81000,2004.0,8.199121,1.0,0.0,0.0,,,
81017,2000.0,26.118801,0.0,0.0,0.0,10.50902,242.746,2.404571
81017,2004.0,18.354378,1.0,0.0,0.0,9.527522,250.484,2.6233213
81022,2000.0,20.374655,0.0,0.0,0.0,10.44839,33.108,2.6851516
81022,2004.0,13.331759,1.0,1.0,255.0,7.770396,36.807,3.8389437
81038,2000.0,23.129251,0.0,0.0,0.0,,,
81038,2004.0,19.565218,1.0,0.0,0.0,,,
81043,2000.0,18.181818,0.0,0.0,0.0,,,
81043,2004.0,8.938547,1.0,0.0,0.0,,,
81056,2000.0,24.506313,0.0,0.0,0.0,18.55794,12.207,2.809863
81056,2004.0,17.638367,1.0,0.0,0.0,9.376669,13.576,3.8376546
81069,2000.0,21.600449,0.0,0.0,0.0,22.06077,7.236,2.4737425
81069,2004.0,14.415011,1.0,0.0,0.0,9.698492,8.504,2.8222013
81075,2000.0,28.981165,0.0,0.0,0.0,22.10177,10.514,2.0544035
81075,2004.0,20.886797,1.0,0.0,0.0,8.449816,13.205,2.741386
81081,2000.0,26.333334,0.0,0.0,0.0,,5.318,2.0308387
81081,2004.0,18.313387,1.0,0.0,0.0,4.917656,6.058,3.2188842
81094,2000.0,10.982659,0.0,0.0,0.0,,,
81094,2004.0,6.1452513,1.0,0.0,0.0,,,
81108,2000.0,19.647888,0.0,0.0,0.0,10.66735,14.571,3.5344176
81108,2004.0,14.121165,1.0,0.0,0.0,3.729495,17.632,4.29333
81115,2000.0,13.043478,0.0,0.0,0.0,,,
81115,2004.0,6.2827225,1.0,0.0,0.0,,,
81120,2000.0,13.951693,0.0,0.0,0.0,10.81289,18.096,2.6746242
81120,2004.0,9.1989565,1.0,0.0,0.0,9.534811,20.042,3.2731264
81136,2000.0,17.536245,0.0,0.0,0.0,11.09724,64.637,2.1891487
81136,2004.0,11.532662,1.0,0.0,0.0,7.23929,72.337,2.878195
81141,2000.0,20.897436,0.0,0.0,0.0,6.117708,23.038,2.335272
81141,2004.0,14.307078,1.0,0.0,0.0,17.15124,25.993,2.7738237
81154,2000.0,23.17448,0.0,0.0,0.0,,,
81154,2004.0,14.258002,1.0,0.0,0.0,,,
81167,2000.0,9.433962,0.0,0.0,0.0,,,
81167,2004.0,5.063291,1.0,0.0,0.0,,,
81173,2000.0,12.881356,0.0,0.0,0.0,,,
81173,2004.0,9.100473,1.0,0.0,0.0,,,
81189,2000.0,23.195112,0.0,0.0,0.0,16.58088,21.17,2.5177138
81189,2004.0,14.071424,1.0,0.0,0.0,8.529313,21.836,2.770654
81192,2000.0,22.7897,0.0,0.0,0.0,,5.452,2.5128393
81192,2004.0,15.799159,1.0,0.0,0.0,14.28994,7.575,3.630363
81206,2000.0,27.474268,0.0,0.0,0.0,25.17799,7.271,0.9627286
81206,2004.0,18.114092,1.0,0.0,0.0,11.03152,8.205,1.5722121
81213,2000.0,23.554298,0.0,0.0,0.0,15.81994,108.284,2.6652136
81213,2004.0,17.765768,1.0,0.0,0.0,7.627244,119.122,3.375531
81228,2000.0,17.732208,0.0,0.0,0.0,,,
81228,2004.0,12.093023,1.0,0.0,0.0,,,
81234,2000.0,16.418322,0.0,0.0,0.0,13.93704,20.677,2.389128
81234,2004.0,9.983418,1.0,0.0,0.0,7.10861,23.473,2.9395475
81249,2000.0,23.540674,0.0,0.0,0.0,13.08053,47.926,3.1423445
81249,2004.0,14.684231,1.0,1.0,131.0,9.175683,51.482,3.8518317
81252,2000.0,24.02263,0.0,0.0,0.0,14.02057,29.18,2.9198081
81252,2004.0,15.619798,1.0,0.0,0.0,6.715384,32.127,2.91655
81265,2000.0,23.365139,0.0,0.0,0.0,1.267327,8.524,2.7803848
81265,2004.0,14.905695,1.0,0.0,0.0,11.11732,9.603,3.1136103
81271,2000.0,18.944324,0.0,0.0,0.0,,,
81271,2004.0,13.608375,1.0,0.0,0.0,,,
81287,2000.0,8.235294,0.0,0.0,0.0,,,
81287,2004.0,2.857143,1.0,0.0,0.0,,,
81290,2000.0,11.188811,0.0,0.0,0.0,,,
81290,2004.0,5.46875,1.0,0.0,0.0,,,
81304,2000.0,11.111111,0.0,0.0,0.0,,,
81304,2004.0,2.5,1.0,0.0,0.0,,,
81311,2000.0,6.105263,0.0,0.0,0.0,,,
81311,2004.0,3.2200358,1.0,0.0,0.0,,,
81326,2000.0,18.650793,0.0,0.0,0.0,,,
81326,2004.0,7.3170733,1.0,0.0,0.0,,,
81332,2000.0,23.4375,0.0,0.0,0.0,,,
81332,2004.0,21.138212,1.0,0.0,0.0,,,
81347,2000.0,18.886198,0.0,0.0,0.0,,,
81347,2004.0,12.885662,1.0,0.0,0.0,,,
81350,2000.0,24.613003,0.0,0.0,0.0,11.9806,8.638,2.6626534
81350,2004.0,16.672918,1.0,0.0,0.0,4.165824,8.885,3.7478898
81363,2000.0,27.796888,0.0,0.0,0.0,15.09115,12.96,2.5385802
81363,2004.0,19.598507,1.0,0.0,0.0,8.227823,14.612,3.510813
81379,2000.0,9.189189,0.0,0.0,0.0,,,
81379,2004.0,9.545455,1.0,0.0,0.0,,,
81385,2000.0,14.424411,0.0,0.0,0.0,,,
81385,2004.0,9.2243185,1.0,0.0,0.0,,5.436,1.8763797
81398,2000.0,12.162162,0.0,0.0,0.0,,,
81398,2004.0,6.535948,1.0,0.0,0.0,,,
81402,2000.0,12.299465,0.0,0.0,0.0,15.39642,5.364,2.3676362
81402,2004.0,8.67872,1.0,0.0,0.0,2.109827,5.709,3.3280785
81419,2000.0,14.027565,0.0,0.0,0.0,8.997955,5.583,3.2419846
81419,2004.0,7.348863,1.0,0.0,0.0,7.531734,5.88,3.0952382
81424,2000.0,7.070707,0.0,0.0,0.0,,,
81424,2004.0,3.0,1.0,0.0,0.0,,,
81430,2000.0,23.994638,0.0,0.0,0.0,,,
81430,2004.0,16.107,1.0,0.0,0.0,,,
81445,2000.0,13.857677,0.0,0.0,0.0,,,
81445,2004.0,9.586777,1.0,0.0,0.0,,,
81458,2000.0,15.656178,0.0,0.0,0.0,,,
81458,2004.0,11.178986,1.0,0.0,0.0,,,
81461,2000.0,24.08907,0.0,0.0,0.0,,,
81461,2004.0,19.52818,1.0,0.0,0.0,,,
81477,2000.0,19.16277,0.0,0.0,0.0,18.02671,18.177,2.5361722
81477,2004.0,12.041973,1.0,0.0,0.0,9.3016,21.959,3.2424064
81483,2000.0,27.181208,0.0,0.0,0.0,,,
81483,2004.0,23.301888,1.0,0.0,0.0,,,
81496,2000.0,11.251981,0.0,0.0,0.0,,,
81496,2004.0,5.838509,1.0,0.0,0.0,,,
81509,2000.0,8.823529,0.0,0.0,0.0,,,
81509,2004.0,7.3170733,1.0,0.0,0.0,,,
81516,2000.0,19.9446,0.0,0.0,0.0,,,
81516,2004.0,10.991957,1.0,0.0,0.0,,,
81521,2000.0,3.1578948,0.0,0.0,0.0,,,
81521,2004.0,3.125,1.0,0.0,0.0,,,
81537,2000.0,10.679611,0.0,0.0,0.0,,,
81537,2004.0,8.928572,1.0,0.0,0.0,,,
81542,2000.0,21.727749,0.0,0.0,0.0,,,
81542,2004.0,12.288136,1.0,0.0,0.0,,,
81555,2000.0,22.899387,0.0,0.0,0.0,,5.833,2.6572948
81555,2004.0,15.485564,1.0,0.0,0.0,25.28572,7.827,3.602913
81568,2000.0,22.70413,0.0,0.0,0.0,23.15171,11.515,2.9005644
81568,2004.0,15.972988,1.0,0.0,0.0,7.467297,13.45,2.8773234
81574,2000.0,21.55539,0.0,0.0,0.0,20.77544,7.987,2.2661827
81574,2004.0,14.457624,1.0,0.0,0.0,7.812995,10.701,2.607233
81580,2000.0,18.155785,0.0,0.0,0.0,,,
81580,2004.0,10.92475,1.0,0.0,0.0,,,
81593,2000.0,23.896393,0.0,0.0,0.0,18.53488,15.132,3.006873
81593,2004.0,14.232538,1.0,0.0,0.0,7.640314,16.564,3.3747888
81607,2000.0,12.605042,0.0,0.0,0.0,,,
81607,2004.0,6.0728745,1.0,0.0,0.0,,,
81614,2000.0,21.917498,0.0,0.0,0.0,17.36677,9.691,2.6209886
81614,2004.0,15.384615,1.0,0.0,0.0,10.83893,13.319,3.0933254
81629,2000.0,20.60606,0.0,0.0,0.0,,,
81629,2004.0,11.359026,1.0,0.0,0.0,,,
81635,2000.0,25.440096,0.0,0.0,0.0,7.366946,21.394,3.5570722
81635,2004.0,18.789177,1.0,0.0,0.0,10.54248,25.577,4.4258513
81640,2000.0,10.409556,0.0,0.0,0.0,,,
81640,2004.0,5.245347,1.0,0.0,0.0,,,
81653,2000.0,15.92742,0.0,0.0,0.0,,,
81653,2004.0,7.8642383,1.0,0.0,0.0,,,
81666,2000.0,11.5755625,0.0,0.0,0.0,,,
81666,2004.0,7.9875517,1.0,0.0,0.0,,,
81672,2000.0,24.290943,0.0,0.0,0.0,,5.005,3.096903
81672,2004.0,14.91361,1.0,0.0,0.0,4.331116,6.935,2.999279
81688,2000.0,43.442623,0.0,0.0,0.0,,,
81688,2004.0,29.347826,1.0,0.0,0.0,,,
81691,2000.0,24.404339,0.0,0.0,0.0,34.15987,63.195,3.1505656
81691,2004.0,15.757658,1.0,0.0,0.0,7.865037,62.828,3.4188578
81705,2000.0,13.836478,0.0,0.0,0.0,,,
81705,2004.0,6.5155807,1.0,0.0,0.0,,,
81712,2000.0,14.181287,0.0,0.0,0.0,,,
81712,2004.0,6.6131024,1.0,0.0,0.0,,,
81727,2000.0,24.760748,0.0,0.0,0.0,19.19897,26.614,2.5851057
81727,2004.0,16.377502,1.0,0.0,0.0,9.736322,27.675,3.1111112
81748,2000.0,13.235294,0.0,0.0,0.0,,,
81748,2004.0,7.116105,1.0,0.0,0.0,,,
81751,2000.0,14.803849,0.0,0.0,0.0,,,
81751,2004.0,8.345071,1.0,0.0,0.0,,,
81764,2000.0,31.0,0.0,0.0,0.0,,,
81764,2004.0,20.0,1.0,0.0,0.0,,,
81770,2000.0,17.073172,0.0,0.0,0.0,,,
81770,2004.0,16.32653,1.0,0.0,0.0,,,
81786,2000.0,15.412187,0.0,0.0,0.0,,,
81786,2004.0,9.705882,1.0,0.0,0.0,,,
81799,2000.0,15.476191,0.0,0.0,0.0,,,
81799,2004.0,13.032581,1.0,0.0,0.0,,,
81803,2000.0,23.935915,0.0,0.0,0.0,10.92273,30.992,3.5331697
81803,2004.0,16.487965,1.0,0.0,0.0,4.090247,35.464,3.7446425
81810,2000.0,20.468792,0.0,0.0,0.0,20.09434,7.763,2.1641119
81810,2004.0,14.713169,1.0,0.0,0.0,8.988235,9.55,2.8795812
81825,2000.0,18.939394,0.0,0.0,0.0,,,
81825,2004.0,13.940724,1.0,0.0,0.0,,,
81831,2000.0,10.202605,0.0,0.0,0.0,2.980392,5.232,3.172783
81831,2004.0,5.475331,1.0,0.0,0.0,5.767918,5.593,3.6831753
81846,2000.0,23.840088,0.0,0.0,0.0,15.76492,61.538,2.6373947
81846,2004.0,16.516724,1.0,0.0,0.0,8.792538,70.306,3.3325748
81859,2000.0,21.538462,0.0,0.0,0.0,,,
81859,2004.0,6.25,1.0,0.0,0.0,,,
81878,2000.0,20.39114,0.0,0.0,0.0,9.309031,186.661,3.2534916
81878,2004.0,13.1365385,1.0,0.0,0.0,8.926973,200.722,3.6787198
81884,2000.0,18.60465,0.0,0.0,0.0,,,
81884,2004.0,8.333333,1.0,0.0,0.0,,,
81897,2000.0,12.605042,0.0,0.0,0.0,,,
81897,2004.0,6.837607,1.0,0.0,0.0,,,
81901,2000.0,14.285714,0.0,0.0,0.0,,,
81901,2004.0,4.0,1.0,0.0,0.0,,,
81918,2000.0,14.354761,0.0,0.0,0.0,20.48159,7.109,3.0102687
81918,2004.0,8.689024,1.0,0.0,0.0,6.689993,7.116,4.0050592
81923,2000.0,13.930518,0.0,0.0,0.0,21.28234,5.461,2.1241531
81923,2004.0,9.692672,1.0,0.0,0.0,4.948229,6.412,2.5265129
81939,2000.0,22.24719,0.0,0.0,0.0,,,
81939,2004.0,15.42461,1.0,0.0,0.0,,,
81944,2000.0,28.777168,0.0,0.0,0.0,8.045443,32.521,4.6124043
81944,2004.0,18.904665,1.0,0.0,0.0,6.647025,32.595,4.6142044
81957,2000.0,9.523809,0.0,0.0,0.0,,,
81957,2004.0,3.0769231,1.0,0.0,0.0,,,
81960,2000.0,25.966013,0.0,0.0,0.0,20.58803,21.824,2.4468474
81960,2004.0,16.011448,1.0,0.0,0.0,9.905661,25.579,3.31131
81976,2000.0,30.707396,0.0,0.0,0.0,18.98374,7.797,1.6929588
81976,2004.0,22.32586,1.0,0.0,0.0,10.44838,9.605,2.0301926
81982,2000.0,21.493729,0.0,0.0,0.0,,,
81982,2004.0,12.533849,1.0,0.0,0.0,,,
81995,2000.0,17.959183,0.0,0.0,0.0,,,
81995,2004.0,9.769094,1.0,1.0,502.0,,,
82009,2000.0,23.747488,0.0,0.0,0.0,14.10252,79.593,2.6484742
82009,2004.0,15.113902,1.0,1.0,313.0,9.383469,81.045,3.0575607
82016,2000.0,12.349398,0.0,0.0,0.0,,,
82016,2004.0,6.9444447,1.0,0.0,0.0,,,
82021,2000.0,16.817028,0.0,0.0,0.0,10.82961,13.038,2.2165976
82021,2004.0,10.65442,1.0,0.0,0.0,10.77667,15.759,2.2272987
82037,2000.0,24.861265,0.0,0.0,0.0,,,
82037,2004.0,16.280865,1.0,0.0,0.0,,,
82042,2000.0,14.762198,0.0,0.0,0.0,,,
82042,2004.0,8.603667,1.0,0.0,0.0,,,
82055,2000.0,23.984335,0.0,0.0,0.0,20.49948,57.874,2.0337284
82055,2004.0,16.498835,1.0,0.0,0.0,10.70529,73.997,1.9919727
82068,2000.0,14.712644,0.0,0.0,0.0,,,
82068,2004.0,8.856089,1.0,0.0,0.0,,,
82074,2000.0,13.298566,0.0,0.0,0.0,,,
82074,2004.0,6.788991,1.0,0.0,0.0,,,
82080,2000.0,21.763985,0.0,0.0,0.0,,5.444,1.5797207
82080,2004.0,15.164399,1.0,0.0,0.0,0.9255725,6.645,2.2121897
82093,2000.0,29.272959,0.0,0.0,0.0,12.53776,6.607,2.4670804
82093,2004.0,19.552307,1.0,0.0,0.0,4.531105,7.549,3.1527355
82107,2000.0,17.338161,0.0,0.0,0.0,,,
82107,2004.0,11.075612,1.0,0.0,0.0,,5.453,2.4023473
82114,2000.0,23.842188,0.0,0.0,0.0,11.85866,40.25,2.7801242
82114,2004.0,15.051359,1.0,0.0,0.0,6.101745,42.428,3.2926369
82129,2000.0,13.297873,0.0,0.0,0.0,,,
82129,2004.0,6.428571,1.0,0.0,0.0,,,
82135,2000.0,15.616438,0.0,0.0,0.0,15.39899,5.876,1.9230769
82135,2004.0,10.43038,1.0,0.0,0.0,12.13647,7.326,2.6754026
82140,2000.0,19.302822,0.0,0.0,0.0,14.29963,7.611,2.351859
82140,2004.0,13.071512,1.0,0.0,0.0,9.303977,8.386,2.6949677
82153,2000.0,10.108509,0.0,0.0,0.0,,,
82153,2004.0,6.4563823,1.0,0.0,0.0,,,
82166,2000.0,0.0,0.0,0.0,0.0,,,
82166,2004.0,0.0,1.0,0.0,0.0,,,
82172,2000.0,22.854664,0.0,0.0,0.0,10.14625,28.708,2.3895779
82172,2004.0,15.249684,1.0,0.0,0.0,8.64323,31.593,2.9025416
82188,2000.0,16.29928,0.0,0.0,0.0,11.52648,9.37,2.3585913
82188,2004.0,10.365548,1.0,0.0,0.0,11.75889,10.435,3.4978437
82191,2000.0,22.510582,0.0,0.0,0.0,26.53498,17.559,2.1014864
82191,2004.0,14.16124,1.0,0.0,0.0,7.647683,19.063,2.580916
82205,2000.0,8.3398285,0.0,0.0,0.0,,,
82205,2004.0,4.053272,1.0,0.0,0.0,,,
82212,2000.0,24.358643,0.0,0.0,0.0,11.01449,14.38,2.0584145
82212,2004.0,16.480417,1.0,0.0,0.0,4.017109,15.346,2.2807245
82227,2000.0,15.011821,0.0,0.0,0.0,,,
82227,2004.0,9.881757,1.0,0.0,0.0,,,
82233,2000.0,14.540588,0.0,0.0,0.0,,,
82233,2004.0,8.773234,1.0,0.0,0.0,,,
82248,2000.0,18.489584,0.0,0.0,0.0,,,
82248,2004.0,10.576923,1.0,0.0,0.0,,,
82251,2000.0,4.5454545,0.0,0.0,0.0,,,
82251,2004.0,1.2820513,1.0,0.0,0.0,,,
82264,2000.0,15.008431,0.0,0.0,0.0,,,
82264,2004.0,6.4610868,1.0,0.0,0.0,,,
82270,2000.0,13.6029415,0.0,0.0,0.0,,,
82270,2004.0,7.9375,1.0,0.0,0.0,,,
82286,2000.0,16.810345,0.0,0.0,0.0,,,
82286,2004.0,9.836065,1.0,0.0,0.0,,,
82299,2000.0,15.5172415,0.0,0.0,0.0,,,
82299,2004.0,8.898305,1.0,0.0,0.0,,,
82303,2000.0,23.24076,0.0,0.0,0.0,18.80658,9.245,1.9361817
82303,2004.0,16.64703,1.0,0.0,0.0,11.47402,9.828,2.5030525
82310,2000.0,24.96394,0.0,0.0,0.0,19.74301,23.265,2.6907372
82310,2004.0,16.684484,1.0,0.0,0.0,13.08482,27.181,2.6047606
82325,2000.0,14.485597,0.0,0.0,0.0,,,
82325,2004.0,8.081518,1.0,0.0,0.0,,,
82331,2000.0,12.177778,0.0,0.0,0.0,,,
82331,2004.0,6.2801933,1.0,0.0,0.0,,,
82346,2000.0,23.283346,0.0,0.0,0.0,,,
82346,2004.0,15.868109,1.0,0.0,0.0,,,
82359,2000.0,16.221663,0.0,0.0,0.0,,,
82359,2004.0,10.851599,1.0,0.0,0.0,,,
82362,2000.0,19.444445,0.0,0.0,0.0,,,
82362,2004.0,11.637572,1.0,0.0,0.0,,,
82378,2000.0,11.158072,0.0,0.0,0.0,,,
82378,2004.0,7.94948,1.0,0.0,0.0,,,
82384,2000.0,19.74903,0.0,0.0,0.0,8.762052,13.609,1.9913293
82384,2004.0,13.821477,1.0,0.0,0.0,8.468759,17.461,2.2908196
82397,2000.0,22.994652,0.0,0.0,0.0,,,
82397,2004.0,11.666667,1.0,0.0,0.0,,,
82401,2000.0,14.196205,0.0,0.0,0.0,18.502,9.962,1.4153785
82401,2004.0,9.435061,1.0,0.0,0.0,3.166023,11.712,1.4685793
82418,2000.0,13.461538,0.0,0.0,0.0,,,
82418,2004.0,14.285714,1.0,0.0,0.0,,,
82423,2000.0,16.083916,0.0,0.0,0.0,,,
82423,2004.0,9.876543,1.0,0.0,0.0,,,
82439,2000.0,3.539823,0.0,0.0,0.0,,,
82439,2004.0,3.7593985,1.0,0.0,0.0,,,
82444,2000.0,17.353668,0.0,0.0,0.0,,5.346,1.7957351
82444,2004.0,12.751179,1.0,0.0,0.0,9.168704,7.41,2.4561403
82457,2000.0,25.371359,0.0,0.0,0.0,10.74679,116.474,3.4411113
82457,2004.0,17.61073,1.0,0.0,0.0,13.86579,118.024,3.4382837
82460,2000.0,9.769094,0.0,0.0,0.0,,,
82460,2004.0,5.174927,1.0,0.0,0.0,,,
82476,2000.0,10.151188,0.0,0.0,0.0,,,
82476,2004.0,5.9931507,1.0,0.0,0.0,,,
82482,2000.0,20.13245,0.0,0.0,0.0,,,
82482,2004.0,14.643489,1.0,0.0,0.0,,6.261,2.3638396
82495,2000.0,4.0935674,0.0,0.0,0.0,,,
82495,2004.0,4.6948357,1.0,0.0,0.0,,,
82508,2000.0,23.773075,0.0,0.0,0.0,5.555556,9.0,3.588889
82508,2004.0,16.808346,1.0,0.0,0.0,16.42512,9.792,5.443219
82515,2000.0,16.248457,0.0,0.0,0.0,,5.008,1.6174121
82515,2004.0,11.10414,1.0,0.0,0.0,10.76808,6.336,2.004419
82520,2000.0,27.319124,0.0,0.0,0.0,14.84153,26.839,3.360781
82520,2004.0,18.5385,1.0,0.0,0.0,7.216471,28.914,3.8424292
82536,2000.0,13.793103,0.0,0.0,0.0,,,
82536,2004.0,5.504587,1.0,0.0,0.0,,,
82541,2000.0,9.247136,0.0,0.0,0.0,,,
82541,2004.0,4.7222223,1.0,0.0,0.0,,,
82554,2000.0,24.390244,0.0,0.0,0.0,,,
82554,2004.0,3.2258065,1.0,0.0,0.0,,,
82567,2000.0,15.228426,0.0,0.0,0.0,,,
82567,2004.0,8.245243,1.0,0.0,0.0,,,
82573,2000.0,11.4754095,0.0,0.0,0.0,,,
82573,2004.0,4.6511626,1.0,0.0,0.0,,,
82589,2000.0,5.529226,0.0,0.0,0.0,,,
82589,2004.0,3.2637076,1.0,0.0,0.0,,,
82592,2000.0,19.88853,0.0,0.0,0.0,12.86416,6.693,2.8537278
82592,2004.0,12.669268,1.0,0.0,0.0,9.123507,8.168,2.4730656
82606,2000.0,24.951267,0.0,0.0,0.0,22.35427,19.371,3.897579
82606,2004.0,16.199402,1.0,0.0,0.0,6.044769,22.558,3.5375476
82613,2000.0,26.197758,0.0,0.0,0.0,,,
82613,2004.0,20.416388,1.0,0.0,0.0,,,
82628,2000.0,16.502079,0.0,0.0,0.0,18.77863,7.155,3.843466
82628,2004.0,10.789814,1.0,0.0,0.0,11.00394,7.955,4.035198
82634,2000.0,23.281277,0.0,0.0,0.0,13.60457,25.043,2.755261
82634,2004.0,14.800214,1.0,0.0,0.0,9.056925,27.036,3.4805446
82649,2000.0,25.61692,0.0,0.0,0.0,,,
82649,2004.0,20.105421,1.0,0.0,0.0,,5.201,1.8265718
82652,2000.0,9.196617,0.0,0.0,0.0,,,
82652,2004.0,4.967949,1.0,0.0,0.0,,,
82665,2000.0,25.334957,0.0,0.0,0.0,9.227766,53.826,3.251217
82665,2004.0,17.054678,1.0,0.0,0.0,8.870844,57.929,3.4835746
82671,2000.0,18.83713,0.0,0.0,0.0,21.8593,5.929,2.7323327
82671,2004.0,10.604161,1.0,0.0,0.0,13.0132,7.294,3.2903757
82687,2000.0,10.439561,0.0,0.0,0.0,,,
82687,2004.0,6.115515,1.0,0.0,0.0,,,
82690,2000.0,13.342599,0.0,0.0,0.0,,,
82690,2004.0,7.879429,1.0,0.0,0.0,,,
82704,2000.0,29.12968,0.0,0.0,0.0,9.829235,20.895,2.2876287
82704,2004.0,20.531555,1.0,0.0,0.0,9.164186,25.886,2.1169744
82711,2000.0,6.8965516,0.0,0.0,0.0,,,
82711,2004.0,2.2727273,1.0,0.0,0.0,,,
82726,2000.0,13.483146,0.0,0.0,0.0,,,
82726,2004.0,4.464286,1.0,0.0,0.0,,,
82732,2000.0,15.121951,0.0,0.0,0.0,,,
82732,2004.0,9.005848,1.0,0.0,0.0,,,
82747,2000.0,13.7526655,0.0,0.0,0.0,7.063953,6.125,1.7795918
82747,2004.0,9.243909,1.0,0.0,0.0,9.795918,6.333,2.1316912
82750,2000.0,3.7735848,0.0,0.0,0.0,,,
82750,2004.0,2.8301888,1.0,0.0,0.0,,,
82763,2000.0,18.26923,0.0,0.0,0.0,,,
82763,2004.0,9.146341,1.0,0.0,0.0,,,
82779,2000.0,20.967741,0.0,0.0,0.0,,,
82779,2004.0,16.27907,1.0,0.0,0.0,,,
82785,2000.0,11.390476,0.0,0.0,0.0,,5.244,2.1548436
82785,2004.0,6.8031135,1.0,0.0,0.0,9.190698,5.811,2.4780588
82798,2000.0,20.862879,0.0,0.0,0.0,12.1897,176.78,3.1485462
82798,2004.0,14.17999,1.0,1.0,139.0,9.876638,200.609,3.653874
82802,2000.0,12.871287,0.0,0.0,0.0,,,
82802,2004.0,7.4074073,1.0,0.0,0.0,,,
82819,2000.0,19.886564,0.0,0.0,0.0,,5.485,1.9143118
82819,2004.0,13.300627,1.0,0.0,0.0,10.78947,5.935,2.4262848
82824,2000.0,19.105045,0.0,0.0,0.0,17.04036,6.074,1.8109977
82824,2004.0,12.549293,1.0,0.0,0.0,9.007264,7.395,2.2312374
82830,2000.0,12.709678,0.0,0.0,0.0,11.28617,6.081,1.8253577
82830,2004.0,8.127295,1.0,0.0,0.0,11.53135,7.447,2.2693703
82845,2000.0,17.72399,0.0,0.0,0.0,17.72678,10.213,2.5555665
82845,2004.0,12.779651,1.0,0.0,0.0,12.2248,13.7,2.970803
82858,2000.0,10.398614,0.0,0.0,0.0,6.721557,12.396,2.7428203
82858,2004.0,5.779689,1.0,0.0,0.0,11.95518,13.327,2.7763188
82861,2000.0,18.864775,0.0,0.0,0.0,,,
82861,2004.0,15.380012,1.0,0.0,0.0,,,
82877,2000.0,12.831242,0.0,0.0,0.0,,,
82877,2004.0,6.976744,1.0,0.0,0.0,,,
82883,2000.0,20.465117,0.0,0.0,0.0,,,
82883,2004.0,14.917127,1.0,0.0,0.0,,,
82896,2000.0,18.80141,0.0,0.0,0.0,,,
82896,2004.0,13.117345,1.0,0.0,0.0,,,
82900,2000.0,12.573099,0.0,0.0,0.0,,,
82900,2004.0,9.1108675,1.0,0.0,0.0,,,
82917,2000.0,21.537346,0.0,0.0,0.0,,,
82917,2004.0,13.20587,1.0,0.0,0.0,,5.26,2.4904943
82922,2000.0,18.040436,0.0,0.0,0.0,,,
82922,2004.0,12.032085,1.0,0.0,0.0,,,
82938,2000.0,12.258064,0.0,0.0,0.0,,,
82938,2004.0,2.1052632,1.0,0.0,0.0,,,
82943,2000.0,20.571428,0.0,0.0,0.0,,,
82943,2004.0,13.0859375,1.0,0.0,0.0,,,
82956,2000.0,23.530687,0.0,0.0,0.0,21.38129,9.917,2.0570736
82956,2004.0,15.473087,1.0,0.0,0.0,8.692629,13.14,2.4200914
82969,2000.0,26.086956,0.0,0.0,0.0,,,
82969,2004.0,18.051577,1.0,0.0,0.0,,,
82975,2000.0,17.777779,0.0,0.0,0.0,,,
82975,2004.0,14.406779,1.0,0.0,0.0,,,
82981,2000.0,14.119852,0.0,0.0,0.0,11.87099,33.278,2.2146764
82981,2004.0,8.881399,1.0,0.0,0.0,7.79843,38.567,2.3206367
82994,2000.0,20.382166,0.0,0.0,0.0,,,
82994,2004.0,13.96648,1.0,0.0,0.0,,,
83008,2000.0,21.411442,0.0,0.0,0.0,,6.157,2.5499432
83008,2004.0,15.018964,1.0,0.0,0.0,8.738853,7.05,3.5177305
83015,2000.0,25.051952,0.0,0.0,0.0,15.25432,57.573,2.8711376
83015,2004.0,16.564808,1.0,0.0,0.0,10.57571,61.315,3.4918046
83020,2000.0,28.976818,0.0,0.0,0.0,6.982409,10.385,3.3606162
83020,2004.0,18.826563,1.0,0.0,0.0,7.121364,12.071,5.2025514
83036,2000.0,12.953368,0.0,0.0,0.0,,,
83036,2004.0,8.583691,1.0,0.0,0.0,,,
83041,2000.0,8.447937,0.0,0.0,0.0,,,
83041,2004.0,5.1242237,1.0,0.0,0.0,,,
83054,2000.0,17.812717,0.0,0.0,0.0,12.2115,31.372,1.9252837
83054,2004.0,11.898202,1.0,0.0,0.0,8.083368,36.683,2.3198757
83067,2000.0,28.455284,0.0,0.0,0.0,,,
83067,2004.0,15.497076,1.0,0.0,0.0,,,
83073,2000.0,19.617033,0.0,0.0,0.0,15.10126,54.219,2.7960677
83073,2004.0,13.403541,1.0,0.0,0.0,8.517604,63.131,2.827454
83089,2000.0,13.076923,0.0,0.0,0.0,,,
83089,2004.0,5.185185,1.0,0.0,0.0,,,
89019,2000.0,5.0925927,0.0,0.0,0.0,,,
89019,2004.0,2.5974026,1.0,0.0,0.0,,,
89024,2000.0,23.993288,0.0,0.0,0.0,,,
89024,2004.0,16.48786,1.0,0.0,0.0,,,
89030,2000.0,11.494253,0.0,0.0,0.0,,,
89030,2004.0,5.1282053,1.0,0.0,0.0,,,
89045,2000.0,27.458906,0.0,,,25.76779,14.902,4.8315663
89045,2004.0,17.665539,1.0,0.0,0.0,8.870704,14.0,5.135714
89058,2000.0,17.553192,0.0,,,,,
89058,2004.0,12.280702,1.0,,,,,
170010,2000.0,7.3047857,0.0,0.0,0.0,,,
170010,2004.0,6.5400844,1.0,0.0,0.0,,,
170025,2000.0,11.864407,0.0,0.0,0.0,,,
170025,2004.0,6.8965516,1.0,0.0,0.0,,,
170031,2000.0,12.307693,0.0,0.0,0.0,,,
170031,2004.0,0.0,1.0,0.0,0.0,,,
170046,2000.0,14.98471,0.0,0.0,0.0,,,
170046,2004.0,4.7619047,1.0,0.0,0.0,,,
170059,2000.0,18.779343,0.0,0.0,0.0,,,
170059,2004.0,5.928854,1.0,0.0,0.0,,,
170062,2000.0,20.905924,0.0,0.0,0.0,,,
170062,2004.0,10.594316,1.0,0.0,0.0,,,
170078,2000.0,10.479705,0.0,0.0,0.0,,,
170078,2004.0,7.760381,1.0,0.0,0.0,,,
170084,2000.0,8.726139,0.0,0.0,0.0,,,
170084,2004.0,6.5607033,1.0,0.0,0.0,,5.245,2.7073402
170097,2000.0,13.424053,0.0,0.0,0.0,,5.309,1.2055001
170097,2004.0,7.8449907,1.0,0.0,0.0,9.490704,6.247,1.1845686
170101,2000.0,11.794871,0.0,0.0,0.0,,,
170101,2004.0,4.6413503,1.0,0.0,0.0,,,
170118,2000.0,11.830358,0.0,0.0,0.0,,,
170118,2004.0,7.797271,1.0,0.0,0.0,,,
170123,2000.0,22.289156,0.0,0.0,0.0,,,
170123,2004.0,14.915255,1.0,0.0,0.0,,,
170139,2000.0,14.139111,0.0,0.0,0.0,,,
170139,2004.0,11.287989,1.0,0.0,0.0,,,
170144,2000.0,19.512196,0.0,0.0,0.0,,,
170144,2004.0,13.559322,1.0,0.0,0.0,,,
170157,2000.0,12.680683,0.0,0.0,0.0,8.18509,15.574,2.3500707
170157,2004.0,8.08337,1.0,0.0,0.0,6.756658,17.379,1.5651073
170160,2000.0,13.916501,0.0,0.0,0.0,,,
170160,2004.0,6.5255733,1.0,0.0,0.0,,,
170182,2000.0,10.9717865,0.0,0.0,0.0,,,
170182,2004.0,8.010336,1.0,0.0,0.0,,,
170195,2000.0,6.727575,0.0,0.0,0.0,,,
170195,2004.0,4.706685,1.0,0.0,0.0,,,
170209,2000.0,8.01964,0.0,0.0,0.0,,,
170209,2004.0,5.3579082,1.0,0.0,0.0,,,
170216,2000.0,19.69697,0.0,0.0,0.0,,,
170216,2004.0,6.6666665,1.0,0.0,0.0,,,
170221,2000.0,12.5535965,0.0,0.0,0.0,10.45098,8.305,2.7332933
170221,2004.0,7.5015,1.0,0.0,0.0,11.32003,9.426,2.6628475
170237,2000.0,21.011007,0.0,0.0,0.0,9.460068,32.135,2.741559
170237,2004.0,16.194986,1.0,0.0,0.0,9.240168,38.1,2.9081364
170242,2000.0,28.75817,0.0,0.0,0.0,,,
170242,2004.0,15.300547,1.0,0.0,0.0,,,
170255,2000.0,12.774725,0.0,0.0,0.0,,,
170255,2004.0,8.745685,1.0,0.0,0.0,,,
170268,2000.0,9.477124,0.0,0.0,0.0,,,
170268,2004.0,5.30504,1.0,0.0,0.0,,,
170274,2000.0,13.847838,0.0,0.0,0.0,,,
170274,2004.0,8.260105,1.0,0.0,0.0,,,
170280,2000.0,17.272728,0.0,0.0,0.0,,,
170280,2004.0,11.415525,1.0,0.0,0.0,,,
170293,2000.0,14.960629,0.0,0.0,0.0,,,
170293,2004.0,11.801242,1.0,0.0,0.0,,,
170307,2000.0,21.904762,0.0,0.0,0.0,,,
170307,2004.0,15.568862,1.0,0.0,0.0,,,
170314,2000.0,15.151515,0.0,0.0,0.0,,,
170314,2004.0,10.606061,1.0,0.0,0.0,,,
170329,2000.0,9.265176,0.0,0.0,0.0,,,
170329,2004.0,4.0167365,1.0,0.0,0.0,,,
170335,2000.0,16.930693,0.0,0.0,0.0,,,
170335,2004.0,12.093674,1.0,0.0,0.0,,5.863,1.9955654
170340,2000.0,17.774244,0.0,0.0,0.0,5.82199,7.428,2.2213247
170340,2004.0,14.5843115,1.0,0.0,0.0,12.78183,9.716,2.017291
170353,2000.0,10.075566,0.0,0.0,0.0,,,
170353,2004.0,7.6923075,1.0,0.0,0.0,,,
170366,2000.0,10.140562,0.0,0.0,0.0,,,
170366,2004.0,7.25089,1.0,0.0,0.0,,,
170372,2000.0,12.162162,0.0,0.0,0.0,,,
170372,2004.0,5.102041,1.0,0.0,0.0,,,
170388,2000.0,8.187135,0.0,0.0,0.0,,,
170388,2004.0,5.5555553,1.0,0.0,0.0,,,
170391,2000.0,16.028368,0.0,0.0,0.0,,,
170391,2004.0,11.340206,1.0,0.0,0.0,,,
170405,2000.0,11.801242,0.0,0.0,0.0,,,
170405,2004.0,4.0650406,1.0,0.0,0.0,,,
170412,2000.0,14.465409,0.0,0.0,0.0,,,
170412,2004.0,7.142857,1.0,0.0,0.0,,,
170427,2000.0,13.80597,0.0,0.0,0.0,,,
170427,2004.0,11.692307,1.0,0.0,0.0,,,
170433,2000.0,7.246377,0.0,0.0,0.0,,,
170433,2004.0,8.510638,1.0,0.0,0.0,,,
170448,2000.0,10.790464,0.0,0.0,0.0,10.5726,7.952,1.7857143
170448,2004.0,6.480921,1.0,0.0,0.0,8.816053,8.901,1.46051
170464,2000.0,10.409556,0.0,0.0,0.0,,,
170464,2004.0,5.9097977,1.0,0.0,0.0,,,
170470,2000.0,25.76687,0.0,0.0,0.0,,7.215,1.7463617
170470,2004.0,20.595533,1.0,0.0,0.0,10.7772,10.33,1.268151
170486,2000.0,21.269133,0.0,0.0,0.0,5.826866,7.408,3.401728
170486,2004.0,17.623957,1.0,0.0,0.0,10.78132,9.762,2.3458307
170499,2000.0,9.270516,0.0,0.0,0.0,,,
170499,2004.0,6.7391305,1.0,0.0,0.0,,,
170502,2000.0,11.471322,0.0,0.0,0.0,,,
170502,2004.0,5.4054055,1.0,0.0,0.0,,,
170519,2000.0,16.32653,0.0,0.0,0.0,,,
170519,2004.0,11.656442,1.0,0.0,0.0,,,
170524,2000.0,23.376623,0.0,0.0,0.0,,,
170524,2004.0,11.578947,1.0,0.0,0.0,,,
170545,2000.0,20.923077,0.0,0.0,0.0,,,
170545,2004.0,17.447916,1.0,0.0,0.0,,,
170558,2000.0,9.285714,0.0,0.0,0.0,,,
170558,2004.0,3.97351,1.0,0.0,0.0,,,
170561,2000.0,12.693798,0.0,0.0,0.0,,,
170561,2004.0,7.8660436,1.0,0.0,0.0,,,
170577,2000.0,7.0287538,0.0,0.0,0.0,,,
170577,2004.0,5.562579,1.0,0.0,0.0,,,
170583,2000.0,16.666666,0.0,0.0,0.0,,,
170583,2004.0,8.955224,1.0,0.0,0.0,,,
170600,2000.0,22.65372,0.0,0.0,0.0,,,
170600,2004.0,16.615385,1.0,0.0,0.0,,,
170617,2000.0,20.930233,0.0,0.0,0.0,,,
170617,2004.0,10.714286,1.0,0.0,0.0,,,
170622,2000.0,18.505825,0.0,0.0,0.0,9.387352,6.328,3.4292035
170622,2004.0,12.898972,1.0,0.0,0.0,10.30262,9.048,2.3872678
170638,2000.0,5.785124,0.0,0.0,0.0,,,
170638,2004.0,4.0,1.0,0.0,0.0,,,
170643,2000.0,8.050847,0.0,0.0,0.0,,,
170643,2004.0,8.921933,1.0,0.0,0.0,,,
170656,2000.0,13.888889,0.0,0.0,0.0,,,
170656,2004.0,7.6923075,1.0,0.0,0.0,,,
170669,2000.0,23.99429,0.0,0.0,0.0,9.347635,34.911,2.4061184
170669,2004.0,18.185713,1.0,0.0,0.0,9.891092,40.395,2.319594
170675,2000.0,9.215686,0.0,0.0,0.0,,,
170675,2004.0,4.0201006,1.0,0.0,0.0,,,
170681,2000.0,12.568306,0.0,0.0,0.0,,,
170681,2004.0,4.255319,1.0,0.0,0.0,,,
170694,2000.0,25.0,0.0,0.0,0.0,,,
170694,2004.0,17.62712,1.0,0.0,0.0,,,
170708,2000.0,13.0,0.0,0.0,0.0,,,
170708,2004.0,6.034483,1.0,0.0,0.0,,,
170715,2000.0,10.068259,0.0,0.0,0.0,,,
170715,2004.0,5.614973,1.0,0.0,0.0,,,
170736,2000.0,13.481829,0.0,0.0,0.0,,,
170736,2004.0,9.179171,1.0,0.0,0.0,,,
170741,2000.0,20.229008,0.0,0.0,0.0,,,
170741,2004.0,10.174418,1.0,0.0,0.0,,,
170754,2000.0,22.926828,0.0,0.0,0.0,,,
170754,2004.0,15.763547,1.0,0.0,0.0,,,
170767,2000.0,14.772727,0.0,0.0,0.0,,,
170767,2004.0,6.6666665,1.0,0.0,0.0,,,
170773,2000.0,21.12676,0.0,0.0,0.0,,,
170773,2004.0,11.928934,1.0,0.0,0.0,,,
170789,2000.0,13.77551,0.0,0.0,0.0,,,
170789,2004.0,8.171206,1.0,0.0,0.0,,,
170792,2000.0,18.10653,0.0,0.0,0.0,7.539495,76.35,2.459725
170792,2004.0,12.598145,1.0,0.0,0.0,9.011768,90.926,2.4657414
170806,2000.0,17.54386,0.0,0.0,0.0,,,
170806,2004.0,7.9096045,1.0,0.0,0.0,,,
170813,2000.0,6.508876,0.0,0.0,0.0,,,
170813,2004.0,6.735751,1.0,0.0,0.0,,,
170828,2000.0,22.872341,0.0,0.0,0.0,,,
170828,2004.0,13.675214,1.0,0.0,0.0,,,
170834,2000.0,13.406735,0.0,0.0,0.0,,,
170834,2004.0,9.156379,1.0,0.0,0.0,,,
170849,2000.0,12.318841,0.0,0.0,0.0,,,
170849,2004.0,3.4246576,1.0,0.0,0.0,,,
170852,2000.0,10.810811,0.0,0.0,0.0,,,
170852,2004.0,6.8,1.0,0.0,0.0,,,
170865,2000.0,21.899529,0.0,0.0,0.0,,,
170865,2004.0,17.693981,1.0,0.0,0.0,,,
170871,2000.0,11.627907,0.0,0.0,0.0,,,
170871,2004.0,7.9787235,1.0,0.0,0.0,,,
170887,2000.0,14.1868515,0.0,0.0,0.0,,,
170887,2004.0,8.100558,1.0,0.0,0.0,,,
170890,2000.0,13.1596985,0.0,0.0,0.0,10.49724,6.0,2.1333334
170890,2004.0,9.653395,1.0,0.0,0.0,9.903381,7.198,1.6810225
170904,2000.0,19.35484,0.0,0.0,0.0,,,
170904,2004.0,11.516854,1.0,0.0,0.0,,,
170911,2000.0,13.4375,0.0,0.0,0.0,,,
170911,2004.0,4.8991356,1.0,0.0,0.0,,,
170926,2000.0,15.514874,0.0,0.0,0.0,,,
170926,2004.0,10.015836,1.0,0.0,0.0,,,
170932,2000.0,22.117203,0.0,0.0,0.0,,,
170932,2004.0,13.554217,1.0,0.0,0.0,,,
170947,2000.0,24.150269,0.0,0.0,0.0,,,
170947,2004.0,16.71875,1.0,0.0,0.0,,,
170950,2000.0,24.0688,0.0,0.0,0.0,-0.8721935,22.487,3.5709522
170950,2004.0,19.062302,1.0,0.0,0.0,10.55079,33.835,3.106251
170963,2000.0,11.029411,0.0,0.0,0.0,,,
170963,2004.0,4.7297297,1.0,0.0,0.0,,,
170979,2000.0,8.5470085,0.0,0.0,0.0,,,
170979,2004.0,3.5971222,1.0,0.0,0.0,,,
170985,2000.0,18.079096,0.0,0.0,0.0,,,
170985,2004.0,10.204082,1.0,0.0,0.0,,,
170998,2000.0,19.148935,0.0,0.0,0.0,,,
170998,2004.0,9.090909,1.0,0.0,0.0,,,
171002,2000.0,11.764706,0.0,0.0,0.0,,,
171002,2004.0,6.875,1.0,0.0,0.0,,,
171019,2000.0,18.495298,0.0,0.0,0.0,,,
171019,2004.0,12.876713,1.0,1.0,149.0,,,
171024,2000.0,16.312057,0.0,0.0,0.0,,,
171024,2004.0,10.706638,1.0,0.0,0.0,,,
171030,2000.0,18.594595,0.0,0.0,0.0,,,
171030,2004.0,14.171733,1.0,0.0,0.0,,5.985,2.172097
171058,2000.0,15.0,0.0,0.0,0.0,,,
171058,2004.0,11.650485,1.0,0.0,0.0,,,
171061,2000.0,12.0,0.0,0.0,0.0,,,
171061,2004.0,6.9565215,1.0,0.0,0.0,,,
171077,2000.0,14.0,0.0,0.0,0.0,,,
171077,2004.0,7.3593073,1.0,0.0,0.0,,,
171096,2000.0,12.921349,0.0,0.0,0.0,,,
171096,2004.0,5.7377048,1.0,0.0,0.0,,,
171100,2000.0,15.307262,0.0,0.0,0.0,,,
171100,2004.0,12.3639965,1.0,0.0,0.0,,,
171117,2000.0,11.9777155,0.0,0.0,0.0,,,
171117,2004.0,5.263158,1.0,0.0,0.0,,,
171122,2000.0,20.118343,0.0,0.0,0.0,,,
171122,2004.0,9.89011,1.0,0.0,0.0,,,
171143,2000.0,13.096604,0.0,0.0,0.0,9.561666,28.574,2.064814
171143,2004.0,7.733033,1.0,0.0,0.0,8.163568,32.122,2.1418343
171156,2000.0,11.290322,0.0,0.0,0.0,,,
171156,2004.0,8.403361,1.0,0.0,0.0,,,
171169,2000.0,6.818182,0.0,0.0,0.0,,,
171169,2004.0,4.9180326,1.0,0.0,0.0,,,
171175,2000.0,16.155863,0.0,0.0,0.0,8.127148,18.816,3.3694727
171175,2004.0,12.506017,1.0,0.0,0.0,10.26268,21.353,2.7771273
171181,2000.0,16.712328,0.0,0.0,0.0,8.442461,15.414,2.867523
171181,2004.0,12.159491,1.0,0.0,0.0,9.598884,17.318,2.4771914
171194,2000.0,5.5555553,0.0,0.0,0.0,,,
171194,2004.0,7.142857,1.0,0.0,0.0,,,
171208,2000.0,6.425703,0.0,0.0,0.0,,,
171208,2004.0,5.194805,1.0,0.0,0.0,,,
171215,2000.0,11.956522,0.0,0.0,0.0,,,
171215,2004.0,9.424084,1.0,0.0,0.0,,,
171236,2000.0,7.8512397,0.0,0.0,0.0,,,
171236,2004.0,5.6478405,1.0,0.0,0.0,,,
171241,2000.0,12.234042,0.0,0.0,0.0,,,
171241,2004.0,8.989658,1.0,0.0,0.0,,,
171254,2000.0,7.5268817,0.0,0.0,0.0,,,
171254,2004.0,9.803922,1.0,0.0,0.0,,,
171267,2000.0,10.628019,0.0,0.0,0.0,,,
171267,2004.0,3.75,1.0,0.0,0.0,,,
171289,2000.0,20.2454,0.0,0.0,0.0,,,
171289,2004.0,13.852814,1.0,0.0,0.0,,,
171292,2000.0,34.328358,0.0,0.0,0.0,,,
171292,2004.0,21.348314,1.0,0.0,0.0,,,
171306,2000.0,8.83721,0.0,0.0,0.0,,,
171306,2004.0,6.439394,1.0,0.0,0.0,,,
171328,2000.0,13.636364,0.0,0.0,0.0,,,
171328,2004.0,9.968186,1.0,0.0,0.0,,,
171334,2000.0,7.465619,0.0,0.0,0.0,,,
171334,2004.0,3.502627,1.0,0.0,0.0,,,
171349,2000.0,7.9268293,0.0,0.0,0.0,,,
171349,2004.0,4.5,1.0,0.0,0.0,,,
171352,2000.0,23.868313,0.0,0.0,0.0,,,
171352,2004.0,17.073172,1.0,0.0,0.0,,,
171365,2000.0,19.847328,0.0,0.0,0.0,,,
171365,2004.0,13.013699,1.0,0.0,0.0,,,
171371,2000.0,9.689119,0.0,0.0,0.0,,,
171371,2004.0,6.50671,1.0,0.0,0.0,,,
171387,2000.0,15.256008,0.0,0.0,0.0,,,
171387,2004.0,11.836283,1.0,0.0,0.0,,,
171390,2000.0,11.538462,0.0,0.0,0.0,,,
171390,2004.0,5.6517777,1.0,0.0,0.0,,,
171404,2000.0,9.815951,0.0,0.0,0.0,,,
171404,2004.0,7.400722,1.0,0.0,0.0,,,
171411,2000.0,21.73243,0.0,0.0,0.0,13.84774,7.511,1.5310878
171411,2004.0,15.770261,1.0,0.0,0.0,13.22796,8.902,1.4940463
171426,2000.0,16.70498,0.0,0.0,0.0,,,
171426,2004.0,12.708831,1.0,0.0,0.0,,,
171432,2000.0,19.565218,0.0,0.0,0.0,,,
171432,2004.0,10.638298,1.0,0.0,0.0,,,
171447,2000.0,10.967742,0.0,0.0,0.0,,,
171447,2004.0,14.285714,1.0,0.0,0.0,,,
171450,2000.0,8.262548,0.0,0.0,0.0,,,
171450,2004.0,4.571429,1.0,0.0,0.0,,,
171463,2000.0,17.79141,0.0,0.0,0.0,,,
171463,2004.0,11.975684,1.0,0.0,0.0,,,
171479,2000.0,11.990049,0.0,0.0,0.0,13.24431,10.796,2.5194516
171479,2004.0,8.142753,1.0,0.0,0.0,9.773157,10.862,2.504143
171485,2000.0,15.5737705,0.0,0.0,0.0,,,
171485,2004.0,8.913043,1.0,0.0,0.0,,,
171498,2000.0,11.111111,0.0,0.0,0.0,,,
171498,2004.0,4.779412,1.0,0.0,0.0,,,
171501,2000.0,10.011507,0.0,0.0,0.0,,,
171501,2004.0,6.122449,1.0,0.0,0.0,,,
171518,2000.0,37.272728,0.0,0.0,0.0,,,
171518,2004.0,18.58407,1.0,0.0,0.0,,,
171523,2000.0,26.614374,0.0,0.0,0.0,1.84068,13.911,3.6877291
171523,2004.0,22.387156,1.0,0.0,0.0,8.229462,17.637,2.732891
171539,2000.0,11.111111,0.0,0.0,0.0,,,
171539,2004.0,6.122449,1.0,0.0,0.0,,,
171544,2000.0,2.4390244,0.0,0.0,0.0,,,
171544,2004.0,0.0,1.0,0.0,0.0,,,
171557,2000.0,14.552955,0.0,0.0,0.0,8.213605,22.876,2.732121
171557,2004.0,11.092688,1.0,0.0,0.0,9.508787,27.746,2.454408
171576,2000.0,3.2967033,0.0,0.0,0.0,,,
171576,2004.0,4.123711,1.0,0.0,0.0,,,
171582,2000.0,23.928572,0.0,0.0,0.0,,,
171582,2004.0,13.103448,1.0,0.0,0.0,,,
171595,2000.0,16.129032,0.0,0.0,0.0,,,
171595,2004.0,12.681912,1.0,0.0,0.0,,,
171609,2000.0,15.23107,0.0,0.0,0.0,7.815857,18.882,2.8810508
171609,2004.0,11.020967,1.0,0.0,0.0,10.79809,21.04,2.59981
171616,2000.0,17.503805,0.0,0.0,0.0,,,
171616,2004.0,9.712231,1.0,0.0,0.0,,,
171621,2000.0,14.814815,0.0,0.0,0.0,,,
171621,2004.0,18.181818,1.0,0.0,0.0,,,
171637,2000.0,9.700315,0.0,0.0,0.0,,,
171637,2004.0,5.834306,1.0,0.0,0.0,,,
171642,2000.0,8.8562355,0.0,0.0,0.0,11.04317,5.137,1.7909286
171642,2004.0,5.505473,1.0,0.0,0.0,3.986095,5.447,2.3682761
171655,2000.0,14.159292,0.0,0.0,0.0,,,
171655,2004.0,7.784431,1.0,0.0,0.0,,,
171668,2000.0,3.1791906,0.0,0.0,0.0,,,
171668,2004.0,4.379562,1.0,0.0,0.0,,,
171674,2000.0,9.854369,0.0,0.0,0.0,,,
171674,2004.0,6.0668592,1.0,0.0,0.0,,,
171680,2000.0,9.756098,0.0,0.0,0.0,,,
171680,2004.0,7.073955,1.0,0.0,0.0,,,
171693,2000.0,11.696428,0.0,0.0,0.0,,,
171693,2004.0,10.245902,1.0,0.0,0.0,,,
171707,2000.0,10.714286,0.0,0.0,0.0,,,
171707,2004.0,5.673759,1.0,0.0,0.0,,,
171714,2000.0,14.563107,0.0,0.0,0.0,,,
171714,2004.0,6.060606,1.0,0.0,0.0,,,
171729,2000.0,9.836065,0.0,0.0,0.0,,,
171729,2004.0,4.77707,1.0,0.0,0.0,,,
171735,2000.0,16.161615,0.0,0.0,0.0,,,
171735,2004.0,8.474576,1.0,0.0,0.0,,,
171740,2000.0,17.592592,0.0,0.0,0.0,,,
171740,2004.0,9.322034,1.0,0.0,0.0,,,
171753,2000.0,15.53398,0.0,0.0,0.0,,,
171753,2004.0,11.202186,1.0,0.0,0.0,,,
171766,2000.0,17.777779,0.0,0.0,0.0,,,
171766,2004.0,10.92437,1.0,0.0,0.0,,,
171772,2000.0,10.148515,0.0,0.0,0.0,,,
171772,2004.0,4.3763676,1.0,0.0,0.0,,,
171788,2000.0,13.521545,0.0,0.0,0.0,,,
171788,2004.0,9.02439,1.0,0.0,0.0,,,
171805,2000.0,12.420958,0.0,0.0,0.0,12.97117,9.236,2.295366
171805,2004.0,8.779709,1.0,0.0,0.0,7.679893,10.832,2.6126292
171812,2000.0,19.047619,0.0,0.0,0.0,,,
171812,2004.0,14.383203,1.0,0.0,0.0,,,
171827,2000.0,18.562874,0.0,0.0,0.0,,,
171827,2004.0,14.367816,1.0,0.0,0.0,,,
171833,2000.0,12.643678,0.0,0.0,0.0,,,
171833,2004.0,8.376964,1.0,0.0,0.0,,,
171848,2000.0,12.6498,0.0,0.0,0.0,,,
171848,2004.0,6.7901235,1.0,0.0,0.0,,,
171851,2000.0,9.584664,0.0,0.0,0.0,,,
171851,2004.0,4.1331186,1.0,0.0,0.0,,,
171864,2000.0,9.985097,0.0,0.0,0.0,,,
171864,2004.0,7.096279,1.0,0.0,0.0,,,
171870,2000.0,11.851851,0.0,0.0,0.0,,,
171870,2004.0,6.4794817,1.0,0.0,0.0,,,
171886,2000.0,11.811024,0.0,0.0,0.0,,,
171886,2004.0,11.486486,1.0,0.0,0.0,,,
171899,2000.0,5.1217465,0.0,0.0,0.0,,,
171899,2004.0,3.8970587,1.0,0.0,0.0,,,
171903,2000.0,14.561028,0.0,0.0,0.0,,,
171903,2004.0,7.2968493,1.0,0.0,0.0,,,
171910,2000.0,15.384615,0.0,0.0,0.0,,,
171910,2004.0,6.6666665,1.0,0.0,0.0,,,
171925,2000.0,13.725491,0.0,0.0,0.0,,,
171925,2004.0,5.7377048,1.0,0.0,0.0,,,
171931,2000.0,17.577354,0.0,0.0,0.0,,,
171931,2004.0,12.102804,1.0,0.0,0.0,,,
171946,2000.0,4.4444447,0.0,0.0,0.0,,,
171946,2004.0,1.25,1.0,0.0,0.0,,,
171959,2000.0,9.444445,0.0,0.0,0.0,,,
171959,2004.0,6.1320753,1.0,0.0,0.0,,,
171962,2000.0,18.103449,0.0,0.0,0.0,,,
171962,2004.0,12.413794,1.0,0.0,0.0,,,
171978,2000.0,12.371134,0.0,0.0,0.0,,,
171978,2004.0,12.931034,1.0,0.0,0.0,,,
171984,2000.0,12.962963,0.0,0.0,0.0,,,
171984,2004.0,5.5555553,1.0,0.0,0.0,,,
171997,2000.0,15.194162,0.0,0.0,0.0,1.145125,8.881,4.0648575
171997,2004.0,12.170559,1.0,0.0,0.0,8.697051,10.747,2.633293
172001,2000.0,10.672853,0.0,0.0,0.0,,,
172001,2004.0,4.868154,1.0,0.0,0.0,,,
172018,2000.0,12.0,0.0,0.0,0.0,,,
172018,2004.0,7.5268817,1.0,0.0,0.0,,,
172023,2000.0,18.0776,0.0,0.0,0.0,,,
172023,2004.0,14.857555,1.0,0.0,0.0,,5.548,4.5782266
172039,2000.0,5.426357,0.0,0.0,0.0,,,
172039,2004.0,2.9629629,1.0,0.0,0.0,,,
172044,2000.0,16.945107,0.0,0.0,0.0,,,
172044,2004.0,11.228813,1.0,0.0,0.0,,,
172057,2000.0,10.144928,0.0,0.0,0.0,,,
172057,2004.0,4.2253523,1.0,0.0,0.0,,,
172060,2000.0,17.857143,0.0,0.0,0.0,,,
172060,2004.0,10.084034,1.0,0.0,0.0,,,
172076,2000.0,12.044046,0.0,0.0,0.0,,,
172076,2004.0,6.894587,1.0,0.0,0.0,,,
172082,2000.0,13.815789,0.0,0.0,0.0,,,
172082,2004.0,8.788282,1.0,0.0,0.0,,,
172095,2000.0,20.689655,0.0,0.0,0.0,,,
172095,2004.0,10.9375,1.0,0.0,0.0,,,
172109,2000.0,22.910217,0.0,0.0,0.0,,,
172109,2004.0,13.366337,1.0,0.0,0.0,,,
172116,2000.0,12.374582,0.0,0.0,0.0,,,
172116,2004.0,6.336088,1.0,0.0,0.0,,,
172121,2000.0,2.173913,0.0,0.0,0.0,,,
172121,2004.0,0.9174312,1.0,0.0,0.0,,,
172137,2000.0,17.970402,0.0,0.0,0.0,,,
172137,2004.0,12.829582,1.0,0.0,0.0,,6.84,2.3538013
172142,2000.0,15.192743,0.0,0.0,0.0,,,
172142,2004.0,10.21611,1.0,0.0,0.0,,,
172155,2000.0,10.72523,0.0,0.0,0.0,,,
172155,2004.0,9.137055,1.0,0.0,0.0,,,
172168,2000.0,14.444445,0.0,0.0,0.0,,,
172168,2004.0,7.142857,1.0,0.0,0.0,,,
172174,2000.0,13.095238,0.0,0.0,0.0,,,
172174,2004.0,5.319149,1.0,0.0,0.0,,,
172180,2000.0,17.660551,0.0,0.0,0.0,,,
172180,2004.0,8.893281,1.0,0.0,0.0,,,
172207,2000.0,17.735043,0.0,0.0,0.0,,,
172207,2004.0,10.902896,1.0,0.0,0.0,,,
172214,2000.0,21.812893,0.0,0.0,0.0,,,
172214,2004.0,18.155724,1.0,0.0,0.0,,5.087,1.7298998
172229,2000.0,11.688312,0.0,0.0,0.0,,,
172229,2004.0,2.4691358,1.0,0.0,0.0,,,
172235,2000.0,17.745302,0.0,0.0,0.0,,,
172235,2004.0,8.389262,1.0,0.0,0.0,,,
172240,2000.0,15.441176,0.0,0.0,0.0,,,
172240,2004.0,9.027778,1.0,0.0,0.0,,,
172253,2000.0,10.2739725,0.0,0.0,0.0,,,
172253,2004.0,11.173184,1.0,0.0,0.0,,,
172266,2000.0,27.716187,0.0,0.0,0.0,,,
172266,2004.0,23.201439,1.0,0.0,0.0,,,
172272,2000.0,9.230769,0.0,0.0,0.0,,,
172272,2004.0,6.1728396,1.0,0.0,0.0,,,
172288,2000.0,18.918919,0.0,0.0,0.0,,,
172288,2004.0,12.796208,1.0,0.0,0.0,,,
172305,2000.0,18.965517,0.0,0.0,0.0,,,
172305,2004.0,14.285714,1.0,0.0,0.0,,,
172327,2000.0,17.391304,0.0,0.0,0.0,,,
172327,2004.0,7.8431373,1.0,0.0,0.0,,,
172333,2000.0,9.302325,0.0,0.0,0.0,,,
172333,2004.0,6.3185043,1.0,0.0,0.0,,,
172348,2000.0,21.052631,0.0,0.0,0.0,,,
172348,2004.0,9.859155,1.0,0.0,0.0,,,
179011,2000.0,13.793103,0.0,0.0,0.0,,,
179011,2004.0,7.4229693,1.0,0.0,0.0,,,
179026,2000.0,7.541322,0.0,0.0,0.0,,,
179026,2004.0,5.1959114,1.0,0.0,0.0,,,
179032,2000.0,8.139535,0.0,0.0,0.0,,,
179032,2004.0,5.263158,1.0,0.0,0.0,,,
250019,2000.0,19.117647,0.0,0.0,0.0,,,
250019,2004.0,7.070707,1.0,0.0,0.0,,,
250024,2000.0,21.686747,0.0,0.0,0.0,,,
250024,2004.0,9.065156,1.0,0.0,0.0,,,
250030,2000.0,20.138605,0.0,0.0,0.0,,,
250030,2004.0,12.864078,1.0,0.0,0.0,,5.455,2.4197984
250045,2000.0,15.420561,0.0,0.0,0.0,,,
250045,2004.0,10.735586,1.0,0.0,0.0,,,
250058,2000.0,12.037037,0.0,0.0,0.0,,,
250058,2004.0,6.589147,1.0,0.0,0.0,,,
250061,2000.0,25.449102,0.0,0.0,0.0,,,
250061,2004.0,13.414634,1.0,0.0,0.0,,,
250077,2000.0,17.700455,0.0,0.0,0.0,,,
250077,2004.0,12.7684965,1.0,0.0,0.0,,,
250083,2000.0,25.904318,0.0,0.0,0.0,,,
250083,2004.0,17.605635,1.0,0.0,0.0,,,
250096,2000.0,26.02459,0.0,0.0,0.0,,,
250096,2004.0,17.241379,1.0,0.0,0.0,,,
250100,2000.0,16.17647,0.0,0.0,0.0,,,
250100,2004.0,7.8313255,1.0,0.0,0.0,,,
250117,2000.0,15.849056,0.0,0.0,0.0,,,
250117,2004.0,12.543312,1.0,0.0,0.0,,6.229,1.4769626
250122,2000.0,19.011816,0.0,0.0,0.0,,,
250122,2004.0,12.103004,1.0,0.0,0.0,,,
250138,2000.0,23.655256,0.0,0.0,0.0,,,
250138,2004.0,12.880044,1.0,0.0,0.0,,,
250143,2000.0,13.812155,0.0,0.0,0.0,,,
250143,2004.0,4.4444447,1.0,0.0,0.0,,,
250156,2000.0,22.45509,0.0,0.0,0.0,,,
250156,2004.0,14.204545,1.0,0.0,0.0,,,
250169,2000.0,13.859275,0.0,0.0,0.0,,,
250169,2004.0,9.367946,1.0,0.0,0.0,,,
250175,2000.0,17.5,0.0,0.0,0.0,,,
250175,2004.0,8.620689,1.0,0.0,0.0,,,
250194,2000.0,25.538568,0.0,0.0,0.0,9.64657,5.704,1.3674614
250194,2004.0,15.73499,1.0,0.0,0.0,9.17251,6.118,1.3076168
250208,2000.0,22.291021,0.0,0.0,0.0,,,
250208,2004.0,15.151515,1.0,0.0,0.0,,,
250215,2000.0,14.223195,0.0,0.0,0.0,,,
250215,2004.0,8.2820635,1.0,0.0,0.0,,,
250220,2000.0,10.31746,0.0,0.0,0.0,,,
250220,2004.0,6.9565215,1.0,0.0,0.0,,,
250236,2000.0,23.816568,0.0,0.0,0.0,,,
250236,2004.0,17.317846,1.0,0.0,0.0,,5.526,1.2848353
250241,2000.0,13.56784,0.0,0.0,0.0,,,
250241,2004.0,7.894737,1.0,0.0,0.0,,,
250254,2000.0,31.136951,0.0,0.0,0.0,,,
250254,2004.0,21.507538,1.0,0.0,0.0,,,
250273,2000.0,16.537468,0.0,0.0,0.0,,,
250273,2004.0,8.951708,1.0,0.0,0.0,,,
250292,2000.0,18.333334,0.0,0.0,0.0,,,
250292,2004.0,10.323887,1.0,0.0,0.0,,,
250306,2000.0,11.235955,0.0,0.0,0.0,,,
250306,2004.0,2.6785715,1.0,0.0,0.0,,,
250313,2000.0,15.151515,0.0,0.0,0.0,,,
250313,2004.0,17.142857,1.0,0.0,0.0,,,
250328,2000.0,12.0,0.0,0.0,0.0,,,
250328,2004.0,3.4482758,1.0,0.0,0.0,,,
250334,2000.0,17.227457,0.0,0.0,0.0,,,
250334,2004.0,9.462617,1.0,0.0,0.0,,,
250349,2000.0,19.941177,0.0,0.0,0.0,,,
250349,2004.0,11.900098,1.0,0.0,0.0,,,
250352,2000.0,16.206896,0.0,0.0,0.0,,,
250352,2004.0,13.905326,1.0,0.0,0.0,,,
250365,2000.0,19.54023,0.0,0.0,0.0,,,
250365,2004.0,17.460318,1.0,0.0,0.0,,,
250371,2000.0,23.297491,0.0,0.0,0.0,,,
250371,2004.0,18.910257,1.0,0.0,0.0,,,
250387,2000.0,26.05364,0.0,0.0,0.0,,,
250387,2004.0,22.575977,1.0,0.0,0.0,,,
250390,2000.0,7.207207,0.0,0.0,0.0,,,
250390,2004.0,6.27451,1.0,0.0,0.0,,,
250404,2000.0,19.809034,0.0,0.0,0.0,9.224806,13.561,1.7550328
250404,2004.0,15.585211,1.0,0.0,0.0,14.6313,15.768,2.3211567
250411,2000.0,23.462414,0.0,0.0,0.0,,,
250411,2004.0,17.045454,1.0,0.0,0.0,,,
250426,2000.0,17.567568,0.0,0.0,0.0,,,
250426,2004.0,10.0,1.0,0.0,0.0,,,
250432,2000.0,9.5,0.0,0.0,0.0,,,
250432,2004.0,4.974271,1.0,0.0,0.0,,,
250447,2000.0,43.00518,0.0,0.0,0.0,,,
250447,2004.0,20.858896,1.0,0.0,0.0,,,
250450,2000.0,17.5,0.0,0.0,0.0,,,
250450,2004.0,20.588236,1.0,0.0,0.0,,,
250463,2000.0,21.978022,0.0,0.0,0.0,,,
250463,2004.0,12.468828,1.0,0.0,0.0,,,
250479,2000.0,17.584993,0.0,0.0,0.0,,,
250479,2004.0,9.819413,1.0,0.0,0.0,,,
250485,2000.0,17.79388,0.0,0.0,0.0,,,
250485,2004.0,9.686817,1.0,0.0,0.0,,,
250498,2000.0,15.328467,0.0,0.0,0.0,,,
250498,2004.0,13.868613,1.0,0.0,0.0,,,
250501,2000.0,14.259846,0.0,0.0,0.0,,,
250501,2004.0,9.546351,1.0,0.0,0.0,,,
250518,2000.0,10.718789,0.0,0.0,0.0,,,
250518,2004.0,8.639706,1.0,0.0,0.0,,,
250523,2000.0,17.574257,0.0,0.0,0.0,,,
250523,2004.0,9.48588,1.0,0.0,0.0,,,
250539,2000.0,16.606499,0.0,0.0,0.0,,,
250539,2004.0,15.319149,1.0,0.0,0.0,,,
250557,2000.0,14.857142,0.0,0.0,0.0,,,
250557,2004.0,9.259259,1.0,0.0,0.0,,,
250560,2000.0,15.384615,0.0,0.0,0.0,,,
250560,2004.0,9.124087,1.0,0.0,0.0,,,
250576,2000.0,33.333332,0.0,0.0,0.0,,,
250576,2004.0,21.710526,1.0,0.0,0.0,,,
250582,2000.0,15.464658,0.0,0.0,0.0,8.383839,5.302,2.055828
250582,2004.0,9.940298,1.0,0.0,0.0,10.08304,5.661,1.8371313
250595,2000.0,32.889732,0.0,0.0,0.0,,,
250595,2004.0,30.0,1.0,0.0,0.0,,,
250609,2000.0,30.30303,0.0,0.0,0.0,,,
250609,2004.0,24.675325,1.0,0.0,0.0,,,
250616,2000.0,20.0,0.0,0.0,0.0,,,
250616,2004.0,7.8125,1.0,0.0,0.0,,,
250621,2000.0,17.001827,0.0,0.0,0.0,,,
250621,2004.0,12.280702,1.0,0.0,0.0,,,
250637,2000.0,14.814815,0.0,0.0,0.0,,,
250637,2004.0,20.338984,1.0,0.0,0.0,,,
250642,2000.0,12.790698,0.0,0.0,0.0,,,
250642,2004.0,2.7272727,1.0,0.0,0.0,,,
250674,2000.0,25.74956,0.0,0.0,0.0,,,
250674,2004.0,17.179903,1.0,0.0,0.0,,,
250680,2000.0,17.804878,0.0,0.0,0.0,,,
250680,2004.0,9.523809,1.0,0.0,0.0,,,
250693,2000.0,17.021276,0.0,0.0,0.0,,,
250693,2004.0,7.4074073,1.0,0.0,0.0,,,
250707,2000.0,12.444445,0.0,0.0,0.0,,,
250707,2004.0,9.635417,1.0,0.0,0.0,,,
250714,2000.0,6.6666665,0.0,0.0,0.0,,,
250714,2004.0,11.764706,1.0,0.0,0.0,,,
250729,2000.0,25.78125,0.0,0.0,0.0,10.94585,7.908,1.4162873
250729,2004.0,15.347084,1.0,1.0,1280.0,-0.4573029,9.184,3.059669
250735,2000.0,15.384615,0.0,0.0,0.0,,,
250735,2004.0,6.8222623,1.0,0.0,0.0,,,
250740,2000.0,15.436241,0.0,0.0,0.0,,,
250740,2004.0,9.411765,1.0,0.0,0.0,,,
250753,2000.0,9.411765,0.0,0.0,0.0,,,
250753,2004.0,9.473684,1.0,0.0,0.0,,,
250766,2000.0,6.060606,0.0,0.0,0.0,,,
250766,2004.0,2.1126761,1.0,0.0,0.0,,,
250772,2000.0,18.122978,0.0,0.0,0.0,,,
250772,2004.0,7.5842695,1.0,0.0,0.0,,,
250788,2000.0,15.873015,0.0,0.0,0.0,,,
250788,2004.0,9.90753,1.0,0.0,0.0,,,
250791,2000.0,19.30502,0.0,0.0,0.0,,,
250791,2004.0,13.385827,1.0,0.0,0.0,,,
250812,2000.0,14.529915,0.0,0.0,0.0,,,
250812,2004.0,7.6666665,1.0,0.0,0.0,,,
250827,2000.0,25.414364,0.0,0.0,0.0,,,
250827,2004.0,17.766497,1.0,0.0,0.0,,,
250851,2000.0,24.299065,0.0,0.0,0.0,,,
250851,2004.0,21.6,1.0,0.0,0.0,,,
250864,2000.0,7.8125,0.0,0.0,0.0,,,
250864,2004.0,5.973451,1.0,0.0,0.0,,,
250870,2000.0,7.142857,0.0,0.0,0.0,,,
250870,2004.0,0.0,1.0,0.0,0.0,,,
250886,2000.0,7.9545455,0.0,0.0,0.0,,,
250886,2004.0,4.3010755,1.0,0.0,0.0,,,
250899,2000.0,3.6363637,0.0,0.0,0.0,,,
250899,2004.0,1.5625,1.0,0.0,0.0,,,
250925,2000.0,13.333333,0.0,0.0,0.0,,,
250925,2004.0,8.730159,1.0,0.0,0.0,,,
250931,2000.0,14.698163,0.0,0.0,0.0,,,
250931,2004.0,9.643606,1.0,0.0,0.0,,,
250946,2000.0,14.173228,0.0,0.0,0.0,,,
250946,2004.0,19.10828,1.0,0.0,0.0,,,
250962,2000.0,23.994638,0.0,0.0,0.0,,,
250962,2004.0,17.926828,1.0,0.0,0.0,,,
250978,2000.0,14.705882,0.0,0.0,0.0,,,
250978,2004.0,13.580247,1.0,0.0,0.0,,,
250984,2000.0,6.4935064,0.0,0.0,0.0,,,
250984,2004.0,2.0304568,1.0,0.0,0.0,,,
250997,2000.0,21.008404,0.0,0.0,0.0,,,
250997,2004.0,11.045829,1.0,0.0,0.0,,,
251001,2000.0,7.017544,0.0,0.0,0.0,,,
251001,2004.0,3.3333333,1.0,0.0,0.0,,,
251018,2000.0,6.8410463,0.0,0.0,0.0,,,
251018,2004.0,3.4798534,1.0,0.0,0.0,,,
251023,2000.0,22.88961,0.0,0.0,0.0,,,
251023,2004.0,18.7404,1.0,0.0,0.0,,,
251039,2000.0,17.647058,0.0,0.0,0.0,,,
251039,2004.0,13.541667,1.0,0.0,0.0,,,
251044,2000.0,19.444445,0.0,0.0,0.0,,,
251044,2004.0,12.727273,1.0,0.0,0.0,,,
251057,2000.0,18.918919,0.0,0.0,0.0,,,
251057,2004.0,6.6115704,1.0,0.0,0.0,,,
251095,2000.0,12.970712,0.0,0.0,0.0,,,
251095,2004.0,9.704641,1.0,0.0,0.0,,,
251109,2000.0,16.698292,0.0,0.0,0.0,,,
251109,2004.0,10.77147,1.0,0.0,0.0,,5.202,0.90349865
251116,2000.0,20.22472,0.0,0.0,0.0,,,
251116,2004.0,9.90991,1.0,0.0,0.0,,,
251121,2000.0,22.594143,0.0,0.0,0.0,,,
251121,2004.0,13.409962,1.0,0.0,0.0,,,
251137,2000.0,10.65033,0.0,0.0,0.0,,,
251137,2004.0,9.552496,1.0,0.0,0.0,,,
251142,2000.0,10.084034,0.0,0.0,0.0,,,
251142,2004.0,2.9411764,1.0,0.0,0.0,,,
251155,2000.0,6.984668,0.0,0.0,0.0,,,
251155,2004.0,4.8640914,1.0,0.0,0.0,,,
251180,2000.0,25.07837,0.0,0.0,0.0,,,
251180,2004.0,15.789474,1.0,0.0,0.0,,,
251193,2000.0,12.807319,0.0,0.0,0.0,,,
251193,2004.0,8.020305,1.0,0.0,0.0,,,
251207,2000.0,26.834106,0.0,0.0,0.0,7.652604,113.913,2.261375
251207,2004.0,19.591938,1.0,0.0,0.0,9.973579,126.504,2.3540757
251214,2000.0,21.927711,0.0,0.0,0.0,,,
251214,2004.0,25.688074,1.0,0.0,0.0,,,
251229,2000.0,20.321638,0.0,0.0,0.0,,,
251229,2004.0,13.308224,1.0,0.0,0.0,,,
251235,2000.0,4.4117646,0.0,0.0,0.0,,,
251235,2004.0,0.729927,1.0,0.0,0.0,,,
251240,2000.0,25.203253,0.0,0.0,0.0,,,
251240,2004.0,13.953488,1.0,0.0,0.0,,,
251253,2000.0,29.619566,0.0,0.0,0.0,,,
251253,2004.0,17.894737,1.0,0.0,0.0,,,
251266,2000.0,11.242603,0.0,0.0,0.0,,,
251266,2004.0,7.582938,1.0,0.0,0.0,,,
251272,2000.0,6.25,0.0,0.0,0.0,,,
251272,2004.0,3.6363637,1.0,0.0,0.0,,,
251288,2000.0,13.69863,0.0,0.0,0.0,,,
251288,2004.0,4.424779,1.0,0.0,0.0,,,
251291,2000.0,23.076923,0.0,0.0,0.0,,,
251291,2004.0,7.746479,1.0,0.0,0.0,,,
251305,2000.0,17.880795,0.0,0.0,0.0,,,
251305,2004.0,7.3446326,1.0,0.0,0.0,,,
251312,2000.0,13.207547,0.0,0.0,0.0,,,
251312,2004.0,9.823678,1.0,0.0,0.0,,,
251327,2000.0,16.82243,0.0,0.0,0.0,,,
251327,2004.0,5.645161,1.0,0.0,0.0,,,
251333,2000.0,17.474049,0.0,0.0,0.0,,,
251333,2004.0,11.411411,1.0,0.0,0.0,,,
251348,2000.0,20.607376,0.0,0.0,0.0,,,
251348,2004.0,15.846994,1.0,0.0,0.0,,,
251351,2000.0,16.785206,0.0,0.0,0.0,,,
251351,2004.0,11.04369,1.0,0.0,0.0,,,
251364,2000.0,16.853933,0.0,0.0,0.0,,,
251364,2004.0,14.893617,1.0,0.0,0.0,,,
251370,2000.0,18.776077,0.0,0.0,0.0,11.94915,10.034,1.6244768
251370,2004.0,11.747525,1.0,0.0,0.0,9.617279,12.813,1.2019043
251386,2000.0,26.336634,0.0,0.0,0.0,,,
251386,2004.0,16.11111,1.0,0.0,0.0,,,
251399,2000.0,8.469055,0.0,0.0,0.0,,,
251399,2004.0,6.451613,1.0,0.0,0.0,,,
251403,2000.0,13.520409,0.0,0.0,0.0,,,
251403,2004.0,9.054326,1.0,0.0,0.0,,,
251410,2000.0,31.896551,0.0,0.0,0.0,,,
251410,2004.0,19.047619,1.0,0.0,0.0,,,
251425,2000.0,13.235294,0.0,0.0,0.0,,,
251425,2004.0,10.062893,1.0,0.0,0.0,,,
251431,2000.0,30.30303,0.0,0.0,0.0,,,
251431,2004.0,11.111111,1.0,0.0,0.0,,,
251459,2000.0,8.333333,0.0,0.0,0.0,,,
251459,2004.0,2.8169014,1.0,0.0,0.0,,,
251462,2000.0,26.857143,0.0,0.0,0.0,,,
251462,2004.0,20.231215,1.0,0.0,0.0,,,
251484,2000.0,18.452381,0.0,0.0,0.0,,,
251484,2004.0,7.0652175,1.0,0.0,0.0,,,
251497,2000.0,16.971714,0.0,0.0,0.0,,,
251497,2004.0,11.444357,1.0,0.0,0.0,,,
251500,2000.0,25.954199,0.0,0.0,0.0,,,
251500,2004.0,7.2916665,1.0,0.0,0.0,,,
251517,2000.0,24.742268,0.0,0.0,0.0,,,
251517,2004.0,10.192838,1.0,0.0,0.0,,,
251522,2000.0,12.0,0.0,0.0,0.0,,,
251522,2004.0,12.931034,1.0,0.0,0.0,,,
251538,2000.0,32.183907,0.0,0.0,0.0,,,
251538,2004.0,32.596684,1.0,0.0,0.0,,,
251543,2000.0,22.222221,0.0,0.0,0.0,,,
251543,2004.0,9.090909,1.0,0.0,0.0,,,
251556,2000.0,18.918919,0.0,0.0,0.0,,,
251556,2004.0,10.433387,1.0,0.0,0.0,,,
251569,2000.0,16.594828,0.0,0.0,0.0,,,
251569,2004.0,10.885609,1.0,0.0,0.0,,,
251575,2000.0,26.027397,0.0,0.0,0.0,,,
251575,2004.0,16.233767,1.0,0.0,0.0,,,
251581,2000.0,19.037434,0.0,0.0,0.0,,,
251581,2004.0,9.9494095,1.0,0.0,0.0,,,
251615,2000.0,9.606987,0.0,0.0,0.0,,,
251615,2004.0,5.035971,1.0,0.0,0.0,,,
251636,2000.0,24.113476,0.0,0.0,0.0,,,
251636,2004.0,13.29114,1.0,0.0,0.0,,,
251641,2000.0,15.605096,0.0,0.0,0.0,,,
251641,2004.0,11.455109,1.0,0.0,0.0,,,
251654,2000.0,16.015625,0.0,0.0,0.0,,,
251654,2004.0,12.9921255,1.0,0.0,0.0,,,
251667,2000.0,27.941177,0.0,0.0,0.0,,,
251667,2004.0,18.300653,1.0,0.0,0.0,,,
251673,2000.0,23.699423,0.0,0.0,0.0,,,
251673,2004.0,14.1552515,1.0,0.0,0.0,,,
251689,2000.0,24.352331,0.0,0.0,0.0,,,
251689,2004.0,18.140589,1.0,0.0,0.0,,,
251692,2000.0,21.538462,0.0,0.0,0.0,,,
251692,2004.0,15.277778,1.0,0.0,0.0,,,
251706,2000.0,7.142857,0.0,0.0,0.0,,,
251706,2004.0,5.4054055,1.0,0.0,0.0,,,
251713,2000.0,12.145015,0.0,0.0,0.0,,,
251713,2004.0,7.4484944,1.0,0.0,0.0,,,
251728,2000.0,24.145617,0.0,0.0,0.0,,,
251728,2004.0,15.330789,1.0,0.0,0.0,,,
251734,2000.0,17.826427,0.0,0.0,0.0,,2.154,0.9285051
251734,2004.0,11.160059,1.0,0.0,0.0,14.20561,2.366,0.5494506
251749,2000.0,11.764706,0.0,0.0,0.0,,,
251749,2004.0,8.830549,1.0,0.0,0.0,,,
251752,2000.0,27.192982,0.0,0.0,0.0,,,
251752,2004.0,15.267176,1.0,0.0,0.0,,,
251765,2000.0,24.637682,0.0,0.0,0.0,,,
251765,2004.0,18.75,1.0,0.0,0.0,,,
251771,2000.0,23.442137,0.0,0.0,0.0,,,
251771,2004.0,12.5,1.0,0.0,0.0,,,
251790,2000.0,16.541353,0.0,0.0,0.0,,,
251790,2004.0,4.5751634,1.0,0.0,0.0,,,
251804,2000.0,12.820513,0.0,0.0,0.0,,,
251804,2004.0,12.087913,1.0,0.0,0.0,,,
251811,2000.0,20.27972,0.0,0.0,0.0,,,
251811,2004.0,15.337423,1.0,0.0,0.0,,,
251826,2000.0,22.970903,0.0,0.0,0.0,,,
251826,2004.0,15.953307,1.0,0.0,0.0,,,
251832,2000.0,14.556962,0.0,0.0,0.0,,,
251832,2004.0,9.589041,1.0,0.0,0.0,,,
251850,2000.0,11.876485,0.0,0.0,0.0,,,
251850,2004.0,6.2880325,1.0,0.0,0.0,,,
251863,2000.0,23.312883,0.0,0.0,0.0,,,
251863,2004.0,8.8082905,1.0,0.0,0.0,,,
251898,2000.0,16.129032,0.0,0.0,0.0,,,
251898,2004.0,10.817506,1.0,0.0,0.0,,,
251902,2000.0,10.824742,0.0,0.0,0.0,,,
251902,2004.0,6.25,1.0,0.0,0.0,,,
251919,2000.0,23.183392,0.0,0.0,0.0,,,
251919,2004.0,12.861736,1.0,0.0,0.0,,,
251924,2000.0,22.27564,0.0,0.0,0.0,,,
251924,2004.0,14.4427,1.0,0.0,0.0,,,
251930,2000.0,15.340909,0.0,0.0,0.0,,,
251930,2004.0,7.8991594,1.0,0.0,0.0,,,
251945,2000.0,29.846153,0.0,0.0,0.0,,,
251945,2004.0,17.391304,1.0,0.0,0.0,,,
251961,2000.0,19.48052,0.0,0.0,0.0,,,
251961,2004.0,3.2967033,1.0,0.0,0.0,,,
251977,2000.0,16.071428,0.0,0.0,0.0,,,
251977,2004.0,7.377049,1.0,0.0,0.0,,,
252000,2000.0,11.19403,0.0,0.0,0.0,,,
252000,2004.0,8.841463,1.0,0.0,0.0,,,
252017,2000.0,16.25,0.0,0.0,0.0,,,
252017,2004.0,10.344828,1.0,0.0,0.0,,,
252022,2000.0,9.375,0.0,0.0,0.0,,,
252022,2004.0,11.688312,1.0,0.0,0.0,,,
252038,2000.0,21.724268,0.0,0.0,0.0,7.518797,11.296,1.4075779
252038,2004.0,14.980575,1.0,0.0,0.0,8.710382,12.63,1.5756136
252043,2000.0,15.448852,0.0,0.0,0.0,,,
252043,2004.0,9.54033,1.0,0.0,0.0,,,
252056,2000.0,20.178041,0.0,0.0,0.0,,,
252056,2004.0,16.009851,1.0,0.0,0.0,,,
252069,2000.0,9.398497,0.0,0.0,0.0,,,
252069,2004.0,8.098592,1.0,0.0,0.0,,,
252075,2000.0,16.062866,0.0,0.0,0.0,12.16783,7.594,1.8172241
252075,2004.0,9.14699,1.0,0.0,0.0,9.503106,8.895,1.5289489
252081,2000.0,7.142857,0.0,0.0,0.0,,,
252081,2004.0,3.2258065,1.0,0.0,0.0,,,
252094,2000.0,13.622603,0.0,0.0,0.0,,1.865,1.3941019
252094,2004.0,9.172078,1.0,0.0,0.0,13.81733,2.249,1.3783904
252108,2000.0,18.300653,0.0,0.0,0.0,,,
252108,2004.0,14.8,1.0,0.0,0.0,,,
252115,2000.0,25.207756,0.0,0.0,0.0,,,
252115,2004.0,13.888889,1.0,0.0,0.0,,,
252120,2000.0,16.0,0.0,0.0,0.0,,,
252120,2004.0,8.212561,1.0,0.0,0.0,,,
252154,2000.0,14.563107,0.0,0.0,0.0,,,
252154,2004.0,10.729613,1.0,0.0,0.0,,,
252167,2000.0,20.975609,0.0,0.0,0.0,,,
252167,2004.0,14.55399,1.0,0.0,0.0,,,
252173,2000.0,16.37985,0.0,0.0,0.0,11.79426,12.966,1.5579207
252173,2004.0,11.470813,1.0,0.0,0.0,11.85102,15.337,2.282063
252189,2000.0,18.309858,0.0,0.0,0.0,,,
252189,2004.0,11.25,1.0,0.0,0.0,,,
252192,2000.0,15.315315,0.0,0.0,0.0,,,
252192,2004.0,18.487394,1.0,0.0,0.0,,,
252206,2000.0,23.292683,0.0,0.0,0.0,,,
252206,2004.0,16.201717,1.0,0.0,0.0,,,
252213,2000.0,12.987013,0.0,0.0,0.0,,,
252213,2004.0,6.3157897,1.0,0.0,0.0,,,
252228,2000.0,23.076923,0.0,0.0,0.0,,,
252228,2004.0,35.0,1.0,0.0,0.0,,,
252234,2000.0,9.048362,0.0,0.0,0.0,,,
252234,2004.0,5.064935,1.0,0.0,0.0,,,
252249,2000.0,16.793894,0.0,0.0,0.0,,,
252249,2004.0,8.208955,1.0,0.0,0.0,,,
252252,2000.0,17.171717,0.0,0.0,0.0,,,
252252,2004.0,11.451942,1.0,0.0,0.0,,,
252265,2000.0,18.461538,0.0,0.0,0.0,,,
252265,2004.0,13.197969,1.0,0.0,0.0,,,
252271,2000.0,9.234829,0.0,0.0,0.0,,,
252271,2004.0,4.72103,1.0,0.0,0.0,,,
252287,2000.0,17.183098,0.0,0.0,0.0,,,
252287,2004.0,12.149532,1.0,0.0,0.0,,,
252304,2000.0,20.795534,0.0,0.0,0.0,,,
252304,2004.0,16.6334,1.0,0.0,0.0,,,
252311,2000.0,23.376623,0.0,0.0,0.0,,,
252311,2004.0,15.853659,1.0,0.0,0.0,,,
252326,2000.0,21.075455,0.0,0.0,0.0,,,
252326,2004.0,16.736053,1.0,0.0,0.0,,,
252332,2000.0,22.651934,0.0,0.0,0.0,,,
252332,2004.0,14.403293,1.0,0.0,0.0,,,
252347,2000.0,18.037518,0.0,0.0,0.0,3.61516,5.364,2.1252797
252347,2004.0,11.633741,1.0,0.0,0.0,9.530864,5.722,1.4680182
252385,2000.0,18.181818,0.0,0.0,0.0,,,
252385,2004.0,11.538462,1.0,0.0,0.0,,,
252398,2000.0,12.671233,0.0,0.0,0.0,,,
252398,2004.0,5.23416,1.0,0.0,0.0,,,
252402,2000.0,23.831776,0.0,0.0,0.0,,,
252402,2004.0,18.261719,1.0,0.0,0.0,,,
252424,2000.0,20.118343,0.0,0.0,0.0,,,
252424,2004.0,16.586922,1.0,0.0,0.0,,,
252430,2000.0,36.478306,0.0,0.0,0.0,,4.292,0.65237653
252430,2004.0,30.415125,1.0,0.0,0.0,13.00096,5.312,0.3576807
252445,2000.0,15.570934,0.0,0.0,0.0,,,
252445,2004.0,14.556962,1.0,0.0,0.0,,,
252458,2000.0,13.803681,0.0,0.0,0.0,,,
252458,2004.0,9.9706745,1.0,0.0,0.0,,,
252477,2000.0,17.241379,0.0,0.0,0.0,,,
252477,2004.0,13.888889,1.0,0.0,0.0,,,
252483,2000.0,14.793741,0.0,0.0,0.0,,,
252483,2004.0,8.407643,1.0,0.0,0.0,,,
252496,2000.0,29.86111,0.0,0.0,0.0,,,
252496,2004.0,17.391304,1.0,0.0,0.0,,,
252509,2000.0,23.103449,0.0,0.0,0.0,,,
252509,2004.0,15.410959,1.0,0.0,0.0,,,
252516,2000.0,16.04651,0.0,0.0,0.0,,,
252516,2004.0,8.429119,1.0,0.0,0.0,,,
252521,2000.0,26.785715,0.0,0.0,0.0,,,
252521,2004.0,13.782991,1.0,0.0,0.0,,,
252537,2000.0,12.94964,0.0,0.0,0.0,,,
252537,2004.0,9.659091,1.0,0.0,0.0,,,
252542,2000.0,20.353983,0.0,0.0,0.0,,,
252542,2004.0,16.693945,1.0,0.0,0.0,,,
252555,2000.0,16.981133,0.0,0.0,0.0,,,
252555,2004.0,11.990408,1.0,0.0,0.0,,,
259010,2000.0,29.885057,0.0,0.0,0.0,,,
259010,2004.0,10.144928,1.0,0.0,0.0,,,
259025,2000.0,35.268818,0.0,0.0,0.0,,,
259025,2004.0,26.229507,1.0,0.0,0.0,,,
259031,2000.0,11.042945,0.0,0.0,0.0,,,
259031,2004.0,2.739726,1.0,0.0,0.0,,,
259046,2000.0,15.841584,0.0,0.0,0.0,,,
259046,2004.0,4.9180326,1.0,0.0,0.0,,,
259059,2000.0,23.432343,0.0,0.0,0.0,,,
259059,2004.0,20.454546,1.0,0.0,0.0,,,
259062,2000.0,8.163265,0.0,0.0,0.0,,,
259062,2004.0,4.972376,1.0,0.0,0.0,,,
259078,2000.0,26.0,0.0,0.0,0.0,,,
259078,2004.0,13.970589,1.0,0.0,0.0,,,
259084,2000.0,8.290155,0.0,0.0,0.0,,,
259084,2004.0,7.5376883,1.0,0.0,0.0,,,
259097,2000.0,13.92405,0.0,0.0,0.0,,,
259097,2004.0,10.377358,1.0,0.0,0.0,,,
259101,2000.0,6.1728396,0.0,0.0,0.0,,,
259101,2004.0,2.631579,1.0,0.0,0.0,,,
259118,2000.0,13.055555,0.0,0.0,0.0,,,
259118,2004.0,10.576923,1.0,0.0,0.0,,,
259123,2000.0,32.04173,0.0,0.0,0.0,,,
259123,2004.0,24.6594,1.0,0.0,0.0,,,
259139,2000.0,9.803922,0.0,,,,,
259139,2004.0,5.063291,1.0,,,,,
430017,2000.0,15.608465,0.0,0.0,0.0,,,
430017,2004.0,9.533468,1.0,0.0,0.0,,,
430022,2000.0,15.0358,0.0,0.0,0.0,,,
430022,2004.0,13.92405,1.0,0.0,0.0,,,
430038,2000.0,23.170732,0.0,0.0,0.0,,,
430038,2004.0,17.36111,1.0,0.0,0.0,,,
430043,2000.0,28.894081,0.0,0.0,0.0,6.086957,8.268,0.9796807
430043,2004.0,16.305035,1.0,0.0,0.0,7.428571,9.796,1.2045733
430056,2000.0,22.572178,0.0,0.0,0.0,,,
430056,2004.0,13.279933,1.0,0.0,0.0,,,
430069,2000.0,23.960396,0.0,0.0,0.0,,,
430069,2004.0,15.097691,1.0,0.0,0.0,,,
430075,2000.0,19.806763,0.0,0.0,0.0,,,
430075,2004.0,12.184874,1.0,0.0,0.0,,,
430081,2000.0,30.038023,0.0,0.0,0.0,,,
430081,2004.0,22.48996,1.0,0.0,0.0,,,
430094,2000.0,11.439589,0.0,0.0,0.0,,,
430094,2004.0,10.065645,1.0,0.0,0.0,,,
430108,2000.0,20.283018,0.0,0.0,0.0,,,
430108,2004.0,14.049587,1.0,0.0,0.0,,,
430115,2000.0,25.925926,0.0,0.0,0.0,,,
430115,2004.0,15.868263,1.0,0.0,0.0,,,
430120,2000.0,23.148724,0.0,0.0,0.0,,,
430120,2004.0,16.515013,1.0,0.0,0.0,,,
430136,2000.0,26.245848,0.0,0.0,0.0,,5.14,2.0233462
430136,2004.0,17.969997,1.0,0.0,0.0,10.4918,6.906,1.6796988
430141,2000.0,20.065828,0.0,0.0,0.0,7.924891,17.059,1.6882584
430141,2004.0,10.407889,1.0,0.0,0.0,8.75862,19.486,2.0681515
430154,2000.0,12.162162,0.0,0.0,0.0,,,
430154,2004.0,0.0,1.0,0.0,0.0,,,
430167,2000.0,15.062112,0.0,0.0,0.0,,,
430167,2004.0,12.298558,1.0,0.0,0.0,,,
430173,2000.0,5.1546392,0.0,0.0,0.0,,,
430173,2004.0,2.4390244,1.0,0.0,0.0,,,
430189,2000.0,7.648725,0.0,0.0,0.0,,,
430189,2004.0,6.203474,1.0,0.0,0.0,,,
430192,2000.0,19.487179,0.0,0.0,0.0,,,
430192,2004.0,10.4779415,1.0,0.0,0.0,,,
430206,2000.0,20.317461,0.0,0.0,0.0,,,
430206,2004.0,14.068745,1.0,0.0,0.0,,,
430213,2000.0,12.107623,0.0,0.0,0.0,,,
430213,2004.0,7.5757575,1.0,0.0,0.0,,,
430228,2000.0,30.86516,0.0,0.0,0.0,,,
430228,2004.0,23.567802,1.0,0.0,0.0,,,
430234,2000.0,5.803571,0.0,0.0,0.0,,,
430234,2004.0,2.5210085,1.0,0.0,0.0,,,
430249,2000.0,23.927177,0.0,0.0,0.0,,,
430249,2004.0,19.281046,1.0,0.0,0.0,,,
430252,2000.0,19.285715,0.0,0.0,0.0,,,
430252,2004.0,12.543554,1.0,0.0,0.0,,,
430265,2000.0,21.904762,0.0,0.0,0.0,,,
430265,2004.0,9.585121,1.0,0.0,0.0,,,
430271,2000.0,16.949152,0.0,0.0,0.0,,,
430271,2004.0,7.5342464,1.0,0.0,0.0,,,
430287,2000.0,15.145631,0.0,0.0,0.0,,,
430287,2004.0,13.22133,1.0,0.0,0.0,,,
430290,2000.0,11.946902,0.0,0.0,0.0,,,
430290,2004.0,7.142857,1.0,0.0,0.0,,,
430304,2000.0,16.756756,0.0,0.0,0.0,,,
430304,2004.0,13.877551,1.0,0.0,0.0,,,
430311,2000.0,16.13924,0.0,0.0,0.0,,,
430311,2004.0,10.651408,1.0,0.0,0.0,,,
430326,2000.0,18.386492,0.0,0.0,0.0,,,
430326,2004.0,13.114754,1.0,0.0,0.0,,,
430332,2000.0,22.988506,0.0,0.0,0.0,,,
430332,2004.0,13.914657,1.0,0.0,0.0,,,
430347,2000.0,17.647058,0.0,0.0,0.0,,,
430347,2004.0,13.333333,1.0,0.0,0.0,,,
430350,2000.0,26.008968,0.0,0.0,0.0,,,
430350,2004.0,15.6118145,1.0,0.0,0.0,,,
430363,2000.0,16.987179,0.0,0.0,0.0,,,
430363,2004.0,10.440835,1.0,0.0,0.0,,,
430379,2000.0,26.291243,0.0,0.0,0.0,15.84435,13.949,2.337085
430379,2004.0,20.778484,1.0,0.0,0.0,10.43834,21.229,2.1904
430385,2000.0,29.75942,0.0,0.0,0.0,9.637055,21.543,1.9124541
430385,2004.0,22.302738,1.0,0.0,0.0,10.63681,28.429,2.6275985
430398,2000.0,17.142857,0.0,0.0,0.0,,,
430398,2004.0,10.588235,1.0,0.0,0.0,,,
430402,2000.0,15.352697,0.0,0.0,0.0,,,
430402,2004.0,11.724138,1.0,0.0,0.0,,,
430419,2000.0,35.92233,0.0,0.0,0.0,,,
430419,2004.0,29.62963,1.0,0.0,0.0,,,
430424,2000.0,20.950062,0.0,0.0,0.0,,,
430424,2004.0,13.988095,1.0,0.0,0.0,,,
430430,2000.0,21.288013,0.0,0.0,0.0,,,
430430,2004.0,15.407674,1.0,0.0,0.0,,,
430445,2000.0,29.388771,0.0,0.0,0.0,11.56704,5.458,1.6123122
430445,2004.0,22.91071,1.0,0.0,0.0,7.267144,6.055,1.6515276
430458,2000.0,2.7272727,0.0,0.0,0.0,,,
430458,2004.0,5.035971,1.0,0.0,0.0,,,
430461,2000.0,13.114754,0.0,0.0,0.0,,,
430461,2004.0,2.5641026,1.0,0.0,0.0,,,
430477,2000.0,25.816994,0.0,0.0,0.0,24.78873,5.106,2.467685
430477,2004.0,19.109663,1.0,0.0,0.0,11.10512,5.99,3.0550919
430483,2000.0,29.310345,0.0,0.0,0.0,,,
430483,2004.0,21.91582,1.0,0.0,0.0,,,
430496,2000.0,10.054845,0.0,0.0,0.0,,,
430496,2004.0,7.1875,1.0,0.0,0.0,,,
430509,2000.0,28.33517,0.0,0.0,0.0,,,
430509,2004.0,26.170376,1.0,0.0,0.0,,,
430516,2000.0,34.519196,0.0,0.0,0.0,,6.598,2.1673234
430516,2004.0,26.229507,1.0,0.0,0.0,12.15156,10.607,1.9138305
430521,2000.0,16.949152,0.0,0.0,0.0,,,
430521,2004.0,6.5868263,1.0,0.0,0.0,,,
430537,2000.0,14.615385,0.0,0.0,0.0,,,
430537,2004.0,2.5974026,1.0,0.0,0.0,,,
430542,2000.0,13.993872,0.0,0.0,0.0,,,
430542,2004.0,9.151786,1.0,0.0,0.0,,,
430555,2000.0,15.877252,0.0,0.0,0.0,,2.555,1.5655577
430555,2004.0,8.379205,1.0,0.0,0.0,9.141414,2.735,1.535649
430568,2000.0,26.98908,0.0,0.0,0.0,,,
430568,2004.0,13.125,1.0,0.0,0.0,,,
430574,2000.0,15.151515,0.0,0.0,0.0,,,
430574,2004.0,7.6923075,1.0,0.0,0.0,,,
430580,2000.0,5.7471266,0.0,0.0,0.0,,,
430580,2004.0,6.993007,1.0,0.0,0.0,,,
430593,2000.0,13.664597,0.0,0.0,0.0,,,
430593,2004.0,7.729469,1.0,0.0,0.0,,,
430607,2000.0,15.772745,0.0,0.0,0.0,,,
430607,2004.0,10.440751,1.0,0.0,0.0,,,
430614,2000.0,5.0,0.0,0.0,0.0,,,
430614,2004.0,10.810811,1.0,0.0,0.0,,,
430629,2000.0,26.984127,0.0,0.0,0.0,,,
430629,2004.0,13.944223,1.0,0.0,0.0,,,
430635,2000.0,33.910892,0.0,0.0,0.0,,,
430635,2004.0,25.45045,1.0,0.0,0.0,,,
430640,2000.0,25.265251,0.0,0.0,0.0,,2.67,1.9475656
430640,2004.0,17.865297,1.0,0.0,0.0,7.894736,3.062,1.6982365
430653,2000.0,15.697675,0.0,0.0,0.0,,,
430653,2004.0,8.092485,1.0,0.0,0.0,,,
430666,2000.0,17.204302,0.0,0.0,0.0,,,
430666,2004.0,10.784314,1.0,0.0,0.0,,,
430672,2000.0,10.327868,0.0,0.0,0.0,,,
430672,2004.0,8.306709,1.0,0.0,0.0,,,
430688,2000.0,25.8547,0.0,0.0,0.0,,,
430688,2004.0,23.841059,1.0,0.0,0.0,,,
430691,2000.0,24.113476,0.0,0.0,0.0,,,
430691,2004.0,14.189189,1.0,0.0,0.0,,,
430705,2000.0,14.201183,0.0,0.0,0.0,,,
430705,2004.0,12.017167,1.0,0.0,0.0,,,
430712,2000.0,29.06815,0.0,0.0,0.0,,,
430712,2004.0,17.552534,1.0,0.0,0.0,,,
430727,2000.0,48.780487,0.0,0.0,0.0,,,
430727,2004.0,30.0,1.0,0.0,0.0,,,
430733,2000.0,13.846154,0.0,0.0,0.0,,,
430733,2004.0,3.488372,1.0,0.0,0.0,,,
430748,2000.0,10.593221,0.0,0.0,0.0,,,
430748,2004.0,7.3469386,1.0,0.0,0.0,,,
430751,2000.0,5.063291,0.0,0.0,0.0,,,
430751,2004.0,1.1363636,1.0,0.0,0.0,,,
430764,2000.0,10.743802,0.0,0.0,0.0,,,
430764,2004.0,6.1728396,1.0,0.0,0.0,,,
430770,2000.0,27.317074,0.0,0.0,0.0,,,
430770,2004.0,25.339367,1.0,0.0,0.0,,,
430786,2000.0,20.79208,0.0,0.0,0.0,,,
430786,2004.0,8.7378645,1.0,0.0,0.0,,,
430799,2000.0,8.429119,0.0,0.0,0.0,,,
430799,2004.0,3.630363,1.0,0.0,0.0,,,
430803,2000.0,15.789474,0.0,0.0,0.0,,,
430803,2004.0,11.282051,1.0,0.0,0.0,,,
430810,2000.0,9.180327,0.0,0.0,0.0,,,
430810,2004.0,5.99455,1.0,0.0,0.0,,,
430825,2000.0,16.576086,0.0,0.0,0.0,,,
430825,2004.0,10.852714,1.0,0.0,0.0,,,
430831,2000.0,39.805824,0.0,0.0,0.0,,,
430831,2004.0,20.512821,1.0,0.0,0.0,,,
430846,2000.0,12.698413,0.0,0.0,0.0,,,
430846,2004.0,6.5637064,1.0,0.0,0.0,,,
430859,2000.0,19.704433,0.0,0.0,0.0,,,
430859,2004.0,12.077294,1.0,0.0,0.0,,,
430862,2000.0,14.435696,0.0,0.0,0.0,23.66234,6.18,2.10356
430862,2004.0,8.112366,1.0,0.0,0.0,8.447352,6.793,1.9726188
430884,2000.0,21.279213,0.0,0.0,0.0,,,
430884,2004.0,13.919052,1.0,0.0,0.0,,,
430897,2000.0,19.101124,0.0,0.0,0.0,,,
430897,2004.0,15.929204,1.0,0.0,0.0,,,
430901,2000.0,19.117647,0.0,0.0,0.0,,,
430901,2004.0,22.105263,1.0,0.0,0.0,,,
430918,2000.0,19.791666,0.0,0.0,0.0,,,
430918,2004.0,12.0,1.0,0.0,0.0,,,
430923,2000.0,32.245037,0.0,0.0,0.0,6.014418,7.217,1.7874463
430923,2004.0,23.295303,1.0,0.0,0.0,13.11164,9.863,2.3725033
430939,2000.0,18.142235,0.0,0.0,0.0,,4.77,2.4737945
430939,2004.0,11.646459,1.0,0.0,0.0,8.674204,5.167,2.9804528
430944,2000.0,15.802943,0.0,0.0,0.0,,,
430944,2004.0,7.950728,1.0,0.0,0.0,,,
430957,2000.0,24.555735,0.0,0.0,0.0,,,
430957,2004.0,16.266666,1.0,0.0,0.0,,,
430960,2000.0,14.705882,0.0,0.0,0.0,,,
430960,2004.0,7.2727275,1.0,0.0,0.0,,,
430976,2000.0,13.157895,0.0,0.0,0.0,,,
430976,2004.0,8.582089,1.0,0.0,0.0,,,
430982,2000.0,19.371727,0.0,0.0,0.0,,,
430982,2004.0,10.9375,1.0,0.0,0.0,,,
430995,2000.0,10.489511,0.0,0.0,0.0,,,
430995,2004.0,6.9078946,1.0,0.0,0.0,,,
431009,2000.0,25.811823,0.0,0.0,0.0,,,
431009,2004.0,18.673647,1.0,0.0,0.0,,,
431016,2000.0,15.306123,0.0,0.0,0.0,,,
431016,2004.0,10.687023,1.0,0.0,0.0,,,
431021,2000.0,11.403509,0.0,0.0,0.0,,,
431021,2004.0,4.637097,1.0,0.0,0.0,,,
431037,2000.0,25.882353,0.0,0.0,0.0,,,
431037,2004.0,19.320595,1.0,0.0,0.0,,,
431042,2000.0,6.7556953,0.0,0.0,0.0,,,
431042,2004.0,3.118644,1.0,0.0,0.0,,,
431055,2000.0,8.602151,0.0,0.0,0.0,,,
431055,2004.0,2.5,1.0,0.0,0.0,,,
431068,2000.0,24.757282,0.0,0.0,0.0,,,
431068,2004.0,15.710382,1.0,0.0,0.0,,,
431074,2000.0,21.73913,0.0,0.0,0.0,,,
431074,2004.0,7.191781,1.0,0.0,0.0,,,
431080,2000.0,15.617977,0.0,0.0,0.0,,,
431080,2004.0,12.566372,1.0,0.0,0.0,,,
431093,2000.0,30.335365,0.0,0.0,0.0,,,
431093,2004.0,20.711563,1.0,0.0,0.0,,,
431107,2000.0,19.25926,0.0,0.0,0.0,,,
431107,2004.0,15.555555,1.0,0.0,0.0,,,
431114,2000.0,24.629879,0.0,0.0,0.0,,,
431114,2004.0,19.73308,1.0,0.0,0.0,,,
431129,2000.0,2.5510204,0.0,0.0,0.0,,,
431129,2004.0,1.6129032,1.0,0.0,0.0,,,
431135,2000.0,21.73913,0.0,0.0,0.0,,,
431135,2004.0,11.455847,1.0,0.0,0.0,,,
431140,2000.0,9.661836,0.0,0.0,0.0,,,
431140,2004.0,6.2695923,1.0,0.0,0.0,,,
431153,2000.0,10.344828,0.0,0.0,0.0,,,
431153,2004.0,4.5454545,1.0,0.0,0.0,,,
431166,2000.0,10.544218,0.0,0.0,0.0,,,
431166,2004.0,5.223881,1.0,0.0,0.0,,,
431172,2000.0,27.2,0.0,0.0,0.0,,,
431172,2004.0,19.708029,1.0,0.0,0.0,,,
431188,2000.0,11.940298,0.0,0.0,0.0,,,
431188,2004.0,6.976744,1.0,0.0,0.0,,,
431191,2000.0,19.444445,0.0,0.0,0.0,,,
431191,2004.0,17.333334,1.0,0.0,0.0,,,
431205,2000.0,33.742332,0.0,0.0,0.0,,,
431205,2004.0,23.88889,1.0,0.0,0.0,,,
431212,2000.0,11.780105,0.0,0.0,0.0,,,
431212,2004.0,2.7829313,1.0,0.0,0.0,,,
431227,2000.0,17.5,0.0,0.0,0.0,,,
431227,2004.0,7.142857,1.0,0.0,0.0,,,
431233,2000.0,24.505499,0.0,0.0,0.0,11.39243,90.994,2.0715652
431233,2004.0,18.191902,1.0,0.0,0.0,9.495085,103.226,2.927557
431248,2000.0,21.627409,0.0,0.0,0.0,,,
431248,2004.0,15.226337,1.0,0.0,0.0,,,
431251,2000.0,19.74359,0.0,0.0,0.0,,,
431251,2004.0,12.380953,1.0,0.0,0.0,,,
431264,2000.0,10.126582,0.0,0.0,0.0,,,
431264,2004.0,8.888889,1.0,0.0,0.0,,,
431270,2000.0,10.3274555,0.0,0.0,0.0,,,
431270,2004.0,10.714286,1.0,0.0,0.0,,,
431286,2000.0,14.212329,0.0,0.0,0.0,,,
431286,2004.0,7.3959937,1.0,0.0,0.0,,,
431299,2000.0,22.77487,0.0,0.0,0.0,23.36283,5.326,1.2955314
431299,2004.0,14.643188,1.0,0.0,0.0,13.14286,6.03,1.840796
431303,2000.0,15.642458,0.0,0.0,0.0,,,
431303,2004.0,14.0625,1.0,0.0,0.0,,,
431310,2000.0,28.272896,0.0,0.0,0.0,,,
431310,2004.0,23.758013,1.0,0.0,0.0,,5.403,2.1469555
431325,2000.0,10.476191,0.0,0.0,0.0,,,
431325,2004.0,8.208955,1.0,0.0,0.0,,,
431331,2000.0,30.724638,0.0,0.0,0.0,17.77365,6.526,3.616304
431331,2004.0,15.418939,1.0,0.0,0.0,7.111984,7.582,2.7565286
431346,2000.0,23.89937,0.0,0.0,0.0,,,
431346,2004.0,13.397129,1.0,0.0,0.0,,,
431359,2000.0,15.057915,0.0,0.0,0.0,,,
431359,2004.0,6.785714,1.0,0.0,0.0,,,
431362,2000.0,21.53534,0.0,0.0,0.0,10.1845,11.603,1.6892183
431362,2004.0,11.050496,1.0,0.0,0.0,9.327628,13.867,1.817264
431378,2000.0,14.659686,0.0,0.0,0.0,,,
431378,2004.0,13.068182,1.0,0.0,0.0,,,
431384,2000.0,23.511604,0.0,0.0,0.0,,,
431384,2004.0,15.707547,1.0,0.0,0.0,,,
431397,2000.0,14.326444,0.0,0.0,0.0,,,
431397,2004.0,8.9982,1.0,0.0,0.0,,,
431401,2000.0,21.72702,0.0,0.0,0.0,,,
431401,2004.0,16.977077,1.0,0.0,0.0,,,
431418,2000.0,37.037037,0.0,0.0,0.0,,,
431418,2004.0,18.27957,1.0,0.0,0.0,,,
431423,2000.0,25.30949,0.0,0.0,0.0,,,
431423,2004.0,11.033682,1.0,0.0,0.0,,,
431439,2000.0,9.523809,0.0,0.0,0.0,,,
431439,2004.0,6.25,1.0,0.0,0.0,,,
431444,2000.0,19.54023,0.0,0.0,0.0,,,
431444,2004.0,11.756757,1.0,0.0,0.0,,,
431457,2000.0,18.173876,0.0,0.0,0.0,,,
431457,2004.0,11.552346,1.0,0.0,0.0,,,
431460,2000.0,4.1666665,0.0,0.0,0.0,,,
431460,2004.0,16.0,1.0,0.0,0.0,,,
431476,2000.0,27.423168,0.0,0.0,0.0,,,
431476,2004.0,17.11111,1.0,0.0,0.0,,,
431482,2000.0,29.280008,0.0,0.0,0.0,10.60646,116.388,2.7013094
431482,2004.0,21.647306,1.0,0.0,0.0,14.16611,132.55,2.8162956
431495,2000.0,21.416527,0.0,0.0,0.0,,,
431495,2004.0,15.689382,1.0,0.0,0.0,,,
431508,2000.0,22.038836,0.0,0.0,0.0,,,
431508,2004.0,15.542272,1.0,0.0,0.0,,,
431515,2000.0,9.302325,0.0,0.0,0.0,,,
431515,2004.0,4.7619047,1.0,0.0,0.0,,,
431520,2000.0,6.081081,0.0,0.0,0.0,,,
431520,2004.0,5.172414,1.0,0.0,0.0,,,
431536,2000.0,22.940165,0.0,0.0,0.0,17.42668,11.368,2.1991556
431536,2004.0,18.073381,1.0,0.0,0.0,10.58645,14.269,2.4178288
431541,2000.0,17.073172,0.0,0.0,0.0,,,
431541,2004.0,7.894737,1.0,0.0,0.0,,,
431554,2000.0,29.04277,0.0,0.0,0.0,9.827006,30.131,3.1197107
431554,2004.0,14.16442,1.0,0.0,0.0,8.280972,34.555,2.6450586
431567,2000.0,28.024452,0.0,0.0,0.0,16.10879,5.753,1.0429342
431567,2004.0,18.519629,1.0,0.0,0.0,11.65701,6.383,1.096663
431573,2000.0,14.906833,0.0,0.0,0.0,,,
431573,2004.0,12.032085,1.0,0.0,0.0,,,
431589,2000.0,18.333334,0.0,0.0,0.0,,,
431589,2004.0,1.2345679,1.0,0.0,0.0,,,
431592,2000.0,9.589041,0.0,0.0,0.0,,,
431592,2004.0,3.0612245,1.0,0.0,0.0,,,
431606,2000.0,10.447762,0.0,0.0,0.0,,,
431606,2004.0,16.978922,1.0,0.0,0.0,,,
431613,2000.0,17.58789,0.0,0.0,0.0,11.36099,20.791,3.18407
431613,2004.0,12.519611,1.0,0.0,0.0,7.087888,23.645,2.5629096
431628,2000.0,22.301554,0.0,0.0,0.0,,,
431628,2004.0,16.713781,1.0,0.0,0.0,,5.277,2.4445708
431634,2000.0,22.733149,0.0,0.0,0.0,14.01655,24.379,2.7400632
431634,2004.0,19.287312,1.0,0.0,0.0,10.67439,32.601,2.5796754
431649,2000.0,24.576271,0.0,0.0,0.0,,,
431649,2004.0,28.395061,1.0,0.0,0.0,,,
431652,2000.0,18.644068,0.0,0.0,0.0,,,
431652,2004.0,7.8066916,1.0,0.0,0.0,,,
431665,2000.0,29.535866,0.0,0.0,0.0,,,
431665,2004.0,19.881657,1.0,0.0,0.0,,,
431671,2000.0,27.586206,0.0,0.0,0.0,,,
431671,2004.0,16.233767,1.0,0.0,0.0,,,
431687,2000.0,11.538462,0.0,0.0,0.0,,,
431687,2004.0,16.346153,1.0,0.0,0.0,,,
431690,2000.0,14.369501,0.0,0.0,0.0,,,
431690,2004.0,7.0904646,1.0,0.0,0.0,,,
431704,2000.0,18.782608,0.0,0.0,0.0,,,
431704,2004.0,9.667674,1.0,0.0,0.0,,,
431711,2000.0,25.774902,0.0,0.0,0.0,6.027914,13.69,2.5639153
431711,2004.0,19.695658,1.0,0.0,0.0,6.782609,17.977,2.9704623
431726,2000.0,8.225108,0.0,0.0,0.0,,,
431726,2004.0,4.7138047,1.0,0.0,0.0,,,
431732,2000.0,12.987013,0.0,0.0,0.0,,,
431732,2004.0,3.3707864,1.0,0.0,0.0,,,
431747,2000.0,4.9504952,0.0,0.0,0.0,,,
431747,2004.0,1.7699115,1.0,0.0,0.0,,,
431750,2000.0,29.386892,0.0,0.0,0.0,,,
431750,2004.0,19.769674,1.0,0.0,0.0,,,
431763,2000.0,16.25387,0.0,0.0,0.0,,,
431763,2004.0,9.749304,1.0,0.0,0.0,,,
431779,2000.0,11.660777,0.0,0.0,0.0,,,
431779,2004.0,7.166124,1.0,0.0,0.0,,,
431785,2000.0,24.486572,0.0,0.0,0.0,,,
431785,2004.0,19.22141,1.0,0.0,0.0,,,
439018,2000.0,33.13028,0.0,0.0,0.0,2.61959,10.453,3.6161869
439018,2004.0,13.476501,1.0,0.0,0.0,9.123867,10.955,2.7293472
439023,2000.0,27.997858,0.0,0.0,0.0,,,
439023,2004.0,10.805595,1.0,0.0,0.0,,,
439039,2000.0,25.930765,0.0,0.0,0.0,,,
439039,2004.0,12.2273245,1.0,0.0,0.0,,,
439044,2000.0,35.5884,0.0,0.0,0.0,,,
439044,2004.0,14.966635,1.0,0.0,0.0,,,
439057,2000.0,38.72133,0.0,0.0,0.0,-0.7025194,14.643,3.1346035
439057,2004.0,30.990112,1.0,0.0,0.0,12.52322,22.806,3.2579145
439060,2000.0,21.42171,0.0,0.0,0.0,,,
439060,2004.0,13.962559,1.0,0.0,0.0,,,
