state,dma,turn00,turn96,turn92,turn88,turn90,turn94,turn98,senate,prezg,seng,hseg,issg,othg,govg,balg,pq,___istate,___istat1,___istat2,___istat3,___istat4,___istat5,___istat6,___istat7,___istat8,___istat9,___ista10,___ista11,___ista12,___ista13,___ista14,___ista15,___ista16,___ista17,___ista18,___ista19,___ista20,___ista21,___ista22,___ista23,___ista24,___ista25,___ista26,___ista27,___ista28,___ista29,___ista30,___ista31,___ista32,___ista33,___ista34,___ista35,sum_grp,fall_grp,yr_grp,bush,cheney,gore,lieb,n0901,cont0901,n1001,cont1001,n1016,cont1016,yr_att,yr_cont,yr_pro,sum_att,sum_cont,sum_pro,fall_att,fall_con,fall_pro,end_grp,end_att,end_cont,end_pro,lncpop00,bg
MA,ALBANY-SCHENECTADY-TROY,0.57852453,0.583638072,0.641745567,0.587462902,,0.468976825,,0.468976825,0.0006,8.40530014,1.008999944,0,0.0129,0,0,0.243833899,0,0,0,0,0,0,0,0,0,0,0,0,1,0,0,0,0,0,0,0,0,0,0,0,0,0,0,0,0,0,0,0,0,0,0,0,0.600000024,0.600000024,6800.399902,0,0,0,0,12,0.083333336,0,0,0,0,0,2219.399902,4581,0,0,0.600000024,0,0,0.600000024,0.600000024,0,0,0.600000024,11.53950882,0
NY,ALBANY-SCHENECTADY-TROY,0.61070472,0.595133603,0.651259243,0.601597965,,0.502812684,0.462150365,0.462150365,0.0006,8.40530014,1.008999944,0,0.0129,0,0,0.237744465,0,0,0,0,0,0,0,0,0,0,0,0,0,0,0,0,0,0,0,0,0,0,1,0,0,0,0,0,0,0,0,0,0,0,0,0,0.600000024,0.600000024,6800.399902,0,0,0,0,50,0.059999999,22,0.045454547,18,0.055555556,0,2219.399902,4581,0,0,0.600000024,0,0,0.600000024,0.600000024,0,0,0.600000024,13.68144035,0
VT,ALBANY-SCHENECTADY-TROY,0.635588944,0.59168303,0.680087209,0.598564208,,0.484253883,0.479328752,0.479328752,0.0006,8.40530014,1.008999944,0,0.0129,0,0,0.231615633,0,0,0,0,0,0,0,0,0,0,0,0,0,0,0,0,0,0,0,0,0,0,0,0,0,0,0,0,0,0,0,1,0,0,0,0,0.600000024,0.600000024,6800.399902,0,0,0,0,2,0,0,0,0,0,0,2219.399902,4581,0,0,0.600000024,0,0,0.600000024,0.600000024,0,0,0.600000024,10.23322296,0
CO,ALBUQUERQUE-SANTA FE,0.594149351,0.565826178,0.600336134,0.597919226,0.399519801,,0.447981209,0.447981209,9.375,1.090199947,7.120600224,0.0068,0,0,0,0.241135895,0,0,1,0,0,0,0,0,0,0,0,0,0,0,0,0,0,0,0,0,0,0,0,0,0,0,0,0,0,0,0,0,0,0,0,0,26555,19177.5,28602.19922,3,3,1,3,5,0,4,0,4,0,6954,8216.599609,13431.59961,6950.299805,8216.599609,11388.09961,5416.799805,7149.899902,6610.799805,9375,4861.600098,2057.199951,2456.199951,10.87906551,0
AL,ATLANTA,0.476768047,0.431167126,0.541880488,0.500264764,0.381084979,,0.358534187,0.358534187,0.329899997,5.226900101,9.383999825,1E-04,0,0,0,0.24946028,0,0,0,0,0,0,0,0,0,0,0,0,0,0,0,0,0,0,0,0,0,0,0,0,0,0,0,0,0,0,0,0,0,0,0,0,4841.5,575.5999756,5523.5,0,0,1,0,0,0,0,0,0,0,481.2999878,796.4000244,4245.799805,481.2999878,796.4000244,3563.800049,43,240.8999939,291.7000122,329.8999939,43,240.8999939,46,10.21427536,0
GA,ATLANTA,0.482740819,0.458137661,0.501507342,0.42598635,0.226020232,,0.339433253,0.339433253,0.329899997,5.226900101,9.383999825,1E-04,0,0,0,0.249702126,0,0,0,0,0,1,0,0,0,0,0,0,0,0,0,0,0,0,0,0,0,0,0,0,0,0,0,0,0,0,0,0,0,0,0,0,4841.5,575.5999756,5523.5,0,0,1,0,167,0.065868266,98,0.071428575,56,0.071428575,481.2999878,796.4000244,4245.799805,481.2999878,796.4000244,3563.800049,43,240.8999939,291.7000122,329.8999939,43,240.8999939,46,15.0565815,0
NC,ATLANTA,0.540479839,0.563087344,0.676344991,0.666794419,0.646797597,,0.460713774,0.460713774,0.329899997,5.226900101,9.383999825,1E-04,0,0,0,0.248361379,0,0,0,0,0,0,0,0,0,0,0,0,0,0,0,0,0,1,0,0,0,0,0,0,0,0,0,0,0,0,0,0,0,0,0,0,4841.5,575.5999756,5523.5,0,0,1,0,1,0,0,0,0,0,481.2999878,796.4000244,4245.799805,481.2999878,796.4000244,3563.800049,43,240.8999939,291.7000122,329.8999939,43,240.8999939,46,8.871645927,0
TX,AUSTIN,0.548364758,0.491948515,0.600671709,0.601023674,0.415419668,0.425559998,,0.425559998,0,1.656999946,4.587500095,0,0,0,0,0.247660846,0,0,0,0,0,0,0,0,0,0,0,0,0,0,0,0,0,0,0,0,0,0,0,0,0,0,0,0,0,1,0,0,0,0,0,0,0,0,17.5,2,1,0,0,44,0.06818182,23,0.043478262,2,0,17.5,0,0,0,0,0,0,0,0,0,0,0,0,13.7263689,0
MD,BALTIMORE,0.528687239,0.473868489,0.557958186,0.490706146,,0.386028111,0.411154509,0.411154509,0.002,2.541800022,0.677200019,0.177399993,0,0,0,0.249177039,0,0,0,0,0,0,0,0,0,0,0,0,0,1,0,0,0,0,0,0,0,0,0,0,0,0,0,0,0,0,0,0,0,0,0,0,5.5,5.5,3487.800049,0,0,0,1,99,0.070707068,57,0.087719299,34,0.088235296,0.400000006,72.59999847,3414.800049,0.400000006,1.600000024,3.5,0.400000006,1.600000024,3.5,2,0.400000006,1.600000024,0,14.50610161,0
AL,BIRMINGHAM-ANNISTON-TUSCALOOSA,0.524376512,0.4999066,0.574286759,0.491283983,0.407866597,,0.419851899,0.419851899,0.031500001,0.0002,4.917900085,0.0048,8.526499748,0,0,0.249405786,0,0,0,0,0,0,0,0,0,0,0,0,0,0,0,0,0,0,0,0,0,0,0,0,0,0,0,0,0,0,0,0,0,0,0,0,36.79999924,36.79999924,36.79999924,0,0,0,0,62,0,26,0,21,0,1.100000024,30.39999962,5.300000191,1.100000024,30.39999962,5.300000191,1.100000024,30.39999962,5.300000191,31.5,1.100000024,30.39999962,0,14.07890224,0
MA,BOSTON,0.617628217,0.583912909,0.637636423,0.613990724,,0.502871335,,0.502871335,1.210899949,0.570299983,1.79369998,0,0,3.332299948,0,0.236163601,0,0,0,0,0,0,0,0,0,0,0,0,1,0,0,0,0,0,0,0,0,0,0,0,0,0,0,0,0,0,0,0,0,0,0,0,2903.800049,2638.5,20930.59961,2,2,4,4,150,0.086666666,86,0.116279073,51,0.137254909,1013.5,2855.699951,17061.40039,652,1256.199951,995.5999756,652,1256.199951,730.2999878,1210.900024,581,302,327.8999939,15.06663132,0
NH,BOSTON,0.629879832,0.568795204,0.645564497,0.564054966,0.351888239,,0.350895852,0.350895852,1.210899949,0.570299983,1.79369998,0,0,3.332299948,0,0.23313123,0,0,0,0,0,0,0,0,0,0,0,0,0,0,0,0,0,0,0,1,0,0,0,0,0,0,0,0,0,0,0,0,0,0,0,0,2903.800049,2638.5,20930.59961,2,2,4,4,39,0.179487184,30,0.13333334,17,0.176470593,1013.5,2855.699951,17061.40039,652,1256.199951,995.5999756,652,1256.199951,730.2999878,1210.900024,581,302,327.8999939,13.52950191,1
VT,BOSTON,0.645569265,0.587750912,0.689032614,0.622505486,,0.459308207,0.485917658,0.485917658,1.210899949,0.570299983,1.79369998,0,0,3.332299948,0,0.228809595,0,0,0,0,0,0,0,0,0,0,0,0,0,0,0,0,0,0,0,0,0,0,0,0,0,0,0,0,0,0,0,1,0,0,0,0,2903.800049,2638.5,20930.59961,2,2,4,4,0,0,0,0,0,0,1013.5,2855.699951,17061.40039,652,1256.199951,995.5999756,652,1256.199951,730.2999878,1210.900024,581,302,327.8999939,10.4130125,0
NY,BUFFALO,0.584044993,0.556613982,0.605986774,0.565269172,,0.430458784,0.400818706,0.400818706,0.078000002,7.72510004,1.695500016,0.004,0,0,0,0.242936432,0,0,0,0,0,0,0,0,0,0,0,0,0,0,0,0,0,0,0,0,0,0,1,0,0,0,0,0,0,0,0,0,0,0,0,0,78,78,8387.900391,0,0,0,0,61,0.065573767,40,0.075000003,22,0.090909094,0,2473.600098,5914.299805,0,78,0,0,78,0,78,0,78,0,13.98018169,0
PA,BUFFALO,0.476263791,0.454636931,0.495339036,0.454419613,,0.347263157,0.284850299,0.284850299,0.078000002,7.72510004,1.695500016,0.004,0,0,0,0.249436587,0,0,0,0,0,0,0,0,0,0,0,0,0,0,0,0,0,0,0,0,0,0,0,0,0,0,1,0,0,0,0,0,0,0,0,0,78,78,8387.900391,0,0,0,0,2,0,2,0,1,0,0,2473.600098,5914.299805,0,78,0,0,78,0,78,0,78,0,10.78041363,1
KY,CHARLESTON-HUNTINGTON,0.482419103,0.453647077,0.534697175,0.513214886,0.339210957,,0.400013387,0.400013387,6.467700005,2.859999895,16.27070045,0.614400029,1.043200016,5.738200188,0,0.249690905,0,0,0,0,0,0,0,0,0,0,0,1,0,0,0,0,0,0,0,0,0,0,0,0,0,0,0,0,0,0,0,0,0,0,0,0,15250.5,13544.7998,15250.5,1,1,2,0,22,0.13636364,10,0.300000012,10,0.300000012,3700,7449.100098,4101.399902,3700,7449.100098,4101.399902,3698,7449.100098,2397.699951,6467.700195,3078.699951,2050.699951,1338.300049,12.36830616,0
OH,CHARLESTON-HUNTINGTON,0.52069962,0.523194849,0.582194746,0.525493205,,0.403064996,0.386615604,0.386615604,6.467700005,2.859999895,16.27070045,0.614400029,1.043200016,5.738200188,0,0.249571532,0,0,0,0,0,0,0,0,0,0,0,0,0,0,0,0,0,0,0,0,0,0,0,1,0,0,0,0,0,0,0,0,0,0,0,0,15250.5,13544.7998,15250.5,1,1,2,0,13,0.07692308,1,0,0,0,3700,7449.100098,4101.399902,3700,7449.100098,4101.399902,3698,7449.100098,2397.699951,6467.700195,3078.699951,2050.699951,1338.300049,12.34658623,1
WV,CHARLESTON-HUNTINGTON,0.479905903,0.480169088,0.512113988,0.496941328,,0.299292773,,0.299292773,6.467700005,2.859999895,16.27070045,0.614400029,1.043200016,5.738200188,0,0.249596223,0,0,0,0,0,0,0,0,0,0,0,0,0,0,0,0,0,0,0,0,0,0,0,0,0,0,0,0,0,0,0,0,0,0,1,0,15250.5,13544.7998,15250.5,1,1,2,0,20,0.050000001,5,0,4,0,3700,7449.100098,4101.399902,3700,7449.100098,4101.399902,3698,7449.100098,2397.699951,6467.700195,3078.699951,2050.699951,1338.300049,13.11205482,1
NC,CHARLOTTE,0.508189917,0.462011844,0.531121671,0.467859447,0.419806361,,0.345983058,0.345983058,0.005,0,15.34119987,0.613900006,0,5.924099922,0,0.24993293,0,0,0,0,0,0,0,0,0,0,0,0,0,0,0,0,0,1,0,0,0,0,0,0,0,0,0,0,0,0,0,0,0,0,0,0,828.5,154.1999969,4157.700195,0,0,0,0,75,0.053333335,38,0.105263159,37,0.108108111,770.5,888.2000122,2499,1.700000048,3.299999952,823.5,1.700000048,3.299999952,149.1999969,5,1.700000048,3.299999952,0,14.22800446,0
SC,CHARLOTTE,0.445257097,0.387197524,0.432832032,0.366633385,0.253796935,,0.334641218,0.334641218,0.005,0,15.34119987,0.613900006,0,5.924099922,0,0.247003213,0,0,0,0,0,0,0,0,0,0,0,0,0,0,0,0,0,0,0,0,0,0,0,0,0,0,0,1,0,0,0,0,0,0,0,0,828.5,154.1999969,4157.700195,0,0,0,0,8,0.125,5,0.200000003,1,1,770.5,888.2000122,2499,1.700000048,3.299999952,823.5,1.700000048,3.299999952,149.1999969,5,1.700000048,3.299999952,0,12.30196857,0
IL,CHICAGO,0.561540782,0.511059523,0.621602774,0.572637558,0.378569692,,0.398681492,0.398681492,3.508100033,0,7.410200119,0.034899998,0,0.879000008,0,0.246212736,0,0,0,0,0,0,0,0,1,0,0,0,0,0,0,0,0,0,0,0,0,0,0,0,0,0,0,0,0,0,0,0,0,0,0,0,12386.40039,6319.299805,15050.09961,5,4,3,3,234,0.106837608,135,0.118518516,86,0.139534891,1703.599976,3416.699951,9929.799805,1703.599976,3382.699951,7300.100098,1336.599976,2184.5,2798.199951,3508.100098,1330.800049,1326.699951,850.5999756,15.51441193,0
IN,CHICAGO,0.515011072,0.492086202,0.555606425,0.543325603,0.310359478,0.314806163,0.323428541,0.323428541,3.508100033,0,7.410200119,0.034899998,0,0.879000008,0,0.249774665,0,0,0,0,0,0,0,0,0,1,0,0,0,0,0,0,0,0,0,0,0,0,0,0,0,0,0,0,0,0,0,0,0,0,0,0,12386.40039,6319.299805,15050.09961,5,4,3,3,20,0.100000001,3,0,0,0,1703.599976,3416.699951,9929.799805,1703.599976,3382.699951,7300.100098,1336.599976,2184.5,2798.199951,3508.100098,1330.800049,1326.699951,850.5999756,13.2473774,0
IN,CINCINNATI,0.536395848,0.544210434,0.576810479,0.548595667,0.369076043,0.43600595,0.402737051,0.402737051,3.196099997,2.290999889,4.975399971,0.559800029,7.102799892,0,0,0.248675346,0,0,0,0,0,0,0,0,0,1,0,0,0,0,0,0,0,0,0,0,0,0,0,0,0,0,0,0,0,0,0,0,0,0,0,0,22915,14456.40039,27301,0,1,3,3,5,0.200000003,5,0.200000003,5,0.200000003,5812.600098,9690.5,11797.90039,5531.100098,8475.599609,8908.299805,4094.199951,6518.100098,3844.100098,3196.100098,1529.099976,1242.199951,424.7999878,11.34224415,0
KY,CINCINNATI,0.508086503,0.482991427,0.516441941,0.476764441,0.298958778,,0.364588201,0.364588201,3.196099997,2.290999889,4.975399971,0.559800029,7.102799892,0,0,0.249934614,0,0,0,0,0,0,0,0,0,0,0,1,0,0,0,0,0,0,0,0,0,0,0,0,0,0,0,0,0,0,0,0,0,0,0,0,22915,14456.40039,27301,0,1,3,3,10,0,1,0,1,0,5812.600098,9690.5,11797.90039,5531.100098,8475.599609,8908.299805,4094.199951,6518.100098,3844.100098,3196.100098,1529.099976,1242.199951,424.7999878,12.5980711,0
OH,CINCINNATI,0.589562654,0.569441497,0.618901908,0.56123966,,0.42412439,0.427989006,0.427989006,3.196099997,2.290999889,4.975399971,0.559800029,7.102799892,0,0,0.241978526,0,0,0,0,0,0,0,0,0,0,0,0,0,0,0,0,0,0,0,0,0,0,0,1,0,0,0,0,0,0,0,0,0,0,0,0,22915,14456.40039,27301,0,1,3,3,59,0.118644066,36,0.138888896,16,0.1875,5812.600098,9690.5,11797.90039,5531.100098,8475.599609,8908.299805,4094.199951,6518.100098,3844.100098,3196.100098,1529.099976,1242.199951,424.7999878,14.00248146,1
OH,CLEVELAND,0.563210726,0.54995513,0.617349863,0.564589798,,0.432385236,0.411292553,0.411292553,5.228600025,2.224600077,1.896900058,0.664600015,9.498600006,0,0,0.246004403,0,0,0,0,0,0,0,0,0,0,0,0,0,0,0,0,0,0,0,0,0,0,0,1,0,0,0,0,0,0,0,0,0,0,0,0,31523.5,21062.40039,37127.30078,1,2,1,4,148,0.067567565,86,0.069767445,54,0.055555556,10162.40039,11752,15207.2002,10162.40039,10397.2998,10958.09961,8766.900391,8059.700195,4230.100098,5228.600098,3100.699951,1575.400024,546.7999878,14.86831284,1
OH,COLUMBUS OHIO,0.547179282,0.541535616,0.608192503,0.542284131,,0.399609268,0.400638103,0.400638103,5.169099808,2.433000088,11.69589996,0.738200009,7.687699795,0,0,0.247774109,0,0,0,0,0,0,0,0,0,0,0,0,0,0,0,0,0,0,0,0,0,0,0,1,0,0,0,0,0,0,0,0,0,0,0,0,31271.69922,20089.40039,39537.80078,1,1,1,2,90,0.06666667,59,0.084745765,39,0.128205135,7899.799805,14048.5,17589.5,7830.200195,11086.09961,12355.40039,6194.399902,8454.700195,5440.299805,5169.100098,2223.600098,1589.400024,1356.099976,14.21432114,1
TX,DALLAS-FT WORTH,0.493721873,0.451370269,0.545520782,0.499972463,0.335657686,0.371139169,,0.371139169,0.004,1.650699973,7.038899899,0.0189,0,0,0,0.249960586,0,0,0,0,0,0,0,0,0,0,0,0,0,0,0,0,0,0,0,0,0,0,0,0,0,0,0,0,0,1,0,0,0,0,0,0,9.300000191,9,9.300000191,0,0,1,0,178,0.050561797,84,0.011904762,42,0,2.299999952,2,5,2.299999952,2,5,2,2,5,4,2,2,0,15.11452007,0
IN,DAYTON,0.47151348,0.482765198,0.510687709,0.497701794,0.363845855,0.36212188,0.374939591,0.374939591,4.783899784,2.239000082,0,0.527199984,6.918799877,0,0,0.249188513,0,0,0,0,0,0,0,0,0,1,0,0,0,0,0,0,0,0,0,0,0,0,0,0,0,0,0,0,0,0,0,0,0,0,0,0,23131.69922,17530,26766.80078,1,3,1,1,1,0,0,0,0,0,5524.600098,10089.2998,11152.90039,5524.600098,8931.400391,8675.700195,5524.600098,7618.700195,4386.700195,4783.899902,2801.199951,1356.900024,625.7999878,10.88446045,0
OH,DAYTON,0.566776693,0.541572571,0.576136768,0.492667317,,0.411266655,0.404627264,0.404627264,4.783899784,2.239000082,0,0.527199984,6.918799877,0,0,0.245540872,0,0,0,0,0,0,0,0,0,0,0,0,0,0,0,0,0,0,0,0,0,0,0,1,0,0,0,0,0,0,0,0,0,0,0,0,23131.69922,17530,26766.80078,1,3,1,1,49,0.081632651,13,0.15384616,11,0.181818187,5524.600098,10089.2998,11152.90039,5524.600098,8931.400391,8675.700195,5524.600098,7618.700195,4386.700195,4783.899902,2801.199951,1356.900024,625.7999878,13.74845028,1
CO,DENVER,0.589752078,0.554592609,0.642457187,0.625688016,0.406832725,,0.471951425,0.471951425,0.231099993,0,5.16050005,0.115000002,0,0,0.677699983,0.241944566,0,0,1,0,0,0,0,0,0,0,0,0,0,0,0,0,0,0,0,0,0,0,0,0,0,0,0,0,0,0,0,0,0,0,0,0,239.1000061,239.1000061,850.0999756,0,1,0,2,103,0.087378643,58,0.103448279,26,0.115384616,45.70000076,229.5,574.9000244,5.300000191,229.5,4.300000191,5.300000191,229.5,4.300000191,231.1000061,1.299999952,229.5,0.300000012,14.6350317,0
NE,DENVER,0.580961168,0.574802279,0.627699852,0.632787228,0.544828773,0.509895802,,0.509895802,0.231099993,0,5.16050005,0.115000002,0,0,0.677699983,0.243445292,0,0,0,0,0,0,0,0,0,0,0,0,0,0,0,0,0,0,1,0,0,0,0,0,0,0,0,0,0,0,0,0,0,0,0,0,239.1000061,239.1000061,850.0999756,0,1,0,2,0,0,0,0,0,0,45.70000076,229.5,574.9000244,5.300000191,229.5,4.300000191,5.300000191,229.5,4.300000191,231.1000061,1.299999952,229.5,0.300000012,10.48659706,0
NV,DENVER,0.747321427,0.626593828,0.641263962,0.552182138,,0.600735962,0.609558165,0.609558165,0.231099993,0,5.16050005,0.115000002,0,0,0.677699983,0.188832119,0,0,0,0,0,0,0,0,0,0,0,0,0,0,0,0,0,0,0,0,0,1,0,0,0,0,0,0,0,0,0,0,0,0,0,0,239.1000061,239.1000061,850.0999756,0,1,0,2,0,0,0,0,0,0,45.70000076,229.5,574.9000244,5.300000191,229.5,4.300000191,5.300000191,229.5,4.300000191,231.1000061,1.299999952,229.5,0.300000012,7.021083832,1
WY,DENVER,0.573464155,0.580349088,0.574512959,0.522629261,,0.554640234,,0.554640234,0.231099993,0,5.16050005,0.115000002,0,0,0.677699983,0.244603023,0,0,0,0,0,0,0,0,0,0,0,0,0,0,0,0,0,0,0,0,0,0,0,0,0,0,0,0,0,0,0,0,0,0,0,1,239.1000061,239.1000061,850.0999756,0,1,0,2,8,0.125,0,0,0,0,45.70000076,229.5,574.9000244,5.300000191,229.5,4.300000191,5.300000191,229.5,4.300000191,231.1000061,1.299999952,229.5,0.300000012,11.13144493,0
IA,DES MOINES-AMES,0.632791638,0.598696053,0.660128653,0.612486959,0.494274378,,0.473195225,0.473195225,12.68179989,0,3.431499958,0,0,0,0,0.232366383,0,0,0,0,0,0,1,0,0,0,0,0,0,0,0,0,0,0,0,0,0,0,0,0,0,0,0,0,0,0,0,0,0,0,0,0,34893.89844,26477.09961,53261.19922,2,1,5,0,47,0.212765962,10,0.300000012,3,0.333333343,9628.400391,13677.7002,29955.09961,9266.400391,11913.09961,13714.40039,7898.899902,10557.90039,8020.299805,12681.7998,7209.5,1976.900024,3495.399902,13.51213551,1
MO,DES MOINES-AMES,0.637370229,0.547892988,0.641746521,0.610400438,,0.4910869,0.474755883,0.474755883,12.68179989,0,3.431499958,0,0,0,0,0.231129423,0,0,0,0,0,0,0,0,0,0,0,0,0,0,0,1,0,0,0,0,0,0,0,0,0,0,0,0,0,0,0,0,0,0,0,0,34893.89844,26477.09961,53261.19922,2,1,5,0,0,0,0,0,0,0,9628.400391,13677.7002,29955.09961,9266.400391,11913.09961,13714.40039,7898.899902,10557.90039,8020.299805,12681.7998,7209.5,1976.900024,3495.399902,7.969011784,1
MI,DETROIT,0.598029077,0.547567964,0.623779833,0.538405776,0.365038455,0.444584459,,0.444584459,11.59010029,16.51510048,10.12250042,0.313499987,8.873600006,0,5.96600008,0.240390301,0,0,0,0,0,0,0,0,0,0,0,0,0,0,1,0,0,0,0,0,0,0,0,0,0,0,0,0,0,0,0,0,0,0,0,0,37448.80078,27990.5,51012.10156,10,5,10,6,141,0.113475174,84,0.142857149,49,0.183673471,15795.7998,13216.59961,21999.69922,13695.7998,11767.90039,11985.09961,11422.09961,9493.400391,7075,11590.09961,6158.5,2120.899902,3310.699951,15.06725788,1
MI,FLINT-SAGINAW-BAY CITY,0.596713364,0.563980758,0.63809222,0.578460217,0.398739338,0.461985171,,0.461985171,9.376700401,9.693300247,11.77270031,0.197500005,4.829599857,0,5.219299793,0.240646526,0,0,0,0,0,0,0,0,0,0,0,0,0,0,1,0,0,0,0,0,0,0,0,0,0,0,0,0,0,0,0,0,0,0,0,0,35627.19922,24609.19922,50983.5,2,1,3,3,43,0.139534891,24,0.083333336,7,0.142857149,11560,13965.2998,25458.19922,9182.5,12154.7002,14290,6805.600098,10009.5,7794.100098,9376.700195,3771.899902,2340.600098,3264.199951,13.69000435,1
CA,FRESNO-VISALIA,0.4711622,0.469531387,0.517931163,0.476854533,,0.414635211,0.378912836,0.378912836,1.95480001,1.565899968,10.64080048,0.015900001,0,0,0,0.249168381,0,1,0,0,0,0,0,0,0,0,0,0,0,0,0,0,0,0,0,0,0,0,0,0,0,0,0,0,0,0,0,0,0,0,0,0,6213.200195,4631.200195,14730.90039,1,2,0,1,40,0.100000001,27,0.111111112,24,0.125,464.8999939,3903.5,10362.5,464.8999939,2368.899902,3379.399902,464.8999939,2368.899902,1797.400024,1954.800049,464.8999939,1027.199951,462.7000122,13.72612572,0
MI,GRAND RAPIDS-KALAMAZOO-BATTLE CREEK,0.597483635,0.563111484,0.638695419,0.570140183,0.384926617,0.426649004,,0.426649004,10.85499954,10.74569988,0.261999995,0.455900013,5.880400181,0,5.860300064,0.240496948,0,0,0,0,0,0,0,0,0,0,0,0,0,0,1,0,0,0,0,0,0,0,0,0,0,0,0,0,0,0,0,0,0,0,0,0,32858.30078,24349.69922,45402.69922,5,2,4,0,80,0.075000003,40,0.100000001,22,0.090909094,11228.5,12844.09961,21330.09961,9535.400391,11275.40039,12047.5,8327.200195,8732.900391,7289.600098,10855,5770.899902,1823,3261.100098,14.10933113,1
MI,GREEN BAY-APPLETON,0.544742584,0.542591035,0.602793694,0.578123987,0.343280166,0.3801516,,0.3801516,13.13059998,3.057100058,4.897099972,0,0,0,0,0.247998103,0,0,0,0,0,0,0,0,0,0,0,0,0,0,1,0,0,0,0,0,0,0,0,0,0,0,0,0,0,0,0,0,0,0,0,0,38405.30078,28266.80078,41077.80078,4,2,2,2,1,0,0,0,0,0,11303.7998,12551.40039,17222.59961,11303.7998,12551.40039,14550.09961,9883.200195,9844.299805,8539.299805,13130.59961,7159.5,2026.099976,3945,9.860266685,1
WI,GREEN BAY-APPLETON,0.646729171,0.576458514,0.701552033,0.623483598,,0.409676462,0.454716563,0.454716563,13.13059998,3.057100058,4.897099972,0,0,0,0,0.228470549,0,0,0,0,0,0,0,0,0,0,0,0,0,0,0,0,0,0,0,0,0,0,0,0,0,0,0,0,0,0,0,0,0,1,0,0,38405.30078,28266.80078,41077.80078,4,2,2,2,50,0.079999998,28,0.142857149,27,0.148148149,11303.7998,12551.40039,17222.59961,11303.7998,12551.40039,14550.09961,9883.200195,9844.299805,8539.299805,13130.59961,7159.5,2026.099976,3945,13.53342056,1
NC,GREENSBORO-HIGH POINT-WINSTON SALEM,0.514148891,0.477662951,0.52455616,0.461464971,0.416874141,,0.373327821,0.373327821,0.0392,0,0,0.046500001,1.275099993,8.299599648,0,0.249799803,0,0,0,0,0,0,0,0,0,0,0,0,0,0,0,0,0,1,0,0,0,0,0,0,0,0,0,0,0,0,0,0,0,0,0,0,1120.699951,212.1000061,1120.699951,2,0,1,0,47,0.106382981,35,0.057142857,18,0.111111112,0.899999976,18.70000076,1101.099976,0.899999976,18.70000076,1101.099976,0.899999976,18.70000076,192.5,39.20000076,0.899999976,18.70000076,19.60000038,13.92879295,0
VA,GREENSBORO-HIGH POINT-WINSTON SALEM,0.486435711,0.469962895,0.527242899,0.496087641,,0.407930255,,0.407930255,0.0392,0,0,0.046500001,1.275099993,8.299599648,0,0.249816015,0,0,0,0,0,0,0,0,0,0,0,0,0,0,0,0,0,0,0,0,0,0,0,0,0,0,0,0,0,0,1,0,0,0,0,0,1120.699951,212.1000061,1120.699951,2,0,1,0,3,0,2,0,0,0,0.899999976,18.70000076,1101.099976,0.899999976,18.70000076,1101.099976,0.899999976,18.70000076,192.5,39.20000076,0.899999976,18.70000076,19.60000038,10.28425026,0
GA,GREENVILLE-SPARTANBURG-ASHEVILLE-AN,0.41029349,0.413989663,0.466157615,0.375840038,0.193741798,,0.276675791,0.276675791,0.0022,0,10.08940029,0,0.981299996,3.193399906,0,0.241952747,0,0,0,0,0,1,0,0,0,0,0,0,0,0,0,0,0,0,0,0,0,0,0,0,0,0,0,0,0,0,0,0,0,0,0,0,6.400000095,6.400000095,15306.90039,0,0,0,0,2,0,2,0,0,0,2254,3336.300049,9716.599609,0.400000006,1.799999952,4.199999809,0.400000006,1.799999952,4.199999809,2.200000048,0.400000006,1.799999952,0,11.11380482,0
NC,GREENVILLE-SPARTANBURG-ASHEVILLE-AN,0.532807946,0.481415689,0.553133368,0.507741749,0.433391392,,0.405308604,0.405308604,0.0022,0,10.08940029,0,0.981299996,3.193399906,0,0.248923644,0,0,0,0,0,0,0,0,0,0,0,0,0,0,0,0,0,1,0,0,0,0,0,0,0,0,0,0,0,0,0,0,0,0,0,0,6.400000095,6.400000095,15306.90039,0,0,0,0,36,0.055555556,6,0.166666672,6,0.166666672,2254,3336.300049,9716.599609,0.400000006,1.799999952,4.199999809,0.400000006,1.799999952,4.199999809,2.200000048,0.400000006,1.799999952,0,13.10334778,0
SC,GREENVILLE-SPARTANBURG-ASHEVILLE-AN,0.461749226,0.404921591,0.435465723,0.386529177,0.281653762,,0.370239705,0.370239705,0.0022,0,10.08940029,0,0.981299996,3.193399906,0,0.248536885,0,0,0,0,0,0,0,0,0,0,0,0,0,0,0,0,0,0,0,0,0,0,0,0,0,0,0,1,0,0,0,0,0,0,0,0,6.400000095,6.400000095,15306.90039,0,0,0,0,56,0.107142858,30,0.13333334,18,0.111111112,2254,3336.300049,9716.599609,0.400000006,1.799999952,4.199999809,0.400000006,1.799999952,4.199999809,2.200000048,0.400000006,1.799999952,0,13.70934486,0
PA,HARRISBURG-LANCASTER-LEBANON-YORK,0.515654802,0.477511764,0.517706752,0.45466423,,0.376819193,0.305017173,0.305017173,8.968700409,5.068200111,0.638800025,0,0,0,0,0.249754921,0,0,0,0,0,0,0,0,0,0,0,0,0,0,0,0,0,0,0,0,0,0,0,0,0,0,1,0,0,0,0,0,0,0,0,0,30826.5,21542.90039,33193,0,1,0,0,85,0.023529412,40,0.025,35,0.028571429,8257.400391,10448.59961,14487,8257.400391,10448.59961,12120.5,7220.299805,8066,6256.600098,8968.700195,4593.799805,1716.5,2658.399902,14.01093388,1
CT,HARTFORD-NEW HAVEN,0.599001348,0.57115221,0.661342025,0.584715486,,0.455155402,0.404810876,0.404810876,1.34739995,0.602500021,16.26740074,0,0,0,0,0.240198731,0,0,0,1,0,0,0,0,0,0,0,0,0,0,0,0,0,0,0,0,0,0,0,0,0,0,0,0,0,0,0,0,0,0,0,0,1467.5,1467.5,3747.5,0,0,0,0,94,0.08510638,49,0.10204082,33,0.090909094,1,131.3999939,3615.100098,1,131.3999939,1335.099976,1,131.3999939,1335.099976,1347.400024,1,131.3999939,1215,14.41347885,0
TX,HOUSTON,0.504536271,0.45705238,0.526327789,0.477622628,0.28898859,0.346811861,,0.346811861,0.0093,1.664399981,4.227900028,0.0117,0,0,0,0.249979421,0,0,0,0,0,0,0,0,0,0,0,0,0,0,0,0,0,0,0,0,0,0,0,0,0,0,0,0,0,1,0,0,0,0,0,0,19.70000076,19.70000076,19.70000076,0,0,0,3,144,0.083333336,100,0.090000004,60,0.100000001,3.700000048,5.599999905,10.39999962,3.700000048,5.599999905,10.39999962,3.700000048,5.599999905,10.39999962,9.300000191,3.700000048,5.599999905,0,14.92604351,0
IN,INDIANAPOLIS,0.492298722,0.500184953,0.558330536,0.550721347,0.354601204,0.368488431,0.366688043,0.366688043,0.0012,3.450999975,7.152599812,0,0,7.716700077,0,0.249940693,0,0,0,0,0,0,0,0,0,1,0,0,0,0,0,0,0,0,0,0,0,0,0,0,0,0,0,0,0,0,0,0,0,0,0,0,7.099999905,7.099999905,7.099999905,1,0,0,0,95,0.010526316,54,0.018518519,43,0,1.200000048,0,5.900000095,1.200000048,0,5.900000095,1.200000048,0,5.900000095,1.200000048,1.200000048,0,0,14.44989109,0
FL,JACKSONVILLE-BRUNSWICK,0.508234739,0.496846527,0.512571752,0.435156703,,0.377838075,0.347724617,0.347724617,6.906499863,8.537799835,6.244599819,0,0.0032,0,0,0.249932185,0,0,0,0,1,0,0,0,0,0,0,0,0,0,0,0,0,0,0,0,0,0,0,0,0,0,0,0,0,0,0,0,0,0,0,0,16279.2002,13871.40039,16279.2002,1,1,0,0,52,0.134615391,19,0.157894731,11,0.181818187,4239.299805,6716.799805,5323.100098,4239.299805,6716.799805,5323.100098,4239.299805,6716.799805,2915.300049,6906.5,3463,1581.300049,1862.199951,13.74133015,1
GA,JACKSONVILLE-BRUNSWICK,0.404095083,0.398067236,0.440815389,0.363493919,0.170871943,,0.267692685,0.267692685,6.906499863,8.537799835,6.244599819,0,0.0032,0,0,0.240802243,0,0,0,0,0,1,0,0,0,0,0,0,0,0,0,0,0,0,0,0,0,0,0,0,0,0,0,0,0,0,0,0,0,0,0,0,16279.2002,13871.40039,16279.2002,1,1,0,0,14,0.142857149,4,0,4,0,4239.299805,6716.799805,5323.100098,4239.299805,6716.799805,5323.100098,4239.299805,6716.799805,2915.300049,6906.5,3463,1581.300049,1862.199951,11.80643082,0
KS,KANSAS CITY,0.598583043,0.579321265,0.650342762,0.563178241,0.368412226,,0.381644309,0.381644309,8.344099998,3.795200109,16.63640022,0.060199998,0,5.53550005,0,0.240281388,0,0,0,0,0,0,0,0,0,0,1,0,0,0,0,0,0,0,0,0,0,0,0,0,0,0,0,0,0,0,0,0,0,0,0,0,31074.09961,22125.30078,33990,2,1,3,3,39,0.102564104,6,0.5,6,0.5,10211.5,9040.099609,14714.59961,10211.5,9040.099609,11798.7002,9149,6987.799805,5964.700195,8344.099609,4678.600098,1094.900024,2569.600098,13.32034683,0
MO,KANSAS CITY,0.584009171,0.541394651,0.624450028,0.555942595,,0.450034022,0.393772602,0.393772602,8.344099998,3.795200109,16.63640022,0.060199998,0,5.53550005,0,0.242942452,0,0,0,0,0,0,0,0,0,0,0,0,0,0,0,1,0,0,0,0,0,0,0,0,0,0,0,0,0,0,0,0,0,0,0,0,31074.09961,22125.30078,33990,2,1,3,3,54,0.166666672,19,0.263157904,14,0.357142866,10211.5,9040.099609,14714.59961,10211.5,9040.099609,11798.7002,9149,6987.799805,5964.700195,8344.099609,4678.600098,1094.900024,2569.600098,13.75630856,1
KY,KNOXVILLE,0.434189618,0.417150527,0.501721621,0.484494239,0.287768811,,0.38829428,0.38829428,8.182499886,2.460700035,1.770099998,0.0054,0,0,0,0.245668992,0,0,0,0,0,0,0,0,0,0,0,1,0,0,0,0,0,0,0,0,0,0,0,0,0,0,0,0,0,0,0,0,0,0,0,0,9184.5,9184.5,9184.5,1,0,1,0,2,0,2,0,2,0,4084.399902,2565,2535.100098,4084.399902,2565,2535.100098,4084.399902,2565,2535.100098,8182.5,4084.399902,1563.900024,2534.199951,10.99800777,0
TN,KNOXVILLE,0.486407757,0.46952337,0.519232392,0.445998371,0.19865419,0.364778996,,0.364778996,8.182499886,2.460700035,1.770099998,0.0054,0,0,0,0.249815255,0,0,0,0,0,0,0,0,0,0,0,0,0,0,0,0,0,0,0,0,0,0,0,0,0,0,0,0,1,0,0,0,0,0,0,0,9184.5,9184.5,9184.5,1,0,1,0,45,0.111111112,29,0.068965517,3,0,4084.399902,2565,2535.100098,4084.399902,2565,2535.100098,4084.399902,2565,2535.100098,8182.5,4084.399902,1563.900024,2534.199951,13.65308666,1
NV,LAS VEGAS,0.431833893,0.356847912,0.507390141,0.427451283,,0.324340582,0.316123068,0.316123068,10.98379993,7.239600182,9.942799568,0.249799997,0,0,0,0.245353386,0,0,0,0,0,0,0,0,0,0,0,0,0,0,0,0,0,0,0,0,0,1,0,0,0,0,0,0,0,0,0,0,0,0,0,0,18326.90039,15935.40039,18326.90039,0,2,1,1,49,0.183673471,27,0.259259254,26,0.269230783,5775.799805,6076,6475.100098,5775.799805,6076,6475.100098,5775.799805,6076,4083.600098,10983.7998,4339.799805,3715.199951,2928.800049,13.72972965,1
KY,LEXINGTON,0.498534203,0.458862096,0.51552999,0.480843097,0.290029228,,0.387965351,0.387965351,0.748300016,0.326400012,13.30690002,0.467000008,0,0,0,0.249997854,0,0,0,0,0,0,0,0,0,0,0,1,0,0,0,0,0,0,0,0,0,0,0,0,0,0,0,0,0,0,0,0,0,0,0,0,8844.700195,2963,11721.7998,1,2,0,1,26,0.07692308,17,0.117647059,12,0.166666672,1670.5,3168.600098,6882.700195,1670.5,3168.600098,4005.600098,743,2127.5,92.5,748.2999878,397.6000061,350.7000122,0,13.65985394,0
AR,LITTLE ROCK-PINE BLUFF,0.477391452,0.48541075,0.541270077,0.505226016,0.291925937,,0.367996037,0.367996037,10.8348999,0,21.87540054,0.551699996,0,0,0,0.24948886,1,0,0,0,0,0,0,0,0,0,0,0,0,0,0,0,0,0,0,0,0,0,0,0,0,0,0,0,0,0,0,0,0,0,0,0,33858.39844,24781,35910.80078,2,1,2,3,63,0.126984134,24,0.166666672,8,0.25,9333.5,11285,15292.2998,9333.5,11285,13239.90039,7870.600098,8937.299805,7973.100098,10834.90039,5056.100098,1872.199951,3906.600098,13.80508232,0
CA,LOS ANGELES,0.537300944,0.496085376,0.578186691,0.545103848,,0.42847839,0.399298906,0.399298906,4.400599957,2.995899916,8.565600395,0.041900001,0,0,0,0.248608634,0,1,0,0,0,0,0,0,0,0,0,0,0,0,0,0,0,0,0,0,0,0,0,0,0,0,0,0,0,0,0,0,0,0,0,0,5181.299805,5181.299805,14129.2998,8,2,5,3,408,0.090686277,238,0.084033616,128,0.09375,924.7999878,4408.299805,8796.200195,924.7999878,2881.800049,1374.699951,924.7999878,2881.800049,1374.699951,4400.600098,857.7999878,2277.399902,1265.400024,16.05508423,0
IN,LOUISVILLE,0.522087455,0.525378942,0.581279218,0.537213147,0.373917401,0.378194213,0.411560535,0.411560535,2.052299976,2.67869997,24.40439987,0.38409999,0.049800001,4.922699928,0,0.249512151,0,0,0,0,0,0,0,0,0,1,0,0,0,0,0,0,0,0,0,0,0,0,0,0,0,0,0,0,0,0,0,0,0,0,0,0,14300.2998,5263.200195,17417.69922,0,0,2,0,16,0.0625,10,0.100000001,10,0.100000001,3613.600098,4344.799805,9459.299805,3613.600098,4344.799805,6341.899902,2144.899902,2846.899902,271.3999939,2052.300049,1432.300049,620,0,12.55220127,0
KY,LOUISVILLE,0.558303833,0.522305846,0.581493676,0.520614088,0.370570898,,0.4065485,0.4065485,2.052299976,2.67869997,24.40439987,0.38409999,0.049800001,4.922699928,0,0.246600658,0,0,0,0,0,0,0,0,0,0,0,1,0,0,0,0,0,0,0,0,0,0,0,0,0,0,0,0,0,0,0,0,0,0,0,0,14300.2998,5263.200195,17417.69922,0,0,2,0,40,0.125,13,0.230769232,3,0.666666687,3613.600098,4344.799805,9459.299805,3613.600098,4344.799805,6341.899902,2144.899902,2846.899902,271.3999939,2052.300049,1432.300049,620,0,13.6516037,0
AR,MEMPHIS,0.402509779,0.41471839,0.489632338,0.441206425,0.246601984,,0.339396,0.339396,7.686900139,4.365499973,1.287199974,0.0308,1.599499941,0,0,0.240495652,1,0,0,0,0,0,0,0,0,0,0,0,0,0,0,0,0,0,0,0,0,0,0,0,0,0,0,0,0,0,0,0,0,0,0,0,8842.299805,8842.299805,8851.299805,0,1,2,0,4,0,3,0,0,0,3775.699951,2258.399902,2817.199951,3766.699951,2258.399902,2817.199951,3766.699951,2258.399902,2817.199951,7686.899902,3766.699951,1113.800049,2806.399902,11.93193817,0
MO,MEMPHIS,0.434097409,0.393558323,0.454545468,0.41447404,,0.320115715,0.285082161,0.285082161,7.686900139,4.365499973,1.287199974,0.0308,1.599499941,0,0,0.245656848,0,0,0,0,0,0,0,0,0,0,0,0,0,0,0,1,0,0,0,0,0,0,0,0,0,0,0,0,0,0,0,0,0,0,0,0,8842.299805,8842.299805,8851.299805,0,1,2,0,0,0,0,0,0,0,3775.699951,2258.399902,2817.199951,3766.699951,2258.399902,2817.199951,3766.699951,2258.399902,2817.199951,7686.899902,3766.699951,1113.800049,2806.399902,9.543951035,1
MS,MEMPHIS,0.470407218,0.459806383,0.536411285,0.516221344,0.110634446,0.28845343,,0.28845343,7.686900139,4.365499973,1.287199974,0.0308,1.599499941,0,0,0.249124274,0,0,0,0,0,0,0,0,0,0,0,0,0,0,0,0,1,0,0,0,0,0,0,0,0,0,0,0,0,0,0,0,0,0,0,0,8842.299805,8842.299805,8851.299805,0,1,2,0,15,0,6,0,0,0,3775.699951,2258.399902,2817.199951,3766.699951,2258.399902,2817.199951,3766.699951,2258.399902,2817.199951,7686.899902,3766.699951,1113.800049,2806.399902,12.45058632,0
TN,MEMPHIS,0.518468678,0.510445654,0.582358539,0.503280163,0.24481836,0.424919575,,0.424919575,7.686900139,4.365499973,1.287199974,0.0308,1.599499941,0,0,0.249658912,0,0,0,0,0,0,0,0,0,0,0,0,0,0,0,0,0,0,0,0,0,0,0,0,0,0,0,0,1,0,0,0,0,0,0,0,8842.299805,8842.299805,8851.299805,0,1,2,0,37,0.189189196,19,0.105263159,14,0.142857149,3775.699951,2258.399902,2817.199951,3766.699951,2258.399902,2817.199951,3766.699951,2258.399902,2817.199951,7686.899902,3766.699951,1113.800049,2806.399902,13.64426708,1
FL,MIAMI-FT LAUDERDALE,0.543325245,0.508793294,0.548360705,0.506171763,,0.385184616,0.329552829,0.329552829,9.901499748,9.244600296,7.580999851,0.057,0,0,0,0.248122931,0,0,0,0,1,0,0,0,0,0,0,0,0,0,0,0,0,0,0,0,0,0,0,0,0,0,0,0,0,0,0,0,0,0,0,0,25449.19922,21473.40039,25467.80078,3,0,2,5,48,0.0625,30,0.06666667,27,0.074074075,6767.299805,8627.200195,10073.2998,6748.700195,8627.200195,10073.2998,6707.799805,8627.200195,6138.399902,9901.5,4251,2400.600098,3249.899902,14.63620663,1
WI,MILWAUKEE,0.67896682,0.581357062,0.695607245,0.631205916,,0.425096214,0.461419493,0.461419493,13.24670029,3.019500017,4.736499786,0.0032,0,0,0,0.217970878,0,0,0,0,0,0,0,0,0,0,0,0,0,0,0,0,0,0,0,0,0,0,0,0,0,0,0,0,0,0,0,0,0,1,0,0,38081.80078,27909.40039,41232.19922,3,1,3,3,97,0.134020612,64,0.171875,27,0.296296299,14251.09961,10813.90039,16167.2002,13861.2998,10813.90039,13406.59961,11915.40039,8274.299805,7719.700195,13246.7002,7663,1954.300049,3629.399902,14.26891804,1
WI,MINNEAPOLIS-ST PAUL,0.644400895,0.565917492,0.689142168,0.649480939,,0.373096734,0.403186351,0.403186351,7.254399776,6.66960001,17.87339973,0,0,0,0,0.229148388,0,0,0,0,0,0,0,0,0,0,0,0,0,0,0,0,0,0,0,0,0,0,0,0,0,0,0,0,0,0,0,0,0,1,0,0,7520.100098,7520.100098,7573.799805,1,1,1,2,11,0.090909094,5,0,2,0,4047.100098,1806.699951,1720,4047.100098,1806.699951,1666.300049,4047.100098,1806.699951,1666.300049,7254.399902,4047.100098,1546.800049,1660.5,12.12401581,1
AL,MOBILE-PENSACOLA,0.501796782,0.481602073,0.549320936,0.479008377,0.364529371,,0.367844909,0.367844909,7.725900173,4.080200195,0.032400001,0.077299997,8.857899666,0,0,0.249996766,0,0,0,0,0,0,0,0,0,0,0,0,0,0,0,0,0,0,0,0,0,0,0,0,0,0,0,0,0,0,0,0,0,0,0,0,19934.19922,16839.80078,19934.19922,0,1,0,0,33,0.060606062,10,0.100000001,10,0.100000001,3925.399902,8114.399902,7894.399902,3925.399902,8114.399902,7894.399902,3925.399902,8114.399902,4800,7725.899902,3132.800049,2311.5,2281.600098,13.08101177,0
FL,MOBILE-PENSACOLA,0.549819887,0.530635417,0.536989868,0.49822554,,0.405757457,0.363493919,0.363493919,7.725900173,4.080200195,0.032400001,0.077299997,8.857899666,0,0,0.247517973,0,0,0,0,1,0,0,0,0,0,0,0,0,0,0,0,0,0,0,0,0,0,0,0,0,0,0,0,0,0,0,0,0,0,0,0,19934.19922,16839.80078,19934.19922,0,1,0,0,18,0.111111112,18,0.111111112,5,0.200000003,3925.399902,8114.399902,7894.399902,3925.399902,8114.399902,7894.399902,3925.399902,8114.399902,4800,7725.899902,3132.800049,2311.5,2281.600098,12.9767065,1
MS,MOBILE-PENSACOLA,0.440210372,0.407917529,0.602375209,0.763933718,,0.295486897,,0.295486897,7.725900173,4.080200195,0.032400001,0.077299997,8.857899666,0,0,0.246425197,0,0,0,0,0,0,0,0,0,0,0,0,0,0,0,0,1,0,0,0,0,0,0,0,0,0,0,0,0,0,0,0,0,0,0,0,19934.19922,16839.80078,19934.19922,0,1,0,0,0,0,0,0,0,0,3925.399902,8114.399902,7894.399902,3925.399902,8114.399902,7894.399902,3925.399902,8114.399902,4800,7725.899902,3132.800049,2311.5,2281.600098,9.218010902,0
KY,NASHVILLE,0.450481057,0.418718547,0.452520609,0.421612769,0.245592058,,0.338680178,0.338680178,8.212300301,2.624200106,6.474999905,0.567600012,0.278299987,0,0,0.24754788,0,0,0,0,0,0,0,0,0,0,0,1,0,0,0,0,0,0,0,0,0,0,0,0,0,0,0,0,0,0,0,0,0,0,0,0,9333.799805,9333.799805,9333.799805,1,1,4,1,8,0,1,0,0,0,4305.600098,2394.399902,2633.800049,4305.600098,2394.399902,2633.800049,4305.600098,2394.399902,2633.800049,8212.299805,4305.600098,1278.599976,2628.100098,11.77870655,0
TN,NASHVILLE,0.501787424,0.478884876,0.519064248,0.451157093,0.190752372,0.383292824,,0.383292824,8.212300301,2.624200106,6.474999905,0.567600012,0.278299987,0,0,0.249996811,0,0,0,0,0,0,0,0,0,0,0,0,0,0,0,0,0,0,0,0,0,0,0,0,0,0,0,0,1,0,0,0,0,0,0,0,9333.799805,9333.799805,9333.799805,1,1,4,1,70,0.171428576,47,0.212765962,23,0.260869563,4305.600098,2394.399902,2633.800049,4305.600098,2394.399902,2633.800049,4305.600098,2394.399902,2633.800049,8212.299805,4305.600098,1278.599976,2628.100098,14.21812153,1
MS,NEW ORLEANS,0.461709023,0.425573409,0.52450031,0.551785588,0.185266361,0.281271875,,0.281271875,3.002399921,0,0.122599997,0.103399999,0,0,0,0.2485338,0,0,0,0,0,0,0,0,0,0,0,0,0,0,0,0,1,0,0,0,0,0,0,0,0,0,0,0,0,0,0,0,0,0,0,0,24829.09961,16254.2998,27437.80078,0,1,4,0,3,0,1,0,1,0,4137.799805,10070.90039,13229.09961,4137.799805,10070.90039,10620.40039,3239.5,7791.100098,5223.700195,3002.399902,711,1187.599976,1103.800049,11.11536884,0
CT,NEW YORK,0.635342419,0.600052178,0.692538142,0.629254222,,0.424148053,0.389303058,0.389303058,0.048700001,13.39850044,9.852700233,0.053300001,0,0,0,0.231682435,0,0,0,1,0,0,0,0,0,0,0,0,0,0,0,0,0,0,0,0,0,0,0,0,0,0,0,0,0,0,0,0,0,0,0,0,80.80000305,77.90000153,5113.799805,3,3,3,13,28,0.071428575,18,0,9,0,2.599999905,1205.599976,3905.600098,2.599999905,17.5,60.70000076,2.599999905,17.5,57.79999924,48.70000076,2.599999905,17.5,28.60000038,13.27563,0
NJ,NEW YORK,0.567968547,0.556828082,0.61129725,0.578690886,0.410721451,0.460782886,,0.460782886,0.048700001,13.39850044,9.852700233,0.053300001,0,0,0,0.245380282,0,0,0,0,0,0,0,0,0,0,0,0,0,0,0,0,0,0,0,0,1,0,0,0,0,0,0,0,0,0,0,0,0,0,0,0,80.80000305,77.90000153,5113.799805,3,3,3,13,189,0.084656082,102,0.098039217,62,0.096774191,2.599999905,1205.599976,3905.600098,2.599999905,17.5,60.70000076,2.599999905,17.5,57.79999924,48.70000076,2.599999905,17.5,28.60000038,15.23800182,0
NY,NEW YORK,0.527202368,0.479404509,0.527996898,0.501523674,,0.35063538,0.351557285,0.351557285,0.048700001,13.39850044,9.852700233,0.053300001,0,0,0,0.249260038,0,0,0,0,0,0,0,0,0,0,0,0,0,0,0,0,0,0,0,0,0,0,1,0,0,0,0,0,0,0,0,0,0,0,0,0,80.80000305,77.90000153,5113.799805,3,3,3,13,344,0.087209299,201,0.109452739,102,0.14705883,2.599999905,1205.599976,3905.600098,2.599999905,17.5,60.70000076,2.599999905,17.5,57.79999924,48.70000076,2.599999905,17.5,28.60000038,15.89834881,0
PA,NEW YORK,0.521504104,0.504462361,0.586943388,0.547416627,,0.341593415,0.312585324,0.312585324,0.048700001,13.39850044,9.852700233,0.053300001,0,0,0,0.249537572,0,0,0,0,0,0,0,0,0,0,0,0,0,0,0,0,0,0,0,0,0,0,0,0,0,0,1,0,0,0,0,0,0,0,0,0,80.80000305,77.90000153,5113.799805,3,3,3,13,1,0,1,0,1,0,2.599999905,1205.599976,3905.600098,2.599999905,17.5,60.70000076,2.599999905,17.5,57.79999924,48.70000076,2.599999905,17.5,28.60000038,10.41319275,1
NC,NORFOLK-PORTSMOUTH-NEWPORT NEWS,0.483251631,0.434116095,0.48658675,0.43915385,0.383495748,,0.317219645,0.317219645,0.0594,15.69789982,8.923100471,0,0,0.334300011,0,0.249719486,0,0,0,0,0,0,0,0,0,0,0,0,0,0,0,0,0,1,0,0,0,0,0,0,0,0,0,0,0,0,0,0,0,0,0,0,68.30000305,68.30000305,8785.200195,0,0,0,0,6,0,6,0,1,0,1284.400024,1523.900024,5976.899902,17.60000038,41.79999924,8.899999619,17.60000038,41.79999924,8.899999619,59.40000153,17.60000038,41.79999924,0,11.62421608,0
VA,NORFOLK-PORTSMOUTH-NEWPORT NEWS,0.486430466,0.445980132,0.493020028,0.44036594,,0.387767822,,0.387767822,0.0594,15.69789982,8.923100471,0,0,0.334300011,0,0.249815866,0,0,0,0,0,0,0,0,0,0,0,0,0,0,0,0,0,0,0,0,0,0,0,0,0,0,0,0,0,0,1,0,0,0,0,0,68.30000305,68.30000305,8785.200195,0,0,0,0,76,0.02631579,33,0.060606062,28,0.035714287,1284.400024,1523.900024,5976.899902,17.60000038,41.79999924,8.899999619,17.60000038,41.79999924,8.899999619,59.40000153,17.60000038,41.79999924,0,13.97930431,0
OK,OKLAHOMA CITY,0.491514236,0.500784278,0.605175912,0.523727655,,0.420681864,0.350905985,0.350905985,0.0134,0,4.722300053,0,0,0,0,0.249927998,0,0,0,0,0,0,0,0,0,0,0,0,0,0,0,0,0,0,0,0,0,0,0,0,1,0,0,0,0,0,0,0,0,0,0,0,17,17,17,0,0,0,0,79,0.012658228,28,0,18,0,1.399999976,1.799999952,13.80000019,1.399999976,1.799999952,13.80000019,1.399999976,1.799999952,13.80000019,13.39999962,1.399999976,1.799999952,10.19999981,13.97303295,0
IA,OMAHA,0.564172506,0.560354769,0.622759402,0.570553184,0.426829606,,0.385103852,0.385103852,1.819900036,14.19169998,3.271300077,0.0002,0,0,0,0.245881885,0,0,0,0,0,0,1,0,0,0,0,0,0,0,0,0,0,0,0,0,0,0,0,0,0,0,0,0,0,0,0,0,0,0,0,0,1819.900024,1819.900024,2187,0,1,0,0,7,0.142857149,7,0.142857149,6,0.166666672,1520.599976,0,666.4000244,1520.599976,0,299.2999878,1520.599976,0,299.2999878,1819.900024,1520.599976,0,299.2999878,11.91788387,1
MO,OMAHA,0.589891076,0.570301414,0.573647022,0.546076834,,0.563972414,0.451788127,0.451788127,1.819900036,14.19169998,3.271300077,0.0002,0,0,0,0.241919592,0,0,0,0,0,0,0,0,0,0,0,0,0,0,0,1,0,0,0,0,0,0,0,0,0,0,0,0,0,0,0,0,0,0,0,0,1819.900024,1819.900024,2187,0,1,0,0,0,0,0,0,0,0,1520.599976,0,666.4000244,1520.599976,0,299.2999878,1520.599976,0,299.2999878,1819.900024,1520.599976,0,299.2999878,8.490233421,1
NE,OMAHA,0.567408383,0.567438185,0.644231141,0.586194456,0.493265718,0.496105134,,0.496105134,1.819900036,14.19169998,3.271300077,0.0002,0,0,0,0.245456114,0,0,0,0,0,0,0,0,0,0,0,0,0,0,0,0,0,0,1,0,0,0,0,0,0,0,0,0,0,0,0,0,0,0,0,0,1819.900024,1819.900024,2187,0,1,0,0,56,0.035714287,29,0.068965517,29,0.068965517,1520.599976,0,666.4000244,1520.599976,0,299.2999878,1520.599976,0,299.2999878,1819.900024,1520.599976,0,299.2999878,13.23065472,0
FL,ORLANDO-DAYTONA BEACH-MELBOURNE,0.525156021,0.486046135,0.528443873,0.442371607,,0.392036498,0.357810378,0.357810378,10.23859978,8.481200218,10.69009972,0.220500007,0,0,0,0.249367177,0,0,0,0,1,0,0,0,0,0,0,0,0,0,0,0,0,0,0,0,0,0,0,0,0,0,0,0,0,0,0,0,0,0,0,0,29475.5,20711.5,31943.69922,6,3,5,10,123,0.056910571,64,0.078125,46,0.108695649,9101.200195,9406.900391,13435.59961,9101.200195,9406.900391,10967.40039,7503,8257.299805,4951.200195,10238.59961,5493.799805,2454.600098,2290.199951,14.56968307,1
NJ,PHILADELPHIA,0.554982662,0.532237828,0.585047483,0.530676067,0.39805761,0.422438353,,0.422438353,9.048999786,15.29800034,6.452600002,0.174199998,0,1.854099989,0,0.246976912,0,0,0,0,0,0,0,0,0,0,0,0,0,0,0,0,0,0,0,0,1,0,0,0,0,0,0,0,0,0,0,0,0,0,0,0,34924.89844,24633.40039,37269.30078,6,5,7,5,71,0.070422538,42,0.071428575,22,0.13636364,12557.09961,10455.40039,14256.7998,12557.09961,10455.40039,11912.40039,10343.40039,8178.600098,6111.399902,9049,4875.299805,1484.800049,2688.899902,14.21993828,0
PA,PHILADELPHIA,0.562577844,0.512385607,0.57825774,0.542291224,,0.380419135,0.324941635,0.324941635,9.048999786,15.29800034,6.452600002,0.174199998,0,1.854099989,0,0.24608402,0,0,0,0,0,0,0,0,0,0,0,0,0,0,0,0,0,0,0,0,0,0,0,0,0,0,1,0,0,0,0,0,0,0,0,0,34924.89844,24633.40039,37269.30078,6,5,7,5,162,0.067901231,106,0.056603774,52,0.07692308,12557.09961,10455.40039,14256.7998,12557.09961,10455.40039,11912.40039,10343.40039,8178.600098,6111.399902,9049,4875.299805,1484.800049,2688.899902,15.05794811,1
MD,PITTSBURGH,0.478618264,0.454629928,0.508937657,0.462905705,,0.365745306,0.366180062,0.366180062,9.414500237,7.577899933,9.507699966,0.602100015,0,0,0,0.249542817,0,0,0,0,0,0,0,0,0,0,0,0,0,1,0,0,0,0,0,0,0,0,0,0,0,0,0,0,0,0,0,0,0,0,0,0,33205,22347.69922,36216,7,2,6,4,1,0,1,0,0,0,9708,9713.5,16794.5,9708,9713.5,13783.5,8180.399902,7318,6849.299805,9414.5,4945.100098,1535.599976,2933.800049,10.01063633,0
PA,PITTSBURGH,0.551613271,0.508213639,0.562192023,0.519932389,,0.417082548,0.335739046,0.335739046,9.414500237,7.577899933,9.507699966,0.602100015,0,0,0,0.247336075,0,0,0,0,0,0,0,0,0,0,0,0,0,0,0,0,0,0,0,0,0,0,0,0,0,0,1,0,0,0,0,0,0,0,0,0,33205,22347.69922,36216,7,2,6,4,119,0.092436977,62,0.112903222,33,0.121212125,9708,9713.5,16794.5,9708,9713.5,13783.5,8180.399902,7318,6849.299805,9414.5,4945.100098,1535.599976,2933.800049,14.56403255,1
WV,PITTSBURGH,0.432459027,0.439293355,0.479492664,0.464236259,,0.291166514,,0.291166514,9.414500237,7.577899933,9.507699966,0.602100015,0,0,0,0.245438218,0,0,0,0,0,0,0,0,0,0,0,0,0,0,0,0,0,0,0,0,0,0,0,0,0,0,0,0,0,0,0,0,0,0,1,0,33205,22347.69922,36216,7,2,6,4,8,0.125,2,0,1,0,9708,9713.5,16794.5,9708,9713.5,13783.5,8180.399902,7318,6849.299805,9414.5,4945.100098,1535.599976,2933.800049,11.37849045,1
NH,PORTLAND-AUBURN,0.65690726,0.620171785,0.700527072,0.631279707,0.39623493,,0.403846771,0.403846771,7.114999771,3.405200005,5.418499947,0,0,1.630499959,0,0.225380108,0,0,0,0,0,0,0,0,0,0,0,0,0,0,0,0,0,0,0,1,0,0,0,0,0,0,0,0,0,0,0,0,0,0,0,0,24403.40039,16308,30919.69922,0,3,1,1,13,0.230769232,8,0.125,8,0.125,4790.799805,8968.299805,17160.59961,4790.799805,8355.799805,11256.7998,3574.699951,7003.100098,5730.200195,7115,2953.800049,1658.099976,2503.100098,10.97808075,1
OR,PORTLAND OR,0.639315188,0.613676071,0.696642697,0.617305458,0.53344506,,0.48144418,0.48144418,11.97640038,2.39470005,6.673299789,0,0,0.238700002,0,0.230591282,0,0,0,0,0,0,0,0,0,0,0,0,0,0,0,0,0,0,0,0,0,0,0,0,0,1,0,0,0,0,0,0,0,0,0,0,34593.80078,26056.59961,37061.39844,2,2,3,4,95,0.063157894,53,0.075471699,31,0.096774191,10063.2998,11278.5,15719.59961,10028.5,11278.5,13286.7998,8636.5,9830.799805,7589.299805,11976.40039,6621.799805,2075.5,3279.100098,14.26210976,1
WA,PORTLAND OR,0.581152439,0.545788348,0.588202357,0.510664284,,0.411887616,0.447477877,0.447477877,11.97640038,2.39470005,6.673299789,0,0,0.238700002,0,0.243414283,0,0,0,0,0,0,0,0,0,0,0,0,0,0,0,0,0,0,0,0,0,0,0,0,0,0,0,0,0,0,0,0,1,0,0,0,34593.80078,26056.59961,37061.39844,2,2,3,4,18,0.111111112,5,0.200000003,0,0,10063.2998,11278.5,15719.59961,10028.5,11278.5,13286.7998,8636.5,9830.799805,7589.299805,11976.40039,6621.799805,2075.5,3279.100098,12.68100166,1
MA,PROVIDENCE-NEW BEDFORD,0.557595372,0.538219512,0.592259586,0.558051109,,0.444173366,,0.444173366,0.245800003,6.758900166,2.591099977,0,0,0,0,0.246682778,0,0,0,0,0,0,0,0,0,0,0,0,1,0,0,0,0,0,0,0,0,0,0,0,0,0,0,0,0,0,0,0,0,0,0,0,248,248,1804.5,0,0,0,0,22,0,8,0,7,0,7.300000191,148.8000031,1648.400024,0.400000006,86.40000153,161.1999969,0.400000006,86.40000153,161.1999969,245.8000031,0.400000006,86.40000153,159,12.84533119,0
NC,RALEIGH-DURHAM,0.502633572,0.470444292,0.500077307,0.424373388,0.398285121,,0.362599701,0.362599701,0.0071,0,5.918900013,0.042300001,0,8.817299843,0,0.249993071,0,0,0,0,0,0,0,0,0,0,0,0,0,0,0,0,0,1,0,0,0,0,0,0,0,0,0,0,0,0,0,0,0,0,0,0,1163.800049,168.3999939,1163.800049,0,0,0,0,119,0.142857149,55,0.200000003,25,0.280000001,3.299999952,3.799999952,1156.699951,3.299999952,3.799999952,1156.699951,3.299999952,3.799999952,161.3000031,7.099999905,3.299999952,3.799999952,0,14.3244524,0
VA,RALEIGH-DURHAM,0.463803887,0.428317815,0.479764193,0.426876962,,0.364178777,,0.364178777,0.0071,0,5.918900013,0.042300001,0,8.817299843,0,0.248689845,0,0,0,0,0,0,0,0,0,0,0,0,0,0,0,0,0,0,0,0,0,0,0,0,0,0,0,0,0,0,1,0,0,0,0,0,1163.800049,168.3999939,1163.800049,0,0,0,0,0,0,0,0,0,0,3.299999952,3.799999952,1156.699951,3.299999952,3.799999952,1156.699951,3.299999952,3.799999952,161.3000031,7.099999905,3.299999952,3.799999952,0,10.13169861,0
VA,RICHMOND-PETERSBURG,0.546237946,0.513072848,0.586795032,0.523931384,,0.461166859,,0.461166859,0.0669,13.09389973,4.317100048,0.0116,0,0,0,0.247862056,0,0,0,0,0,0,0,0,0,0,0,0,0,0,0,0,0,0,0,0,0,0,0,0,0,0,0,0,0,0,1,0,0,0,0,0,72.30000305,72.30000305,7870.899902,0,0,0,0,59,0.101694912,34,0.14705883,18,0.222222224,1227.199951,1570.800049,5072.899902,21.10000038,45.79999924,5.400000095,21.10000038,45.79999924,5.400000095,66.90000153,21.10000038,45.79999924,0,13.76843071,0
VA,ROANOKE-LYNCHBURG,0.506888628,0.484050035,0.519979537,0.4744609,,0.425680816,,0.425680816,0.065899998,8.904600143,2.453000069,0.0407,0,0,0,0.24995254,0,0,0,0,0,0,0,0,0,0,0,0,0,0,0,0,0,0,0,0,0,0,0,0,0,0,0,0,0,0,1,0,0,0,0,0,67.69999695,67.69999695,7725.899902,0,0,0,0,52,0.096153848,41,0.073170729,21,0.047619049,1179.800049,1551.099976,4995,16.5,49.40000153,1.799999952,16.5,49.40000153,1.799999952,65.90000153,16.5,49.40000153,0,13.60438061,0
WV,ROANOKE-LYNCHBURG,0.482063413,0.492445678,0.544373393,0.56461072,,0.430985272,,0.430985272,0.065899998,8.904600143,2.453000069,0.0407,0,0,0,0.249678284,0,0,0,0,0,0,0,0,0,0,0,0,0,0,0,0,0,0,0,0,0,0,0,0,0,0,0,0,0,0,0,0,0,0,1,0,67.69999695,67.69999695,7725.899902,0,0,0,0,0,0,0,0,0,0,1179.800049,1551.099976,4995,16.5,49.40000153,1.799999952,16.5,49.40000153,1.799999952,65.90000153,16.5,49.40000153,0,8.880724907,1
NY,ROCHESTER NY,0.598044634,0.578880727,0.638235092,0.582173884,,0.458176553,0.425052524,0.425052524,0,8.856399536,1.104400039,0.052299999,0.0008,0,0,0.240387246,0,0,0,0,0,0,0,0,0,0,0,0,0,0,0,0,0,0,0,0,0,0,1,0,0,0,0,0,0,0,0,0,0,0,0,0,0,0,8802.799805,0,0,0,0,37,0.054054055,18,0.055555556,17,0.05882353,0,2641.100098,6161.700195,0,0,0,0,0,0,0,0,0,0,13.50706005,0
CA,SACRAMENTO-STOCKTON-MODESTO,0.552925944,0.530499458,0.603375852,0.540881097,,0.467761308,0.45244351,0.45244351,3.732599974,2.328299999,0.0296,0.0102,0,0,0,0.24719885,0,1,0,0,0,0,0,0,0,0,0,0,0,0,0,0,0,0,0,0,0,0,0,0,0,0,0,0,0,0,0,0,0,0,0,0,9115.200195,7410.899902,18452.59961,0,2,0,0,122,0.106557377,83,0.108433738,54,0.09259259,1089.199951,5563.600098,11799.7998,931.9000244,3822.199951,4361.100098,931.9000244,3822.199951,2656.800049,3732.600098,931.9000244,1939.199951,861.5,14.54301167,0
ID,SALT LAKE CITY,0.641596079,0.651239693,0.734333634,0.791161239,0.504906714,,0.48637265,0.48637265,0.022500001,0.875500023,8.734100342,0.157499999,0,1.594499946,0,0.229950547,0,0,0,0,0,0,0,1,0,0,0,0,0,0,0,0,0,0,0,0,0,0,0,0,0,0,0,0,0,0,0,0,0,0,0,0,36.59999847,36.59999847,37,0,0,0,0,1,0,1,0,0,0,6.300000191,14.80000019,15.89999962,6.300000191,14.80000019,15.5,6.300000191,14.80000019,15.5,22.5,6.300000191,14.80000019,1.399999976,9.542087555,0
NV,SALT LAKE CITY,0.507458866,0.474374741,0.525365591,0.429550111,,0.422953933,0.398884773,0.398884773,0.022500001,0.875500023,8.734100342,0.157499999,0,1.594499946,0,0.249944359,0,0,0,0,0,0,0,0,0,0,0,0,0,0,0,0,0,0,0,0,0,1,0,0,0,0,0,0,0,0,0,0,0,0,0,0,36.59999847,36.59999847,37,0,0,0,0,2,0,2,0,0,0,6.300000191,14.80000019,15.89999962,6.300000191,14.80000019,15.5,6.300000191,14.80000019,15.5,22.5,6.300000191,14.80000019,1.399999976,10.46095848,1
WY,SALT LAKE CITY,0.603134215,0.611085057,0.59740144,0.545303404,,0.631003857,,0.631003857,0.022500001,0.875500023,8.734100342,0.157499999,0,1.594499946,0,0.239363328,0,0,0,0,0,0,0,0,0,0,0,0,0,0,0,0,0,0,0,0,0,0,0,0,0,0,0,0,0,0,0,0,0,0,0,1,36.59999847,36.59999847,37,0,0,0,0,1,0,0,0,0,0,6.300000191,14.80000019,15.89999962,6.300000191,14.80000019,15.5,6.300000191,14.80000019,15.5,22.5,6.300000191,14.80000019,1.399999976,10.68388939,0
TX,SAN ANTONIO,0.470066071,0.435852259,0.51915437,0.505122542,0.293888807,0.326452404,,0.326452404,0,1.908300042,0.593599975,0.0062,0,0,0,0.249103963,0,0,0,0,0,0,0,0,0,0,0,0,0,0,0,0,0,0,0,0,0,0,0,0,0,0,0,0,0,1,0,0,0,0,0,0,0,0,0,0,0,0,0,64,0.03125,37,0.054054055,10,0.100000001,0,0,0,0,0,0,0,0,0,0,0,0,0,14.1132164,0
CA,SAN DIEGO,0.536126852,0.509049237,0.585316718,0.531794608,,0.431422472,0.417053849,0.417053849,3.142800093,0.946799994,13.48099995,0.0012,0.690500021,0,0,0.248694852,0,1,0,0,0,0,0,0,0,0,0,0,0,0,0,0,0,0,0,0,0,0,0,0,0,0,0,0,0,0,0,0,0,0,0,0,7747.799805,6139.899902,11719.7002,2,1,0,1,88,0.102272727,46,0.108695649,30,0.166666672,698.9000244,4554.299805,6466.5,698.9000244,3274.5,3774.399902,698.9000244,3274.5,2166.5,3142.800049,698.9000244,1648.900024,795,14.39664936,0
CA,SAN FRANCISCO-OAKLAND-SAN JOSE,0.585349381,0.563587606,0.648929119,0.590010583,,0.484292299,0.462157637,0.462157637,1.612100005,0.998700023,2.377899885,0.0003,1.9375,0,0,0.242715478,0,1,0,0,0,0,0,0,0,0,0,0,0,0,0,0,0,0,0,0,0,0,0,0,0,0,0,0,0,0,0,0,0,0,0,0,1616.5,1614.099976,7035,2,1,3,1,234,0.102564104,132,0.106060609,72,0.138888896,548.2999878,1574.800049,4911.899902,539.2999878,361.2000122,716,539.2999878,361.2000122,713.5999756,1612.099976,539.2999878,361.2000122,711.5999756,15.23908901,0
WA,SEATTLE-TACOMA,0.622098625,0.602023125,0.655098975,0.568372548,,0.453926384,0.49002403,0.49002403,7.348199844,10.32820034,12.54759979,0,0,1.843299985,0,0.235091925,0,0,0,0,0,0,0,0,0,0,0,0,0,0,0,0,0,0,0,0,0,0,0,0,0,0,0,0,0,0,0,0,1,0,0,0,30028.30078,20097.5,44567.39844,3,2,1,3,172,0.133720934,98,0.193877548,69,0.231884062,10094.2998,10840,23633.09961,8895.299805,8941.400391,12191.59961,7512.399902,6663.600098,5921.5,7348.200195,3740.399902,1156.199951,2451.600098,14.90502357,1
ID,SPOKANE,0.56216073,0.607338309,0.656774938,0.608400762,0.408950448,,0.432746947,0.432746947,7.377299786,8.101099968,7.426499844,0.0251,0,2.817899942,0,0.246136039,0,0,0,0,0,0,0,1,0,0,0,0,0,0,0,0,0,0,0,0,0,0,0,0,0,0,0,0,0,0,0,0,0,0,0,0,23204.40039,17970.90039,33476,1,1,1,0,10,0,7,0,3,0,7392.799805,9821.099609,16262.09961,6217.700195,8243,8743.700195,6217.700195,7245.899902,4507.299805,7377.299805,4272.299805,1456.199951,1648.800049,12.23449039,0
OR,SPOKANE,0.786879241,0.812686741,0.796045184,0.707934201,0.640118778,,0.592866957,0.592866957,7.377299786,8.101099968,7.426499844,0.0251,0,2.817899942,0,0.167700306,0,0,0,0,0,0,0,0,0,0,0,0,0,0,0,0,0,0,0,0,0,0,0,0,0,1,0,0,0,0,0,0,0,0,0,0,23204.40039,17970.90039,33476,1,1,1,0,0,0,0,0,0,0,7392.799805,9821.099609,16262.09961,6217.700195,8243,8743.700195,6217.700195,7245.899902,4507.299805,7377.299805,4272.299805,1456.199951,1648.800049,8.604654312,1
WA,SPOKANE,0.571420252,0.560287237,0.620169163,0.556451201,,0.515463889,0.441845238,0.441845238,7.377299786,8.101099968,7.426499844,0.0251,0,2.817899942,0,0.244899154,0,0,0,0,0,0,0,0,0,0,0,0,0,0,0,0,0,0,0,0,0,0,0,0,0,0,0,0,0,0,0,0,1,0,0,0,23204.40039,17970.90039,33476,1,1,1,0,29,0.137931034,27,0.148148149,14,0,7392.799805,9821.099609,16262.09961,6217.700195,8243,8743.700195,6217.700195,7245.899902,4507.299805,7377.299805,4272.299805,1456.199951,1648.800049,13.08419991,1
IL,ST LOUIS,0.567218006,0.536478162,0.616502106,0.560184062,0.416594714,,0.398786157,0.398786157,9.890399933,5.167900085,10.0855999,0.066,0,6.034599781,0,0.245481744,0,0,0,0,0,0,0,0,1,0,0,0,0,0,0,0,0,0,0,0,0,0,0,0,0,0,0,0,0,0,0,0,0,0,0,0,36262.80078,26491.90039,41700.10156,4,1,6,2,32,0.15625,20,0.150000006,9,0.333333343,14798.40039,10136.59961,16765.09961,14461.7002,10136.59961,11664.5,12356.59961,7889.799805,6245.5,9890.400391,5917,1337.5,2635.899902,13.32536507,0
MO,ST LOUIS,0.602978766,0.561605811,0.648557127,0.585251093,,0.464858681,0.399249613,0.399249613,9.890399933,5.167900085,10.0855999,0.066,0,6.034599781,0,0.23939538,0,0,0,0,0,0,0,0,0,0,0,0,0,0,0,1,0,0,0,0,0,0,0,0,0,0,0,0,0,0,0,0,0,0,0,0,36262.80078,26491.90039,41700.10156,4,1,6,2,65,0.107692309,28,0.107142858,4,0,14798.40039,10136.59961,16765.09961,14461.7002,10136.59961,11664.5,12356.59961,7889.799805,6245.5,9890.400391,5917,1337.5,2635.899902,14.26426983,1
NY,SYRACUSE,0.580075502,0.548231304,0.601013422,0.546147704,,0.44437784,0.413064033,0.413064033,0.083099999,9.165100098,0.5079,0,0,0,0,0.243587911,0,0,0,0,0,0,0,0,0,0,0,0,0,0,0,0,0,0,0,0,0,0,1,0,0,0,0,0,0,0,0,0,0,0,0,0,85.59999847,85.59999847,7904.600098,0,0,0,0,48,0.083333336,21,0.142857149,21,0.142857149,0.800000012,2764.5,5139.299805,0.800000012,82.30000305,2.5,0.800000012,82.30000305,2.5,83.09999847,0.800000012,82.30000305,0,13.63765144,0
FL,TAMPA-ST PETERSBURG-SARASOTA,0.548399687,0.52006042,0.563586354,0.487478822,,0.435039461,0.382611364,0.382611364,11.32019997,8.851900101,9.15019989,0.0135,0.576900005,0,0,0.247657463,0,0,0,0,1,0,0,0,0,0,0,0,0,0,0,0,0,0,0,0,0,0,0,0,0,0,0,0,0,0,0,0,0,0,0,0,29881.40039,20909.59961,32425.30078,10,2,8,1,133,0.135338351,63,0.206349209,34,0.323529422,8992.599609,9249.5,14183.2002,8985.099609,9218.700195,11677.59961,7504.200195,8233.5,5171.899902,11320.2002,6572.399902,2184.800049,2563,14.82510281,1
MI,TOLEDO,0.552709579,0.512552261,0.592419922,0.521243751,0.370320767,0.390639484,,0.390639484,4.040999889,2.192199945,0.121399999,0,9.171199799,0,0,0.247221693,0,0,0,0,0,0,0,0,0,0,0,0,0,0,1,0,0,0,0,0,0,0,0,0,0,0,0,0,0,0,0,0,0,0,0,0,28311.30078,17889,34011.19922,1,1,0,1,1,0,0,0,0,0,6986.799805,11727.5,15296.90039,6986.799805,10444.40039,10880.09961,5491.5,7955.299805,4442.200195,4041,1951.5,1567.400024,522.0999756,11.19187927,1
OH,TOLEDO,0.581229329,0.566636682,0.626007378,0.563142717,,0.412962794,0.414434165,0.414434165,4.040999889,2.192199945,0.121399999,0,9.171199799,0,0,0.243401796,0,0,0,0,0,0,0,0,0,0,0,0,0,0,0,0,0,0,0,0,0,0,0,1,0,0,0,0,0,0,0,0,0,0,0,0,28311.30078,17889,34011.19922,1,1,0,1,41,0.097560972,11,0.181818187,1,0,6986.799805,11727.5,15296.90039,6986.799805,10444.40039,10880.09961,5491.5,7955.299805,4442.200195,4041,1951.5,1567.400024,522.0999756,13.51810551,1
KS,TULSA,0.516563058,0.526952863,0.567135453,0.510479569,0.41980955,,0.36760959,0.36760959,0.0004,0,14.15260029,0,0,0,0,0.24972567,0,0,0,0,0,0,0,0,0,0,1,0,0,0,0,0,0,0,0,0,0,0,0,0,0,0,0,0,0,0,0,0,0,0,0,0,4.699999809,4.699999809,4.699999809,0,0,0,0,1,0,1,0,1,0,0.400000006,0,4.300000191,0.400000006,0,4.300000191,0.400000006,0,4.300000191,0.400000006,0.400000006,0,0,10.3171854,0
OK,TULSA,0.523076475,0.522442758,0.617729366,0.545487642,,0.423286319,0.359342664,0.359342664,0.0004,0,14.15260029,0,0,0,0,0.249467477,0,0,0,0,0,0,0,0,0,0,0,0,0,0,0,0,0,0,0,0,0,0,0,0,1,0,0,0,0,0,0,0,0,0,0,0,4.699999809,4.699999809,4.699999809,0,0,0,0,42,0.071428575,34,0.088235296,21,0.095238097,0.400000006,0,4.300000191,0.400000006,0,4.300000191,0.400000006,0,4.300000191,0.400000006,0.400000006,0,0,13.701478,0
MD,WASHINGTON DC-HAGERSTOWN,0.572681069,0.523889542,0.58060658,0.521190822,,0.384817243,0.418683946,0.418683946,0.0037,12.94869995,5.294000149,0.118199997,0,0,0,0.244717464,0,0,0,0,0,0,0,0,0,0,0,0,0,1,0,0,0,0,0,0,0,0,0,0,0,0,0,0,0,0,0,0,0,0,0,0,854.5999756,540.5,4944,0,0,2,0,100,0.109999999,54,0.148148149,36,0.166666672,2040.5,1183.699951,1719.800049,846.7000122,2.599999905,5.300000191,532.5999756,2.599999905,5.300000191,3.700000048,1.100000024,2.599999905,0,14.26200294,0
PA,WASHINGTON DC-HAGERSTOWN,0.503760517,0.472318709,0.477486581,0.444532335,,0.358788937,0.321398944,0.321398944,0.0037,12.94869995,5.294000149,0.118199997,0,0,0,0.249985859,0,0,0,0,0,0,0,0,0,0,0,0,0,0,0,0,0,0,0,0,0,0,0,0,0,0,1,0,0,0,0,0,0,0,0,0,854.5999756,540.5,4944,0,0,2,0,3,0,0,0,0,0,2040.5,1183.699951,1719.800049,846.7000122,2.599999905,5.300000191,532.5999756,2.599999905,5.300000191,3.700000048,1.100000024,2.599999905,0,11.58708668,1
VA,WASHINGTON DC-HAGERSTOWN,0.625951409,0.558168232,0.614704728,0.550209105,,0.47107026,,0.47107026,0.0037,12.94869995,5.294000149,0.118199997,0,0,0,0.234136239,0,0,0,0,0,0,0,0,0,0,0,0,0,0,0,0,0,0,0,0,0,0,0,0,0,0,0,0,0,0,1,0,0,0,0,0,854.5999756,540.5,4944,0,0,2,0,104,0.115384616,51,0.117647059,34,0.117647059,2040.5,1183.699951,1719.800049,846.7000122,2.599999905,5.300000191,532.5999756,2.599999905,5.300000191,3.700000048,1.100000024,2.599999905,0,14.23802853,0
WV,WASHINGTON DC-HAGERSTOWN,0.443980008,0.434619308,0.478437424,0.452696681,,0.297840238,,0.297840238,0.0037,12.94869995,5.294000149,0.118199997,0,0,0,0.246861756,0,0,0,0,0,0,0,0,0,0,0,0,0,0,0,0,0,0,0,0,0,0,0,0,0,0,0,0,0,0,0,0,0,0,1,0,854.5999756,540.5,4944,0,0,2,0,7,0,4,0,2,0,2040.5,1183.699951,1719.800049,846.7000122,2.599999905,5.300000191,532.5999756,2.599999905,5.300000191,3.700000048,1.100000024,2.599999905,0,11.94051743,1
FL,WEST PALM BEACH-FT PIERCE,0.553508997,0.548082113,0.596190631,0.522017837,,0.447854489,0.39758873,0.39758873,9.634200096,8.183799744,10.94449997,0.063000001,0,0,0,0.247136787,0,0,0,0,1,0,0,0,0,0,0,0,0,0,0,0,0,0,0,0,0,0,0,0,0,0,0,0,0,0,0,0,0,0,0,0,29712.09961,20957,32096.40039,3,2,0,0,66,0.121212125,41,0.146341458,15,0.333333343,9110.700195,9766.700195,13219,9110.700195,9766.700195,10834.7002,7898.200195,8560.400391,4498.399902,9634.200195,5395.600098,2501.100098,1737.5,13.94917011,1
KS,WICHITA-HUTCHINSON,0.547838569,0.585312843,0.645261109,0.573987305,0.4636361,,0.383150458,0.383150458,0,0,3.798599958,0.0131,0,0,0,0.247711465,0,0,0,0,0,0,0,0,0,0,1,0,0,0,0,0,0,0,0,0,0,0,0,0,0,0,0,0,0,0,0,0,0,0,0,0,0,0,9.899999619,0,0,0,0,40,0.100000001,38,0.105263159,16,0.125,9.899999619,0,0,0,0,0,0,0,0,0,0,0,0,13.60288525,0
PA,WILKES BARRE-SCRANTON,0.491695732,0.45852235,0.508482039,0.465708971,,0.365448147,0.322576404,0.322576404,10.06389999,6.297399998,19.24650002,0.598399997,0,0,0,0.249931037,0,0,0,0,0,0,0,0,0,0,0,0,0,0,0,0,0,0,0,0,0,0,0,0,0,0,1,0,0,0,0,0,0,0,0,0,38730.80078,24871,41218.89844,2,4,6,0,66,0.121212125,27,0.148148149,14,0.214285716,12145.2998,12285.5,16788.09961,12145.2998,12285.5,14300,9246.200195,8874,6750.799805,10063.90039,5228.600098,1739.900024,3095.399902,13.94480991,1
