year,cc,qxfemale,invertedplc,exfemale,qxmale,exmale,country,rgdpe,pop,hc,rpcgdp,qxall
1950.0,AUS,0.12208,1.999,14.8,0.19257,12.26,Australia,96788.3,8.31187,2.66941,11644.6,0.157325
1951.0,AUS,0.12142,1.80064,14.7,0.19772,12.12,Australia,90027.6,8.55645,2.68243,10521.6,0.15957
1952.0,AUS,0.12088,1.76394,14.91,0.19856,12.22,Australia,89120.6,8.73803,2.6955,10199.2,0.15972
1953.0,AUS,0.11432,1.80128,15.15,0.18689,12.49,Australia,98327.9,8.90564,2.70864,11041.1,0.150605
1954.0,AUS,0.1141,1.76687,15.13,0.18725,12.32,Australia,104491.0,9.11285,2.72185,11466.3,0.150675
1955.0,AUS,0.11412,1.7391,15.3,0.19351,12.37,Australia,108197.0,9.32706,2.73512,11600.3,0.15381499999999998
1956.0,AUS,0.11524,1.777,15.01,0.1905,12.15,Australia,110975.0,9.55179,2.7469,11618.2,0.15287
1957.0,AUS,0.11253,1.71276,15.39,0.18991,12.46,Australia,110921.0,9.76489,2.75874,11359.2,0.15122
1958.0,AUS,0.1044,1.59916,15.77,0.18536,12.69,Australia,117959.0,9.96868,2.77063,11833.0,0.14488
1959.0,AUS,0.10709,1.59488,15.52,0.19757,12.24,Australia,126596.0,10.1863,2.78256,12428.1,0.15233
1960.0,AUS,0.10784,1.56211,15.76,0.19053,12.51,Australia,128030.0,10.4171,2.79455,12290.4,0.149185
1961.0,AUS,0.10392,1.57537,15.92,0.1872,12.59,Australia,131819.0,10.6559,2.80676,12370.5,0.14556
1962.0,AUS,0.10321,1.55006,15.77,0.1892,12.44,Australia,139235.0,10.8531,2.81902,12829.0,0.146205
1963.0,AUS,0.10117,1.54025,15.91,0.19315,12.42,Australia,151180.0,11.0607,2.83134,13668.2,0.14715999999999999
1964.0,AUS,0.10366,1.52826,15.62,0.19473,12.15,Australia,157606.0,11.2787,2.8437,13973.7,0.149195
1965.0,AUS,0.1034,1.51073,15.87,0.1942,12.3,Australia,160406.0,11.501,2.85612,13947.1,0.14880000000000002
1966.0,AUS,0.10758,1.5123,15.61,0.19873,12.07,Australia,170950.0,11.7179,2.87747,14588.8,0.15315499999999999
1967.0,AUS,0.10088,1.56306,16.05,0.19808,12.3,Australia,177936.0,11.9362,2.89898,14907.3,0.14948
1968.0,AUS,0.10596,1.51867,15.65,0.19955,11.96,Australia,191941.0,12.1669,2.92065,15775.7,0.152755
1969.0,AUS,0.10471,1.55371,16.08,0.19936,12.28,Australia,206599.0,12.4461,2.94248,16599.6,0.152035
1970.0,AUS,0.10586,1.48996,15.73,0.20388,11.98,Australia,213211.0,12.7284,2.96448,16750.9,0.15487
1971.0,AUS,0.09681,1.47687,16.15,0.18645,12.47,Australia,220372.0,12.9878,2.99286,16967.6,0.14163
1972.0,AUS,0.09456,1.48567,16.48,0.18085,12.61,Australia,231515.0,13.2369,3.02152,17490.2,0.13770500000000002
1973.0,AUS,0.09084,1.45788,16.58,0.18267,12.67,Australia,251226.0,13.4722,3.05045,18647.8,0.13675500000000002
1974.0,AUS,0.09598,1.44543,16.42,0.18108,12.53,Australia,244552.0,13.6903,3.07966,17863.2,0.13853
1975.0,AUS,0.08989,1.49261,17.07,0.17081,13.12,Australia,245592.0,13.8897,3.10915,17681.6,0.13035
1976.0,AUS,0.08882,1.47483,16.93,0.17351,12.88,Australia,255756.0,14.068,3.13817,18180.0,0.131165
1977.0,AUS,0.08313,1.4995,17.43,0.16705,13.38,Australia,257571.0,14.2279,3.16746,18103.2,0.12509
1978.0,AUS,0.08109,1.47985,17.67,0.16317,13.5,Australia,270855.0,14.3796,3.19703,18836.1,0.12213
1979.0,AUS,0.07777,1.4771,17.98,0.15734,13.77,Australia,280526.0,14.5368,3.22687,19297.6,0.117555
1980.0,AUS,0.0768,1.48757,17.99,0.15617,13.74,Australia,289872.0,14.7099,3.25699,19705.9,0.116485
1981.0,AUS,0.07584,1.47125,18.18,0.1507,13.86,Australia,304014.0,14.9016,3.25701,20401.4,0.11327000000000001
1982.0,AUS,0.0774,1.48996,17.94,0.15355,13.7,Australia,296617.0,15.1097,3.25703,19630.9,0.115475
1983.0,AUS,0.07329,1.51256,18.45,0.14325,14.26,Australia,314047.0,15.3328,3.25705,20482.0,0.10826999999999999
1984.0,AUS,0.07208,1.50302,18.59,0.13568,14.5,Australia,326957.0,15.5679,3.25708,21001.9,0.10388
1985.0,AUS,0.07168,1.55586,18.13,0.13948,14.21,Australia,336513.0,15.8121,3.2571,21282.0,0.10558
1986.0,AUS,0.07347,1.60606,18.55,0.13376,14.66,Australia,343363.0,16.0665,3.25985,21371.4,0.10361499999999998
1987.0,AUS,0.06801,1.82781,18.66,0.13219,14.66,Australia,370375.0,16.3304,3.26261,22680.1,0.1001
1988.0,AUS,0.06769,2.22549,18.75,0.12852,14.75,Australia,397921.0,16.5961,3.26537,23976.8,0.098105
1989.0,AUS,0.06726,1.79936,18.59,0.12939,14.64,Australia,414880.0,16.8537,3.26813,24616.5,0.098325
1990.0,AUS,0.06519,1.81833,19.04,0.12374,15.19,Australia,411221.0,17.0962,3.2709,24053.4,0.094465
1991.0,AUS,0.06344,1.82237,19.31,0.11799,15.44,Australia,412705.0,17.3206,3.27444,23827.4,0.09071499999999999
1992.0,AUS,0.06162,1.83612,19.23,0.11856,15.36,Australia,429406.0,17.5295,3.27798,24496.2,0.09009
1993.0,AUS,0.05946,1.90662,19.58,0.11295,15.7,Australia,447859.0,17.7274,3.28153,25263.6,0.086205
1994.0,AUS,0.06015,2.24378,19.45,0.11287,15.59,Australia,472789.0,17.9218,3.28508,26380.7,0.08651
1995.0,AUS,0.05799,1.89127,19.74,0.10685,15.99,Australia,497592.0,18.1184,3.28864,27463.3,0.08242
1996.0,AUS,0.05533,1.84104,19.78,0.10388,16.0,Australia,520376.0,18.3196,3.29254,28405.4,0.079605
1997.0,AUS,0.05512,1.89767,19.91,0.10008,16.31,Australia,545993.0,18.5252,3.29644,29473.1,0.0776
1998.0,AUS,0.05068,1.92421,20.34,0.0949,16.64,Australia,570333.0,18.7349,3.30034,30442.3,0.07279
1999.0,AUS,0.0484,2.15607,20.48,0.09027,16.88,Australia,599694.0,18.9479,3.30425,31649.7,0.06933500000000001
2000.0,AUS,0.0486,2.12994,20.67,0.08525,17.17,Australia,609590.0,19.1644,3.30817,31808.6,0.066925
2001.0,AUS,0.04652,1.92507,20.85,0.08223,17.45,Australia,632604.0,19.3822,3.31305,32638.4,0.064375
2002.0,AUS,0.0472,1.93721,20.75,0.07997,17.43,Australia,652606.0,19.6041,3.31795,33289.4,0.063585
2003.0,AUS,0.04492,1.99502,21.09,0.07822,17.77,Australia,680181.0,19.8401,3.32285,34283.1,0.06157
2004.0,AUS,0.04473,2.07759,21.26,0.07449,18.0,Australia,701684.0,20.1038,3.32776,34903.0,0.059609999999999996
2005.0,AUS,0.0414,2.10375,21.6,0.07242,18.47,Australia,724453.0,20.4035,3.33267,35506.3,0.05691
2006.0,AUS,0.03939,2.27389,21.66,0.06914,18.58,Australia,748248.0,20.7443,3.34377,36070.1,0.054264999999999994
2007.0,AUS,0.04037,2.28041,21.67,0.06955,18.66,Australia,771516.0,21.12,3.35489,36530.1,0.05496
2008.0,AUS,0.03982,2.12994,21.54,0.06816,18.59,Australia,778926.0,21.5138,3.36606,36205.8,0.053989999999999996
2009.0,AUS,0.03845,2.07991,21.99,0.06478,19.05,Australia,790209.0,21.9023,3.37726,36078.8,0.051615
1950.0,CAN,0.12417,1.81566,14.99,0.16712,13.3,Canada,135857.0,13.9901,2.45929,9710.96,0.145645
1951.0,CAN,0.11812,1.80645,14.99,0.16284,13.36,Canada,140928.0,14.3088,2.47692,9849.0,0.14048
1952.0,CAN,0.11288,1.7837,15.47,0.16447,13.52,Canada,154104.0,14.7631,2.49468,10438.5,0.138675
1953.0,CAN,0.11442,1.7776,15.41,0.16248,13.52,Canada,161855.0,15.1602,2.51256,10676.3,0.13845000000000002
1954.0,CAN,0.10885,1.7722,15.82,0.16123,13.7,Canada,160896.0,15.6124,2.53057,10305.6,0.13504
1955.0,CAN,0.10703,1.81169,15.78,0.16493,13.48,Canada,176321.0,16.0259,2.54872,11002.3,0.13598
1956.0,CAN,0.10559,1.77519,15.78,0.16446,13.5,Canada,191497.0,16.42,2.5665,11662.4,0.135025
1957.0,CAN,0.10993,1.75188,15.85,0.17033,13.41,Canada,195052.0,16.9842,2.58069,11484.3,0.14013
1958.0,CAN,0.1043,1.7326,16.08,0.16599,13.6,Canada,198639.0,17.4354,2.59496,11392.9,0.13514500000000002
1959.0,CAN,0.10432,1.7148,15.88,0.16581,13.43,Canada,207771.0,17.8448,2.6093,11643.2,0.135065
1960.0,CAN,0.10152,1.70126,16.18,0.1619,13.57,Canada,214454.0,18.2389,2.62373,11758.0,0.13171
1961.0,CAN,0.10196,1.69396,16.31,0.16389,13.59,Canada,222060.0,18.6066,2.63465,11934.5,0.13292500000000002
1962.0,CAN,0.0986,1.65402,16.41,0.16163,13.64,Canada,235934.0,18.9569,2.64563,12445.8,0.13011499999999998
1963.0,CAN,0.09815,1.63735,16.33,0.16306,13.54,Canada,247613.0,19.3134,2.65665,12820.8,0.130605
1964.0,CAN,0.09554,1.65147,16.72,0.16231,13.68,Canada,264888.0,19.681,2.66771,13459.0,0.128925
1965.0,CAN,0.09283,1.65062,16.7,0.16369,13.56,Canada,282778.0,20.0405,2.67882,14110.3,0.12825999999999999
1966.0,CAN,0.09312,1.62422,16.9,0.16599,13.63,Canada,301329.0,20.4173,2.69551,14758.5,0.129555
1967.0,CAN,0.09028,1.60901,17.15,0.16562,13.73,Canada,310164.0,20.7881,2.7123,14920.3,0.12795
1968.0,CAN,0.08955,1.61275,17.14,0.16905,13.61,Canada,324376.0,21.1109,2.7292,15365.4,0.1293
1969.0,CAN,0.08833,1.5988,17.32,0.16872,13.69,Canada,340907.0,21.4154,2.7462,15918.8,0.128525
1970.0,CAN,0.08765,1.57208,17.5,0.16639,13.76,Canada,348874.0,21.7169,2.7633,16064.7,0.12702000000000002
1971.0,CAN,0.08305,1.54585,17.63,0.1596,13.89,Canada,366836.0,22.0484,2.78441,16637.7,0.12132499999999999
1972.0,CAN,0.08367,1.57045,17.58,0.16361,13.78,Canada,388952.0,22.3441,2.80568,17407.4,0.12364
1973.0,CAN,0.08069,1.58685,17.74,0.15906,13.87,Canada,422344.0,22.6147,2.82711,18675.7,0.11987500000000001
1974.0,CAN,0.08256,1.59809,17.72,0.15995,13.84,Canada,446767.0,22.8767,2.84871,19529.4,0.121255
1975.0,CAN,0.08193,1.6215,17.96,0.15704,13.97,Canada,450870.0,23.1423,2.87047,19482.6,0.11948500000000001
1976.0,CAN,0.07989,1.57637,18.09,0.15356,14.02,Canada,479135.0,23.4161,2.88929,20461.8,0.116725
1977.0,CAN,0.07772,1.56948,18.39,0.15249,14.23,Canada,490084.0,23.6952,2.90824,20682.8,0.11510499999999999
1978.0,CAN,0.07605,1.57937,18.57,0.14999,14.35,Canada,504809.0,23.9756,2.92731,21055.1,0.11302000000000001
1979.0,CAN,0.07491,1.61996,18.8,0.14752,14.54,Canada,530998.0,24.2506,2.94651,21896.2,0.11121500000000001
1980.0,CAN,0.07433,1.63492,18.74,0.14618,14.49,Canada,541995.0,24.5163,2.96584,22107.6,0.11025499999999999
1981.0,CAN,0.07369,1.61843,19.0,0.14272,14.67,Canada,555764.0,24.7698,2.95921,22437.1,0.10820500000000001
1982.0,CAN,0.0734,1.78678,18.9,0.14245,14.61,Canada,534759.0,25.016,2.9526,21376.7,0.107925
1983.0,CAN,0.0724,1.70721,19.07,0.13909,14.78,Canada,555292.0,25.267,2.946,21977.0,0.105745
1984.0,CAN,0.06991,1.78247,19.22,0.13456,14.92,Canada,592087.0,25.5389,2.93942,23183.8,0.102235
1985.0,CAN,0.06969,1.78125,19.17,0.1349,14.84,Canada,624416.0,25.8426,2.93285,24162.3,0.102295
1986.0,CAN,0.06881,1.76805,19.14,0.13215,14.96,Canada,639136.0,26.1831,2.94886,24410.2,0.10047999999999999
1987.0,CAN,0.06721,1.82305,19.37,0.12999,15.12,Canada,678183.0,26.5545,2.96496,25539.3,0.0986
1988.0,CAN,0.06567,2.02775,19.37,0.12839,15.05,Canada,721658.0,26.9434,2.98115,26784.2,0.09703
1989.0,CAN,0.06467,2.15741,19.55,0.12467,15.28,Canada,749598.0,27.3303,2.99742,27427.4,0.09467
1990.0,CAN,0.06357,2.01215,19.67,0.11928,15.53,Canada,747162.0,27.7009,3.01378,26972.5,0.091425
1991.0,CAN,0.06427,1.96993,19.7,0.1193,15.57,Canada,727636.0,28.0517,3.02931,25939.1,0.091785
1992.0,CAN,0.06067,1.92764,19.93,0.11355,15.77,Canada,733278.0,28.3862,3.04491,25832.2,0.08710999999999999
1993.0,CAN,0.06284,1.96993,19.7,0.11571,15.65,Canada,751492.0,28.7045,3.0606,26180.3,0.089275
1994.0,CAN,0.06229,1.94697,19.77,0.11298,15.81,Canada,795094.0,29.009,3.07636,27408.5,0.08763499999999999
1995.0,CAN,0.06194,1.98135,19.81,0.11164,15.86,Canada,832579.0,29.3021,3.09221,28413.6,0.08679
1996.0,CAN,0.06078,2.05708,19.86,0.1091,15.98,Canada,851837.0,29.5822,3.10282,28795.6,0.08494
1997.0,CAN,0.05962,2.16279,19.88,0.10613,16.1,Canada,891291.0,29.8502,3.11347,29858.7,0.082875
1998.0,CAN,0.05863,2.23001,19.99,0.10443,16.17,Canada,911957.0,30.114,3.12415,30283.5,0.08152999999999999
1999.0,CAN,0.05724,2.28535,20.16,0.10026,16.36,Canada,968345.0,30.3838,3.13487,31870.4,0.07875
2000.0,CAN,0.05573,2.41844,20.32,0.09609,16.74,Canada,1000000.0,30.6674,3.14562,33487.4,0.07591
2001.0,CAN,0.05621,2.35685,20.43,0.09233,16.99,Canada,1000000.0,30.9672,3.19292,33078.2,0.07427
2002.0,CAN,0.0549,2.27714,20.5,0.092,17.12,Canada,1000000.0,31.2817,3.24093,32962.7,0.07345
2003.0,CAN,0.05366,2.26263,20.67,0.08703,17.3,Canada,1100000.0,31.6086,3.28966,33608.5,0.07034499999999999
2004.0,CAN,0.05249,2.31234,20.84,0.08517,17.6,Canada,1100000.0,31.9436,3.33913,34543.4,0.06883
2005.0,CAN,0.05086,2.37552,20.94,0.08333,17.78,Canada,1100000.0,32.2834,3.38933,35404.4,0.067095
2006.0,CAN,0.05032,2.45985,21.25,0.07916,18.14,Canada,1200000.0,32.628,3.38726,35551.4,0.06473999999999999
2007.0,CAN,0.05022,2.43678,21.25,0.08021,18.17,Canada,1200000.0,32.9773,3.38519,35706.9,0.065215
2008.0,CAN,0.04923,2.35318,21.4,0.07736,18.34,Canada,1200000.0,33.328,3.38312,35577.4,0.063295
2009.0,CAN,0.04643,2.22549,21.68,0.07653,18.61,Canada,1100000.0,33.6754,3.38105,33015.7,0.06148
1950.0,CHE,0.12733,2.1325,14.26,0.17245,12.62,Switzerland,55772.0,4.62069,2.39801,12070.0,0.14989
1951.0,CHE,0.12814,2.1325,13.99,0.18065,12.23,Switzerland,59265.5,4.67483,2.40392,12677.6,0.154395
1952.0,CHE,0.11992,2.1325,14.48,0.17098,12.67,Switzerland,60292.7,4.7398,2.40985,12720.5,0.14545
1953.0,CHE,0.12203,2.11857,14.27,0.17544,12.48,Switzerland,63432.5,4.80182,2.41579,13210.1,0.148735
1954.0,CHE,0.11862,2.11857,14.54,0.17645,12.64,Switzerland,67351.2,4.85202,2.42174,13881.1,0.147535
1955.0,CHE,0.11824,2.08578,14.49,0.17307,12.63,Switzerland,71866.1,4.90222,2.42771,14659.9,0.145655
1956.0,CHE,0.11654,2.08578,14.41,0.17163,12.52,Switzerland,76184.3,4.96621,2.43237,15340.5,0.14408500000000002
1957.0,CHE,0.11497,2.06157,14.76,0.17635,12.61,Switzerland,78702.3,5.04594,2.43703,15597.1,0.14566
1958.0,CHE,0.10732,2.06157,15.15,0.16471,13.12,Switzerland,77463.2,5.1178,2.4417,15136.0,0.136015
1959.0,CHE,0.10153,2.0917,15.29,0.16244,13.11,Switzerland,83066.7,5.17687,2.44638,16045.8,0.131985
1960.0,CHE,0.10416,2.0917,15.09,0.16821,12.9,Switzerland,90022.3,5.27826,2.45107,17055.3,0.136185
1961.0,CHE,0.09827,2.0929,15.66,0.16239,13.19,Switzerland,97513.9,5.42592,2.47895,17971.9,0.13033
1962.0,CHE,0.10369,2.0929,15.19,0.17118,12.77,Switzerland,102649.0,5.57751,2.50715,18404.1,0.137435
1963.0,CHE,0.10056,2.09529,15.11,0.1763,12.53,Switzerland,107786.0,5.69859,2.53567,18914.5,0.13843
1964.0,CHE,0.09763,2.09529,15.73,0.16803,13.14,Switzerland,114406.0,5.79506,2.56303,19742.0,0.13283
1965.0,CHE,0.09749,2.06383,15.59,0.17298,12.83,Switzerland,118113.0,5.85018,2.58262,20189.6,0.135235
1966.0,CHE,0.09767,2.06383,15.64,0.16682,13.03,Switzerland,121509.0,5.90236,2.60269,20586.5,0.132245
1967.0,CHE,0.09086,2.07411,16.02,0.16882,13.16,Switzerland,126144.0,5.96831,2.62292,21135.6,0.12984
1968.0,CHE,0.08882,2.07411,15.88,0.16566,13.0,Switzerland,131431.0,6.03623,2.6433,21773.7,0.12724
1969.0,CHE,0.09498,2.0917,15.95,0.16821,13.03,Switzerland,138250.0,6.11498,2.66385,22608.5,0.131595
1970.0,CHE,0.08515,2.0917,16.25,0.16147,13.3,Switzerland,145954.0,6.16912,2.68455,23658.7,0.12331
1971.0,CHE,0.08271,2.10619,16.38,0.16075,13.31,Switzerland,153336.0,6.22139,2.71301,24646.6,0.12173
1972.0,CHE,0.07886,2.10619,16.73,0.15554,13.6,Switzerland,159632.0,6.26987,2.74178,25460.2,0.1172
1973.0,CHE,0.07829,2.0627,16.76,0.15093,13.68,Switzerland,163847.0,6.31123,2.77085,25961.1,0.11461
1974.0,CHE,0.07444,2.0627,17.18,0.15135,13.72,Switzerland,163976.0,6.34082,2.80023,25860.3,0.11289500000000001
1975.0,CHE,0.07355,1.93809,17.46,0.15019,13.91,Switzerland,152103.0,6.35595,2.82993,23930.8,0.11187
1976.0,CHE,0.07209,1.93809,17.48,0.14582,13.88,Switzerland,152097.0,6.35501,2.86152,23933.4,0.108955
1977.0,CHE,0.06672,1.91912,17.95,0.14605,14.17,Switzerland,154144.0,6.34098,2.89346,24309.2,0.10638500000000001
1978.0,CHE,0.06822,1.91912,17.88,0.14189,14.09,Switzerland,159432.0,6.32134,2.92576,25221.3,0.105055
1979.0,CHE,0.0649,1.90662,18.13,0.13792,14.33,Switzerland,162702.0,6.30633,2.95842,25799.8,0.10141
1980.0,CHE,0.065,1.90662,18.07,0.13732,14.29,Switzerland,167556.0,6.30335,2.99144,26582.0,0.10116
1981.0,CHE,0.06133,1.95147,18.22,0.13486,14.34,Switzerland,168038.0,6.31553,2.9718,26607.2,0.098095
1982.0,CHE,0.05916,1.95147,18.47,0.13009,14.63,Switzerland,168204.0,6.3411,2.95229,26526.1,0.094625
1983.0,CHE,0.05903,1.97943,18.45,0.13138,14.53,Switzerland,170268.0,6.37651,2.9329,26702.4,0.095205
1984.0,CHE,0.05732,1.97943,18.97,0.12616,14.96,Switzerland,176737.0,6.41599,2.91365,27546.4,0.09174
1985.0,CHE,0.05926,2.18765,19.01,0.13004,14.89,Switzerland,180512.0,6.45538,2.89452,27963.1,0.09465
1986.0,CHE,0.05572,2.18765,19.1,0.12928,15.02,Switzerland,190170.0,6.4931,2.88835,29287.9,0.0925
1987.0,CHE,0.05655,2.04275,19.35,0.12368,15.25,Switzerland,194978.0,6.53078,2.88219,29855.2,0.090115
1988.0,CHE,0.05613,2.04275,19.46,0.12062,15.3,Switzerland,200109.0,6.57106,2.87605,30453.0,0.08837500000000001
1989.0,CHE,0.05325,2.14679,19.67,0.11679,15.44,Switzerland,207944.0,6.61793,2.86993,31421.3,0.08502
1990.0,CHE,0.05194,2.14679,19.42,0.11831,15.26,Switzerland,217356.0,6.67374,2.86381,32568.9,0.085125
1991.0,CHE,0.0524,2.08696,19.74,0.11442,15.54,Switzerland,216031.0,6.7401,2.86043,32051.6,0.08341
1992.0,CHE,0.05116,2.08696,19.91,0.11138,15.73,Switzerland,214137.0,6.8147,2.85706,31422.8,0.08127000000000001
1993.0,CHE,0.0498,2.10619,20.03,0.11132,15.8,Switzerland,216794.0,6.89127,2.85369,31459.2,0.08055999999999999
1994.0,CHE,0.0511,2.10619,20.21,0.10513,16.06,Switzerland,223214.0,6.96123,2.85032,32065.3,0.078115
1995.0,CHE,0.0486,2.08696,20.16,0.10411,16.09,Switzerland,225699.0,7.0187,2.84696,32156.8,0.07635499999999999
1996.0,CHE,0.04586,2.16414,20.26,0.09836,16.33,Switzerland,229212.0,7.06096,2.84641,32461.9,0.07211000000000001
1997.0,CHE,0.04718,2.19048,20.32,0.09694,16.5,Switzerland,242927.0,7.09048,2.84586,34261.0,0.07206
1998.0,CHE,0.0427,2.21065,20.56,0.09078,16.56,Switzerland,253499.0,7.11295,2.84531,35639.1,0.06674
1999.0,CHE,0.04435,2.44092,20.58,0.08831,16.77,Switzerland,256488.0,7.13674,2.84476,35939.1,0.06633
2000.0,CHE,0.04378,2.37174,20.7,0.08968,16.94,Switzerland,265086.0,7.16791,2.84421,36982.3,0.06673
2001.0,CHE,0.04208,2.42248,20.99,0.08675,17.19,Switzerland,265451.0,7.20799,2.84865,36827.4,0.064415
2002.0,CHE,0.04038,2.24224,20.99,0.07938,17.44,Switzerland,267097.0,7.25497,2.85309,36815.7,0.05988
2003.0,CHE,0.0411,2.33869,20.9,0.08035,17.45,Switzerland,261129.0,7.30708,2.85754,35736.4,0.060725
2004.0,CHE,0.04028,2.3624,21.32,0.07683,17.97,Switzerland,268535.0,7.36123,2.86199,36479.7,0.058554999999999996
2005.0,CHE,0.03847,2.32979,21.47,0.0745,17.97,Switzerland,272983.0,7.41501,2.86646,36814.9,0.056484999999999994
2006.0,CHE,0.03826,2.36612,21.66,0.06924,18.26,Switzerland,292140.0,7.46835,2.87645,39117.0,0.05375
2007.0,CHE,0.03796,2.45349,21.73,0.07142,18.37,Switzerland,319229.0,7.52161,2.88649,42441.5,0.05469
2008.0,CHE,0.03737,2.42857,21.83,0.06986,18.61,Switzerland,335691.0,7.5732,2.89656,44326.1,0.053615
2009.0,CHE,0.03803,2.41643,21.78,0.06653,18.68,Switzerland,323869.0,7.62121,2.90666,42495.7,0.05228000000000001
1950.0,DNK,0.1259,2.0142,14.07,0.14025,13.55,Denmark,35896.7,4.27095,2.37503,8404.84,0.133075
1951.0,DNK,0.12014,2.0101,14.43,0.13597,13.94,Denmark,34506.9,4.30357,2.38387,8018.19,0.128055
1952.0,DNK,0.11454,1.96712,14.47,0.14124,13.7,Denmark,35833.1,4.33395,2.39275,8267.99,0.12789
1953.0,DNK,0.11807,1.96525,14.43,0.13507,13.88,Denmark,38375.1,4.36923,2.40165,8783.03,0.12657
1954.0,DNK,0.11677,1.93545,14.54,0.13921,13.79,Denmark,39804.7,4.40595,2.41059,9034.31,0.12799
1955.0,DNK,0.1102,2.01523,15.11,0.14405,13.95,Denmark,39834.7,4.43895,2.41956,8973.91,0.12712500000000002
1956.0,DNK,0.10536,1.95694,15.17,0.14188,13.98,Denmark,40760.2,4.46642,2.4298,9125.91,0.12362000000000001
1957.0,DNK,0.11053,1.89127,14.88,0.14845,13.68,Denmark,42482.5,4.48778,2.44007,9466.25,0.12949
1958.0,DNK,0.10703,1.90498,15.11,0.14243,13.76,Denmark,43752.2,4.51508,2.45039,9690.23,0.12473000000000001
1959.0,DNK,0.10273,1.89606,15.14,0.13936,13.93,Denmark,47957.3,4.54659,2.46075,10548.0,0.12104500000000001
1960.0,DNK,0.10131,1.89767,15.1,0.14794,13.63,Denmark,50617.6,4.58095,2.47116,11049.6,0.12462499999999999
1961.0,DNK,0.09947,1.86655,15.4,0.14732,13.79,Denmark,53775.4,4.60977,2.49142,11665.5,0.123395
1962.0,DNK,0.10268,1.815,15.27,0.15209,13.51,Denmark,56848.7,4.64685,2.51184,12233.8,0.127385
1963.0,DNK,0.10278,1.79302,15.41,0.15339,13.57,Denmark,58000.6,4.68353,2.53243,12383.9,0.128085
1964.0,DNK,0.1009,1.8071,15.46,0.15723,13.44,Denmark,63111.2,4.72012,2.55319,13370.7,0.129065
1965.0,DNK,0.10056,1.75758,15.5,0.15895,13.4,Denmark,66165.6,4.75805,2.56949,13906.0,0.129755
1966.0,DNK,0.10101,1.70126,15.41,0.16031,13.17,Denmark,68304.2,4.79745,2.58851,14237.6,0.13066
1967.0,DNK,0.09581,1.70126,15.91,0.1624,13.47,Denmark,72221.8,4.83875,2.60767,14925.7,0.129105
1968.0,DNK,0.09208,1.70126,16.24,0.15955,13.66,Denmark,76279.8,4.86725,2.62697,15672.0,0.125815
1969.0,DNK,0.09448,1.70126,16.36,0.16066,13.6,Denmark,82098.9,4.89063,2.64641,16786.9,0.12757
1970.0,DNK,0.09,1.70126,16.58,0.15544,13.77,Denmark,83681.2,4.9287,2.666,16978.3,0.12272
1971.0,DNK,0.08691,1.73638,16.86,0.15675,13.77,Denmark,85641.3,4.95908,2.67712,17269.6,0.12183
1972.0,DNK,0.09201,1.78003,16.68,0.16432,13.59,Denmark,89508.5,4.98781,2.68829,17945.5,0.128165
1973.0,DNK,0.08544,1.78003,17.01,0.16155,13.64,Denmark,94665.2,5.0145,2.6995,18878.3,0.123495
1974.0,DNK,0.08115,1.67659,17.02,0.15671,13.58,Denmark,90873.3,5.03875,2.71076,18034.9,0.11893
1975.0,DNK,0.08269,1.65445,17.33,0.15372,13.83,Denmark,90215.8,5.06023,2.72207,17828.4,0.118205
1976.0,DNK,0.08603,1.65445,16.98,0.15746,13.54,Denmark,96561.6,5.07901,2.73675,19011.9,0.12174499999999999
1977.0,DNK,0.07841,1.62893,17.75,0.14917,14.06,Denmark,98587.7,5.09513,2.75151,19349.4,0.11379
1978.0,DNK,0.08077,1.63131,17.57,0.1568,13.78,Denmark,101979.0,5.10815,2.76635,19964.0,0.118785
1979.0,DNK,0.07863,1.6605,17.57,0.15196,13.7,Denmark,105076.0,5.11751,2.78127,20532.6,0.11529500000000001
1980.0,DNK,0.08153,1.69204,17.55,0.15525,13.63,Denmark,103230.0,5.12303,2.79626,20150.2,0.11839
1981.0,DNK,0.08284,1.66313,17.6,0.15476,13.64,Denmark,98816.5,5.12455,2.82482,19283.0,0.1188
1982.0,DNK,0.07981,1.66534,17.83,0.14824,13.94,Denmark,99924.3,5.1227,2.85367,19506.2,0.11402500000000002
1983.0,DNK,0.08046,1.71073,17.74,0.15648,13.8,Denmark,100755.0,5.119,2.88281,19682.6,0.11847
1984.0,DNK,0.08443,1.72464,17.8,0.15032,13.93,Denmark,103391.0,5.11548,2.91224,20211.5,0.11737500000000001
1985.0,DNK,0.07942,1.69784,17.77,0.15521,13.85,Denmark,106083.0,5.1137,2.94198,20744.9,0.117315
1986.0,DNK,0.08536,1.68493,17.87,0.15077,14.0,Denmark,114398.0,5.11417,2.91728,22368.8,0.118065
1987.0,DNK,0.08285,1.70771,17.99,0.14926,14.15,Denmark,115484.0,5.11685,2.89278,22569.3,0.11605499999999999
1988.0,DNK,0.08889,1.65147,17.87,0.15187,14.1,Denmark,115449.0,5.1221,2.86849,22539.4,0.12038
1989.0,DNK,0.08643,1.68166,17.94,0.14908,14.18,Denmark,117207.0,5.13013,2.8444,22846.8,0.117755
1990.0,DNK,0.08537,1.63452,17.82,0.14864,13.99,Denmark,119935.0,5.14103,2.82052,23328.9,0.117005
1991.0,DNK,0.08529,1.60132,17.92,0.14242,14.31,Denmark,121284.0,5.15504,2.83024,23527.3,0.113855
1992.0,DNK,0.08607,1.58754,17.81,0.14399,14.24,Denmark,125191.0,5.17204,2.83999,24205.3,0.11503
1993.0,DNK,0.08991,1.63091,17.53,0.14655,14.02,Denmark,124266.0,5.19137,2.84978,23936.9,0.11823
1994.0,DNK,0.09104,1.57604,17.76,0.14235,14.31,Denmark,132025.0,5.21207,2.8596,25330.7,0.116695
1995.0,DNK,0.0945,1.58445,17.53,0.14282,14.11,Denmark,137614.0,5.23336,2.86945,26295.5,0.11866
1996.0,DNK,0.09068,1.60423,17.82,0.14029,14.35,Denmark,142539.0,5.25521,2.87074,27123.3,0.115485
1997.0,DNK,0.0902,1.60096,17.93,0.13407,14.61,Denmark,152780.0,5.27757,2.87203,28949.0,0.112135
1998.0,DNK,0.0891,1.65317,18.12,0.1324,14.82,Denmark,160501.0,5.29965,2.87331,30285.2,0.11074999999999999
1999.0,DNK,0.08709,1.64641,18.03,0.12639,14.93,Denmark,164816.0,5.32049,2.8746,30977.6,0.10674
2000.0,DNK,0.08563,1.72516,18.22,0.12226,15.16,Denmark,172664.0,5.3395,2.87589,32337.1,0.103945
2001.0,DNK,0.08322,1.66845,18.26,0.11974,15.21,Denmark,172088.0,5.35605,2.88203,32129.6,0.10148
2002.0,DNK,0.07922,1.66225,18.22,0.11592,15.37,Denmark,175363.0,5.37051,2.88819,32653.0,0.09756999999999999
2003.0,DNK,0.0719,1.65317,18.86,0.10693,15.79,Denmark,167904.0,5.38449,2.89436,31183.0,0.089415
2004.0,DNK,0.07313,1.69108,18.52,0.10784,15.64,Denmark,174138.0,5.40028,2.90054,32246.1,0.09048500000000001
2005.0,DNK,0.06626,1.7764,19.04,0.10341,16.11,Denmark,172813.0,5.41944,2.90674,31887.7,0.084835
2006.0,DNK,0.06769,1.819,19.04,0.09849,16.22,Denmark,182684.0,5.44264,2.91082,33565.3,0.08309
2007.0,DNK,0.06321,1.88339,19.11,0.09681,16.45,Denmark,191084.0,5.46913,2.91492,34938.6,0.08001
2008.0,DNK,0.06342,1.82102,19.41,0.09711,16.57,Denmark,197066.0,5.49731,2.91902,35847.7,0.080265
2009.0,DNK,0.06287,1.66225,19.43,0.09163,16.72,Denmark,187321.0,5.52487,2.92312,33905.1,0.07725
1950.0,GBR,0.12605,1.88496,14.27,0.19612,11.9,United Kingdom,402225.0,50.1391,2.07141,8022.19,0.16108499999999998
1951.0,GBR,0.13444,1.88496,13.79,0.21375,11.31,United Kingdom,408916.0,50.3021,2.07979,8129.2,0.174095
1952.0,GBR,0.11953,1.85616,14.74,0.19832,11.94,United Kingdom,414431.0,50.4421,2.08821,8215.97,0.15892499999999998
1953.0,GBR,0.11791,1.83403,14.79,0.19861,11.95,United Kingdom,438953.0,50.6052,2.09666,8674.08,0.15826
1954.0,GBR,0.11567,1.81566,14.93,0.19734,11.95,United Kingdom,454986.0,50.7772,2.10514,8960.43,0.156505
1955.0,GBR,0.11744,1.83403,14.74,0.19921,11.81,United Kingdom,472409.0,50.9583,2.11366,9270.51,0.158325
1956.0,GBR,0.11529,1.79177,14.81,0.19927,11.81,United Kingdom,484858.0,51.1963,2.12205,9470.57,0.15728
1957.0,GBR,0.11256,1.77042,15.17,0.20206,11.96,United Kingdom,493861.0,51.4424,2.13046,9600.28,0.15731
1958.0,GBR,0.11251,1.76687,15.05,0.20016,11.88,United Kingdom,499359.0,51.6644,2.13891,9665.44,0.156335
1959.0,GBR,0.11109,1.74571,15.13,0.19816,11.97,United Kingdom,516130.0,51.9685,2.14739,9931.59,0.154625
1960.0,GBR,0.10937,1.78989,15.3,0.19464,12.11,United Kingdom,540256.0,52.3846,2.15591,10313.3,0.152005
1961.0,GBR,0.11209,1.78989,15.05,0.20277,11.85,United Kingdom,554751.0,52.8197,2.179,10502.7,0.15743000000000001
1962.0,GBR,0.11015,1.76687,15.19,0.20404,11.82,United Kingdom,563174.0,53.3048,2.20233,10565.2,0.15709499999999998
1963.0,GBR,0.11215,1.72254,15.09,0.20679,11.69,United Kingdom,583937.0,53.6379,2.22592,10886.7,0.15947
1964.0,GBR,0.10432,1.74129,15.83,0.1949,12.3,United Kingdom,618056.0,54.004,2.24976,11444.6,0.14961
1965.0,GBR,0.10475,1.74184,15.76,0.19993,12.13,United Kingdom,635292.0,54.3631,2.27386,11686.1,0.15234
1966.0,GBR,0.10532,1.69735,15.64,0.20197,11.99,United Kingdom,650340.0,54.6562,2.29508,11898.8,0.153645
1967.0,GBR,0.09983,1.65317,16.1,0.19467,12.35,United Kingdom,666082.0,54.9722,2.3165,12116.7,0.14725
1968.0,GBR,0.10212,1.65147,15.71,0.20131,11.95,United Kingdom,689781.0,55.2273,2.33812,12489.9,0.151715
1969.0,GBR,0.1051,1.65147,15.82,0.20672,11.93,United Kingdom,703971.0,55.4743,2.35994,12690.0,0.15591
1970.0,GBR,0.1017,1.57904,15.97,0.19915,12.1,United Kingdom,723663.0,55.6454,2.38196,13004.9,0.150425
1971.0,GBR,0.09612,1.6035,16.25,0.19118,12.32,United Kingdom,735613.0,55.8195,2.39654,13178.4,0.14365
1972.0,GBR,0.09961,1.57604,16.0,0.19662,12.04,United Kingdom,762126.0,55.9647,2.41121,13618.0,0.148115
1973.0,GBR,0.09871,1.61501,16.09,0.19084,12.21,United Kingdom,796281.0,56.0815,2.42596,14198.6,0.14477500000000001
1974.0,GBR,0.09727,1.62112,16.22,0.18841,12.29,United Kingdom,753773.0,56.1707,2.44081,13419.3,0.14284
1975.0,GBR,0.09521,1.56433,16.38,0.18486,12.38,United Kingdom,766001.0,56.2342,2.45575,13621.6,0.140035
1976.0,GBR,0.09619,1.52411,16.21,0.18513,12.29,United Kingdom,799204.0,56.273,2.46441,14202.3,0.14066
1977.0,GBR,0.0935,1.49432,16.6,0.17853,12.63,United Kingdom,838488.0,56.2906,2.4731,14895.7,0.136015
1978.0,GBR,0.09477,1.50607,16.59,0.1796,12.58,United Kingdom,896985.0,56.295,2.48183,15933.6,0.137185
1979.0,GBR,0.09368,1.51706,16.58,0.1771,12.6,United Kingdom,945832.0,56.2964,2.49058,16800.9,0.13539
1980.0,GBR,0.09205,1.51706,16.83,0.17178,12.83,United Kingdom,962834.0,56.303,2.49936,17100.9,0.131915
1981.0,GBR,0.09045,1.56402,16.93,0.16797,12.97,United Kingdom,935639.0,56.3175,2.50946,16613.6,0.12921
1982.0,GBR,0.09113,1.59032,16.93,0.16762,12.99,United Kingdom,937446.0,56.3413,2.5196,16638.7,0.129375
1983.0,GBR,0.08985,1.57307,17.09,0.16618,13.09,United Kingdom,956988.0,56.3793,2.52979,16974.1,0.128015
1984.0,GBR,0.08738,1.58173,17.36,0.15951,13.38,United Kingdom,965785.0,56.4368,2.54001,17112.7,0.123445
1985.0,GBR,0.08951,1.64144,17.1,0.16111,13.18,United Kingdom,990909.0,56.5169,2.55028,17533.0,0.12531
1986.0,GBR,0.08842,1.6435,17.29,0.15834,13.37,United Kingdom,1000000.0,56.623,2.55935,18057.1,0.12338
1987.0,GBR,0.08618,1.6435,17.58,0.15395,13.65,United Kingdom,1100000.0,56.7537,2.56568,18946.9,0.120065
1988.0,GBR,0.08675,1.6435,17.6,0.15203,13.74,United Kingdom,1100000.0,56.9021,2.57181,20072.5,0.11939
1989.0,GBR,0.08833,1.6435,17.52,0.15184,13.77,United Kingdom,1200000.0,57.0582,2.57797,20635.2,0.120085
1990.0,GBR,0.08446,1.6435,17.85,0.14777,14.0,United Kingdom,1200000.0,57.2145,2.58413,20882.4,0.116115
1991.0,GBR,0.08387,1.6435,17.82,0.14443,14.08,United Kingdom,1200000.0,57.3696,2.59438,20646.2,0.11415
1992.0,GBR,0.082,1.6435,18.03,0.14051,14.3,United Kingdom,1200000.0,57.5255,2.60468,20731.7,0.11125499999999999
1993.0,GBR,0.08225,1.90334,17.81,0.14116,14.16,United Kingdom,1200000.0,57.6816,2.61501,21261.9,0.111705
1994.0,GBR,0.07883,1.8726,18.24,0.13294,14.61,United Kingdom,1300000.0,57.8386,2.62539,22159.9,0.105885
1995.0,GBR,0.07827,1.91996,18.11,0.13173,14.54,United Kingdom,1300000.0,57.9972,2.6358,22722.6,0.10500000000000001
1996.0,GBR,0.07577,2.17647,18.27,0.1259,14.8,United Kingdom,1400000.0,58.1569,2.64723,23838.3,0.10083500000000001
1997.0,GBR,0.07341,2.15741,18.39,0.12158,15.02,United Kingdom,1500000.0,58.3188,2.65871,26000.2,0.097495
1998.0,GBR,0.07174,2.21951,18.47,0.11798,15.16,United Kingdom,1600000.0,58.488,2.67023,27366.5,0.09486
1999.0,GBR,0.06916,2.27226,18.49,0.11523,15.25,United Kingdom,1700000.0,58.6714,2.68181,28709.4,0.092195
2000.0,GBR,0.06629,2.29199,18.89,0.10853,15.66,United Kingdom,1800000.0,58.8741,2.69344,30119.7,0.08741
2001.0,GBR,0.06314,2.221,19.07,0.1029,15.93,United Kingdom,1800000.0,59.0971,2.70639,31038.5,0.08302000000000001
2002.0,GBR,0.06217,2.15473,19.08,0.10088,16.06,United Kingdom,1900000.0,59.34,2.71941,31337.2,0.081525
2003.0,GBR,0.0619,2.18765,19.08,0.09899,16.19,United Kingdom,1900000.0,59.6043,2.73249,31504.9,0.08044499999999999
2004.0,GBR,0.05915,2.221,19.54,0.09451,16.61,United Kingdom,2000000.0,59.8918,2.74563,32599.7,0.07683
2005.0,GBR,0.05872,2.28041,19.63,0.09079,16.82,United Kingdom,2000000.0,60.2027,2.75883,32509.4,0.074755
2006.0,GBR,0.05598,2.34409,19.93,0.08798,17.13,United Kingdom,2000000.0,60.5381,2.77161,33320.0,0.07198
2007.0,GBR,0.05524,2.45773,20.01,0.08676,17.3,United Kingdom,2100000.0,60.8961,2.78444,33841.3,0.07100000000000001
2008.0,GBR,0.05417,2.45773,20.06,0.08501,17.44,United Kingdom,2000000.0,61.2703,2.79734,32837.6,0.06959
2009.0,GBR,0.05159,2.64745,20.52,0.08092,17.81,United Kingdom,1900000.0,61.6523,2.81029,31136.0,0.06625500000000001
1950.0,JPN,0.16542,1.54377,13.0,0.23117,10.95,Japan,161776.0,83.2952,2.28232,1942.2,0.198295
1951.0,JPN,0.1583,1.69493,13.25,0.2227,11.23,Japan,183248.0,84.6458,2.30589,2164.88,0.1905
1952.0,JPN,0.15216,1.69589,13.53,0.21551,11.47,Japan,198567.0,85.9331,2.3297,2310.71,0.183835
1953.0,JPN,0.15363,1.68966,13.15,0.21781,11.08,Japan,208028.0,87.122,2.35377,2387.77,0.18572
1954.0,JPN,0.14212,1.68259,13.95,0.20457,11.69,Japan,221588.0,88.214,2.37807,2511.93,0.173345
1955.0,JPN,0.13654,1.69784,14.1,0.2006,11.81,Japan,241323.0,89.2688,2.40264,2703.34,0.16857
1956.0,JPN,0.14122,1.70028,13.67,0.20446,11.44,Japan,258010.0,90.2141,2.43365,2859.97,0.17284
1957.0,JPN,0.14273,1.7446,13.39,0.21318,11.06,Japan,275411.0,91.0061,2.46507,3026.29,0.177955
1958.0,JPN,0.12703,1.74963,14.27,0.19398,11.9,Japan,293290.0,91.8268,2.49689,3193.95,0.160505
1959.0,JPN,0.12619,1.75586,14.3,0.19197,11.88,Japan,321083.0,92.7291,2.52913,3462.6,0.15908
1960.0,JPN,0.12697,1.76746,14.05,0.19728,11.6,Japan,363681.0,93.5193,2.56119,3888.83,0.16212500000000002
1961.0,JPN,0.12367,1.7764,14.2,0.19139,11.8,Japan,407276.0,94.3658,2.55238,4315.93,0.15753
1962.0,JPN,0.12306,1.76103,14.09,0.19516,11.55,Japan,445178.0,95.2489,2.54301,4673.84,0.15911
1963.0,JPN,0.11648,1.76511,14.65,0.18413,12.12,Japan,483267.0,96.2231,2.53368,5022.37,0.150305
1964.0,JPN,0.11279,1.71582,14.75,0.1812,12.17,Japan,542083.0,97.2312,2.52439,5575.19,0.146995
1965.0,JPN,0.11461,1.69784,14.54,0.18633,11.88,Japan,575644.0,98.2811,2.51513,5857.11,0.15047
1966.0,JPN,0.10824,1.68353,15.03,0.17638,12.39,Japan,637015.0,99.1833,2.53423,6422.6,0.14231
1967.0,JPN,0.10491,1.69589,15.19,0.17359,12.48,Japan,708748.0,100.212,2.55347,7072.48,0.13924999999999998
1968.0,JPN,0.10268,1.67613,15.25,0.17073,12.49,Japan,803373.0,101.34,2.56865,7927.47,0.136705
1969.0,JPN,0.10061,1.60864,15.45,0.1713,12.54,Japan,904381.0,102.544,2.58176,8819.42,0.135955
1970.0,JPN,0.10057,1.65963,15.36,0.17259,12.52,Japan,1200000.0,103.71,2.59494,11451.4,0.13658
1971.0,JPN,0.09375,1.56689,15.9,0.15917,13.04,Japan,1300000.0,105.146,2.61425,12022.7,0.12646000000000002
1972.0,JPN,0.08917,1.4207,16.17,0.15251,13.27,Japan,1400000.0,106.62,2.6337,12944.1,0.12084
1973.0,JPN,0.08689,1.84317,16.1,0.14965,13.27,Japan,1500000.0,108.089,2.65329,13771.4,0.11827
1974.0,JPN,0.08523,1.64475,16.21,0.14603,13.45,Japan,1400000.0,109.499,2.67303,13225.8,0.11563
1975.0,JPN,0.08022,1.65703,16.52,0.1401,13.71,Japan,1500000.0,110.808,2.69292,13520.2,0.11016000000000001
1976.0,JPN,0.07771,1.52659,16.71,0.13539,13.87,Japan,1600000.0,111.996,2.71164,14193.2,0.10655
1977.0,JPN,0.07403,1.516,17.13,0.12862,14.26,Japan,1700000.0,113.071,2.73049,14970.5,0.101325
1978.0,JPN,0.07026,1.51467,17.34,0.12537,14.4,Japan,1800000.0,114.058,2.74948,16058.0,0.09781500000000001
1979.0,JPN,0.0659,1.55866,17.75,0.11955,14.72,Japan,1900000.0,114.996,2.7686,16782.9,0.092725
1980.0,JPN,0.06575,1.57176,17.65,0.12008,14.57,Japan,2000000.0,115.915,2.78785,17075.4,0.092915
1981.0,JPN,0.06317,1.53937,17.95,0.11507,14.86,Japan,2000000.0,116.824,2.80705,16901.6,0.08912
1982.0,JPN,0.05956,1.57078,18.4,0.11044,15.22,Japan,1900000.0,117.711,2.82639,16523.6,0.08499999999999999
1983.0,JPN,0.05869,1.50327,18.45,0.10833,15.23,Japan,1900000.0,118.554,2.84587,16195.4,0.08351
1984.0,JPN,0.05656,1.49677,18.78,0.10507,15.49,Japan,1900000.0,119.321,2.86547,16232.1,0.080815
1985.0,JPN,0.05469,1.4878,18.98,0.10377,15.59,Japan,2000000.0,119.991,2.88522,16559.9,0.07923
1986.0,JPN,0.05165,1.48876,19.31,0.10039,15.89,Japan,2100000.0,120.553,2.8937,17676.4,0.07602
1987.0,JPN,0.04935,1.50125,19.68,0.09665,16.14,Japan,2300000.0,121.024,2.90221,18781.3,0.073
1988.0,JPN,0.04963,1.48379,19.54,0.09703,16.0,Japan,2500000.0,121.435,2.91074,20654.8,0.07333
1989.0,JPN,0.04768,1.57571,19.96,0.0962,16.27,Japan,2700000.0,121.833,2.9193,22288.7,0.07194
1990.0,JPN,0.0465,1.67659,19.96,0.0955,16.23,Japan,2900000.0,122.251,2.92788,23989.2,0.07100000000000001
1991.0,JPN,0.0451,1.61387,20.26,0.09596,16.36,Japan,3100000.0,122.703,2.95177,25420.4,0.07053000000000001
1992.0,JPN,0.04484,1.57143,20.38,0.09758,16.36,Japan,3200000.0,123.178,2.97584,26246.0,0.07121
1993.0,JPN,0.0442,1.55066,20.5,0.09769,16.42,Japan,3300000.0,123.653,3.00011,26914.8,0.07094500000000001
1994.0,JPN,0.04245,1.56148,20.88,0.09524,16.67,Japan,3500000.0,124.098,3.02458,27835.5,0.068845
1995.0,JPN,0.0427,1.54377,20.87,0.09676,16.51,Japan,3600000.0,124.487,3.04925,29157.2,0.06973
1996.0,JPN,0.04052,1.56754,21.45,0.09413,16.96,Japan,3700000.0,124.815,3.06411,29781.2,0.067325
1997.0,JPN,0.03951,1.57176,21.68,0.09306,17.06,Japan,3800000.0,125.092,3.07903,29988.0,0.06628500000000001
1998.0,JPN,0.03911,1.56433,21.9,0.09345,17.17,Japan,3700000.0,125.326,3.09403,29264.5,0.06628
1999.0,JPN,0.03906,1.55835,21.84,0.09249,17.08,Japan,3600000.0,125.532,3.10911,28931.6,0.065775
2000.0,JPN,0.03724,1.65147,22.39,0.0882,17.51,Japan,3700000.0,125.72,3.12425,29551.8,0.06272
2001.0,JPN,0.03607,1.6725,22.66,0.08458,17.76,Japan,3700000.0,125.894,3.13885,29710.3,0.060325000000000004
2002.0,JPN,0.03472,1.62305,22.94,0.08127,17.96,Japan,3800000.0,126.048,3.15352,29789.2,0.057995
2003.0,JPN,0.03373,1.64683,23.02,0.07986,18.02,Japan,3800000.0,126.184,3.16826,30138.8,0.056795
2004.0,JPN,0.03273,1.69108,23.27,0.0771,18.23,Japan,3900000.0,126.299,3.18306,30648.7,0.054915000000000005
2005.0,JPN,0.03246,1.72411,23.17,0.0757,18.13,Japan,3900000.0,126.393,3.19794,30707.4,0.05408
2006.0,JPN,0.0315,1.75758,23.43,0.07286,18.46,Japan,3900000.0,126.465,3.21196,31048.1,0.05218
2007.0,JPN,0.03078,1.76511,23.57,0.07233,18.57,Japan,4000000.0,126.515,3.22604,31683.2,0.051555000000000004
2008.0,JPN,0.0297,1.76103,23.63,0.07114,18.62,Japan,3900000.0,126.545,3.24019,30954.5,0.05042
2009.0,JPN,0.02927,1.7446,23.94,0.07041,18.9,Japan,3800000.0,126.552,3.2544,29691.2,0.04984
1950.0,NOR,0.10284,1.91575,15.4,0.12881,14.42,Norway,25497.5,3.26512,2.43546,7809.05,0.11582500000000001
1951.0,NOR,0.09209,1.9542,16.1,0.11809,15.09,Norway,27363.0,3.29587,2.43629,8302.23,0.10509
1952.0,NOR,0.09229,1.75988,15.96,0.12078,14.91,Norway,28316.7,3.32773,2.43713,8509.33,0.10653499999999999
1953.0,NOR,0.09296,1.69013,16.1,0.1242,14.83,Norway,29205.2,3.36089,2.43796,8689.73,0.10858000000000001
1954.0,NOR,0.08899,1.65274,16.01,0.13197,14.67,Norway,30161.8,3.39424,2.43879,8886.17,0.11048
1955.0,NOR,0.09288,1.72833,16.15,0.12116,15.01,Norway,31529.4,3.42741,2.43963,9199.21,0.10702
1956.0,NOR,0.08814,1.72833,16.15,0.12646,14.67,Norway,33273.6,3.45999,2.44299,9616.66,0.10729999999999999
1957.0,NOR,0.08795,1.9058,16.05,0.1288,14.78,Norway,34556.8,3.49194,2.44636,9896.19,0.108375
1958.0,NOR,0.09025,1.70621,16.05,0.12785,14.56,Norway,33929.3,3.52299,2.44973,9630.82,0.10905
1959.0,NOR,0.0958,1.612,16.15,0.13044,14.61,Norway,34974.0,3.55285,2.45311,9843.93,0.11312
1960.0,NOR,0.09342,1.58445,16.07,0.13307,14.46,Norway,36263.5,3.58124,2.4565,10126.0,0.113245
1961.0,NOR,0.08584,1.55188,16.24,0.13351,14.33,Norway,38594.1,3.6098,2.47751,10691.5,0.109675
1962.0,NOR,0.0887,1.5048,16.14,0.14196,14.18,Norway,39682.8,3.63892,2.4987,10905.1,0.11533
1963.0,NOR,0.09108,1.47483,15.5,0.14846,13.75,Norway,40981.6,3.66654,2.52008,11177.2,0.11977
1964.0,NOR,0.0912,1.47125,16.03,0.14202,14.23,Norway,43777.4,3.69434,2.54164,11849.9,0.11661
1965.0,NOR,0.08025,1.45641,16.48,0.14487,14.15,Norway,46369.5,3.72315,2.56227,12454.4,0.11256
1966.0,NOR,0.0847,1.4344,16.46,0.14573,14.01,Norway,48191.4,3.75363,2.57918,12838.6,0.115215
1967.0,NOR,0.08365,1.39078,16.65,0.15174,14.04,Norway,51752.5,3.78602,2.59619,13669.4,0.11769500000000001
1968.0,NOR,0.08511,1.40833,16.43,0.14837,13.92,Norway,53896.3,3.81898,2.61332,14112.7,0.11674000000000001
1969.0,NOR,0.08515,1.429,16.53,0.15732,13.67,Norway,55576.2,3.85097,2.63056,14431.7,0.121235
1970.0,NOR,0.08129,1.45809,16.71,0.15201,13.79,Norway,57772.6,3.87738,2.64791,14899.9,0.11665
1971.0,NOR,0.07759,1.45579,16.8,0.14323,13.89,Norway,60969.2,3.90649,2.65648,15607.2,0.11041000000000001
1972.0,NOR,0.07743,1.44346,16.86,0.15012,13.88,Norway,63120.1,3.93453,2.66506,16042.6,0.113775
1973.0,NOR,0.07238,1.43725,16.99,0.14673,13.83,Norway,66872.3,3.96102,2.67368,16882.6,0.109555
1974.0,NOR,0.07303,1.45977,17.17,0.14089,14.14,Norway,68799.8,3.9854,2.68232,17263.0,0.10696
1975.0,NOR,0.07303,1.42373,17.31,0.14372,14.02,Norway,70196.2,4.00731,2.691,17517.0,0.108375
1976.0,NOR,0.07071,1.37965,17.48,0.14203,14.11,Norway,72966.4,4.02659,2.70697,18121.2,0.10636999999999999
1977.0,NOR,0.07075,1.37807,17.67,0.13916,14.24,Norway,75192.7,4.04344,2.72303,18596.2,0.10495499999999999
1978.0,NOR,0.07086,1.39139,17.64,0.13727,14.21,Norway,77532.5,4.05841,2.73919,19104.2,0.104065
1979.0,NOR,0.07242,1.46318,17.67,0.1392,14.15,Norway,82143.2,4.07226,2.75544,20171.4,0.10580999999999999
1980.0,NOR,0.06693,1.48685,17.95,0.14356,14.24,Norway,88789.4,4.08562,2.7718,21732.2,0.105245
1981.0,NOR,0.0661,1.47847,18.04,0.13956,14.21,Norway,89976.6,4.0987,2.80122,21952.5,0.10283
1982.0,NOR,0.06689,1.52219,18.31,0.13916,14.36,Norway,88724.0,4.11157,2.83095,21579.1,0.103025
1983.0,NOR,0.06386,1.53447,18.34,0.13743,14.39,Norway,89849.9,4.12459,2.861,21784.0,0.100645
1984.0,NOR,0.06215,1.55772,18.47,0.13844,14.34,Norway,94879.6,4.13815,2.89137,22928.0,0.100295
1985.0,NOR,0.06186,1.55432,18.28,0.13526,14.23,Norway,97705.1,4.15256,2.92206,23528.9,0.09856
1986.0,NOR,0.06388,1.54526,18.58,0.1376,14.44,Norway,95570.4,4.168,2.94708,22929.5,0.10074
1987.0,NOR,0.06774,1.56211,18.42,0.1404,14.35,Norway,95725.9,4.18457,2.97232,22875.9,0.10407
1988.0,NOR,0.0674,1.51203,18.38,0.13236,14.52,Norway,94486.5,4.20232,2.99777,22484.3,0.09988
1989.0,NOR,0.06405,1.51177,18.58,0.13566,14.61,Norway,96707.4,4.2213,3.02344,22909.4,0.099855
1990.0,NOR,0.06514,1.50813,18.45,0.13407,14.55,Norway,99096.0,4.24149,3.04933,23363.5,0.099605
1991.0,NOR,0.06655,1.49875,18.74,0.13156,14.85,Norway,101662.0,4.26293,3.06744,23848.0,0.099055
1992.0,NOR,0.06028,1.80386,19.01,0.11808,15.01,Norway,102991.0,4.28562,3.08565,24031.8,0.08918000000000001
1993.0,NOR,0.06335,2.15875,18.73,0.12236,14.76,Norway,106761.0,4.30937,3.10397,24774.1,0.092855
1994.0,NOR,0.0576,2.13895,19.22,0.11978,15.23,Norway,111367.0,4.33393,3.1224,25696.5,0.08868999999999999
1995.0,NOR,0.06064,2.18343,19.12,0.1191,15.11,Norway,117313.0,4.3591,3.14094,26912.2,0.08987
1996.0,NOR,0.05753,2.3587,19.45,0.10772,15.48,Norway,128186.0,4.38514,3.15305,29231.8,0.082625
1997.0,NOR,0.05545,2.38504,19.39,0.10575,15.54,Norway,140049.0,4.41209,3.1652,31742.1,0.0806
1998.0,NOR,0.05302,2.24224,19.61,0.10438,15.73,Norway,141123.0,4.43925,3.1774,31789.7,0.07869999999999999
1999.0,NOR,0.05658,2.3245,19.48,0.10465,15.67,Norway,151109.0,4.46566,3.18964,33837.9,0.080615
2000.0,NOR,0.05099,2.70358,19.72,0.09761,16.08,Norway,174747.0,4.49086,3.20193,38911.7,0.0743
2001.0,NOR,0.05172,2.10619,19.8,0.09377,16.18,Norway,175352.0,4.51395,3.24794,38846.8,0.072745
2002.0,NOR,0.05238,2.75131,19.74,0.09715,16.21,Norway,171953.0,4.5356,3.2946,37911.9,0.074765
2003.0,NOR,0.04982,2.80505,20.1,0.0919,16.7,Norway,173828.0,4.55866,3.34193,38131.4,0.07086
2004.0,NOR,0.04816,3.07039,20.46,0.08568,17.05,Norway,190263.0,4.58705,3.38995,41478.3,0.06692000000000001
2005.0,NOR,0.04789,3.32558,20.63,0.08095,17.15,Norway,205948.0,4.6233,3.43865,44545.7,0.06442
2006.0,NOR,0.04403,2.09769,20.64,0.07911,17.54,Norway,225140.0,4.6688,3.4349,48222.1,0.06157
2007.0,NOR,0.04661,2.14548,20.63,0.08122,17.37,Norway,236272.0,4.72202,3.43115,50036.4,0.063915
2008.0,NOR,0.04788,2.04167,20.79,0.07718,17.52,Norway,253762.0,4.77896,3.42741,53099.8,0.06253
2009.0,NOR,0.0461,1.87796,20.91,0.07612,17.84,Norway,231119.0,4.834,3.42367,47811.2,0.06111
1950.0,NZL,0.1223,1.59701,15.0,0.17188,12.82,New Zealand,20632.8,1.90261,2.84396,10844.5,0.14709
1951.0,NZL,0.11615,1.59102,14.79,0.17524,12.88,New Zealand,19268.1,1.94157,2.85514,9923.98,0.14569500000000002
1952.0,NZL,0.11469,1.56948,15.04,0.17616,12.99,New Zealand,18743.6,1.98883,2.86636,9424.42,0.145425
1953.0,NZL,0.10956,1.58997,15.62,0.16751,13.32,New Zealand,19964.4,2.04127,2.87762,9780.35,0.138535
1954.0,NZL,0.10689,1.57013,15.51,0.17123,13.12,New Zealand,21961.2,2.08652,2.88893,10525.2,0.13906
1955.0,NZL,0.11501,1.54945,15.45,0.16994,13.17,New Zealand,22850.6,2.12978,2.90028,10729.1,0.14247500000000002
1956.0,NZL,0.10831,1.59207,15.61,0.16957,12.94,New Zealand,23121.0,2.17178,2.9135,10646.1,0.13894
1957.0,NZL,0.1102,1.57013,15.42,0.18283,12.57,New Zealand,23930.8,2.22274,2.92678,10766.3,0.146515
1958.0,NZL,0.10338,1.44563,15.74,0.16658,13.13,New Zealand,23877.8,2.27471,2.94013,10497.1,0.13498
1959.0,NZL,0.10559,1.49261,15.58,0.17204,12.85,New Zealand,25896.9,2.32415,2.95353,11142.5,0.138815
1960.0,NZL,0.09754,1.53648,15.92,0.16886,13.09,New Zealand,28810.6,2.36466,2.96699,12183.8,0.1332
1961.0,NZL,0.10468,1.53648,15.59,0.17437,13.01,New Zealand,30375.8,2.42518,2.9849,12525.2,0.139525
1962.0,NZL,0.10424,1.52994,15.71,0.17236,12.76,New Zealand,31445.4,2.48111,3.00292,12673.9,0.1383
1963.0,NZL,0.10043,1.52994,15.83,0.17462,12.6,New Zealand,34142.1,2.53375,3.02105,13474.9,0.137525
1964.0,NZL,0.10437,1.62617,15.79,0.17713,12.64,New Zealand,35932.1,2.5842,3.03929,13904.5,0.14075000000000001
1965.0,NZL,0.10503,1.48662,15.91,0.17949,12.76,New Zealand,37936.0,2.63251,3.05763,14410.6,0.14226
1966.0,NZL,0.10827,1.47733,15.84,0.18734,12.37,New Zealand,40212.5,2.67952,3.08754,15007.4,0.14780500000000002
1967.0,NZL,0.1,1.49044,16.3,0.17654,13.01,New Zealand,37607.4,2.72,3.11773,13826.3,0.13827
1968.0,NZL,0.10241,1.4948,15.93,0.18547,12.45,New Zealand,37290.7,2.75075,3.14822,13556.5,0.14394
1969.0,NZL,0.09792,1.50352,16.16,0.18149,12.57,New Zealand,41327.6,2.78017,3.17901,14865.1,0.139705
1970.0,NZL,0.10014,1.53476,16.06,0.19249,12.48,New Zealand,39919.6,2.8196,3.2101,14157.9,0.146315
1971.0,NZL,0.09149,1.44543,16.52,0.17972,12.73,New Zealand,41718.7,2.87189,3.24021,14526.6,0.135605
1972.0,NZL,0.10182,1.49554,16.1,0.17451,12.86,New Zealand,45092.7,2.93058,3.2706,15387.0,0.13816499999999998
1973.0,NZL,0.09792,1.54855,16.35,0.18415,12.72,New Zealand,49859.6,2.99013,3.30127,16674.7,0.141035
1974.0,NZL,0.09129,1.53277,16.52,0.17094,12.92,New Zealand,49023.8,3.04276,3.33223,16111.6,0.131115
1975.0,NZL,0.08669,1.52687,16.83,0.16883,13.08,New Zealand,46507.4,3.08311,3.36348,15084.6,0.12776
1976.0,NZL,0.0901,1.45977,16.81,0.17193,12.83,New Zealand,48504.1,3.10901,3.355,15601.2,0.131015
1977.0,NZL,0.09173,1.49213,16.92,0.16741,12.96,New Zealand,47063.4,3.12285,3.34655,15070.6,0.12957000000000002
1978.0,NZL,0.08736,1.48193,17.38,0.16303,13.39,New Zealand,47429.8,3.12944,3.33812,15156.0,0.125195
1979.0,NZL,0.0907,1.47687,17.2,0.16355,13.24,New Zealand,47774.9,3.13583,3.32971,15235.2,0.127125
1980.0,NZL,0.0996,1.46707,16.76,0.16545,13.0,New Zealand,47098.6,3.14718,3.32132,14965.3,0.132525
1981.0,NZL,0.08858,1.46425,17.5,0.15878,13.59,New Zealand,49118.2,3.16541,3.3225,15517.2,0.12368000000000001
1982.0,NZL,0.08689,1.46275,17.62,0.16037,13.59,New Zealand,48744.4,3.18913,3.32368,15284.5,0.12363
1983.0,NZL,0.08648,1.49529,17.51,0.15722,13.59,New Zealand,51353.5,3.21632,3.32487,15966.6,0.12185
1984.0,NZL,0.08123,1.51046,17.93,0.14626,13.87,New Zealand,53167.7,3.24359,3.32605,16391.6,0.113745
1985.0,NZL,0.08457,1.50176,17.33,0.15335,13.58,New Zealand,53302.3,3.26871,3.32724,16306.8,0.11896
1986.0,NZL,0.08069,1.45475,17.69,0.14977,13.78,New Zealand,56873.1,3.29065,3.32365,17283.3,0.11523
1987.0,NZL,0.08204,1.57803,17.56,0.14865,13.87,New Zealand,59435.2,3.31092,3.32007,17951.2,0.115345
1988.0,NZL,0.08107,1.50994,17.75,0.14293,14.04,New Zealand,61993.2,3.3328,3.31649,18600.9,0.112
1989.0,NZL,0.07353,1.64144,18.08,0.14014,14.29,New Zealand,63569.2,3.36083,3.31292,18914.7,0.10683499999999999
1990.0,NZL,0.0747,1.86133,18.44,0.13276,14.68,New Zealand,63524.8,3.39798,3.30935,18694.9,0.10372999999999999
1991.0,NZL,0.07316,1.7593,18.67,0.12621,15.11,New Zealand,62747.4,3.44601,3.31826,18208.7,0.099685
1992.0,NZL,0.06816,1.79239,18.76,0.12808,14.87,New Zealand,64416.3,3.50312,3.32719,18388.2,0.09812
1993.0,NZL,0.0695,1.78431,18.82,0.11746,15.21,New Zealand,69906.9,3.56453,3.33615,19611.8,0.09348000000000001
1994.0,NZL,0.06312,1.79936,19.13,0.11993,15.26,New Zealand,74768.0,3.62342,3.34513,20634.7,0.091525
1995.0,NZL,0.06578,1.79936,19.07,0.11771,15.32,New Zealand,79043.8,3.67506,3.35414,21508.2,0.091745
1996.0,NZL,0.06464,1.83403,19.1,0.10935,15.63,New Zealand,81793.9,3.71734,3.36285,22003.3,0.086995
1997.0,NZL,0.06089,1.8673,19.57,0.10706,15.92,New Zealand,84611.2,3.75213,3.37158,22550.2,0.083975
1998.0,NZL,0.056,2.00503,20.13,0.0978,16.53,New Zealand,86436.0,3.78347,3.38033,22845.7,0.0769
1999.0,NZL,0.06061,2.00503,19.62,0.0927,16.34,New Zealand,91846.4,3.81737,3.38911,24060.1,0.076655
2000.0,NZL,0.05086,1.70126,20.47,0.09255,16.75,New Zealand,93494.0,3.85803,3.39791,24233.6,0.07170499999999999
2001.0,NZL,0.05555,1.77399,20.06,0.08892,16.78,New Zealand,96832.0,3.90683,3.41038,24785.3,0.072235
2002.0,NZL,0.0509,1.79491,20.13,0.08463,17.06,New Zealand,99867.2,3.96198,3.42289,25206.4,0.06776499999999999
2003.0,NZL,0.05052,1.92593,20.35,0.08,17.32,New Zealand,103007.0,4.02077,3.43546,25618.8,0.06526
2004.0,NZL,0.05073,2.0989,20.36,0.0782,17.48,New Zealand,104968.0,4.07913,3.44807,25733.0,0.064465
2005.0,NZL,0.04472,1.81169,20.99,0.07097,18.23,New Zealand,105482.0,4.13412,3.46072,25515.0,0.05784500000000001
2006.0,NZL,0.04666,1.81169,20.73,0.07169,18.13,New Zealand,107910.0,4.1849,3.47223,25785.6,0.059175000000000005
2007.0,NZL,0.0482,1.80128,20.96,0.06751,18.28,New Zealand,115119.0,4.23246,3.48377,27199.2,0.057855000000000004
2008.0,NZL,0.04356,1.89686,21.0,0.07024,18.33,New Zealand,113417.0,4.27781,3.49536,26512.8,0.0569
2009.0,NZL,0.04356,1.89686,21.0,0.07024,18.33,New Zealand,113417.0,4.27781,3.49536,26512.8,0.0569
1950.0,SWE,0.11975,1.68871,14.3,0.14416,13.52,Sweden,59635.1,7.01404,2.25222,8502.25,0.131955
1951.0,SWE,0.11578,1.73421,14.47,0.14057,13.65,Sweden,63639.1,7.07286,2.26133,8997.65,0.12817499999999998
1952.0,SWE,0.1143,1.68493,14.71,0.14015,13.83,Sweden,63426.9,7.1247,2.27048,8902.39,0.127225
1953.0,SWE,0.11549,1.67843,14.62,0.14104,13.8,Sweden,65326.3,7.17149,2.27966,9109.16,0.128265
1954.0,SWE,0.11121,1.67431,14.83,0.14212,13.81,Sweden,68944.0,7.21352,2.28888,9557.61,0.126665
1955.0,SWE,0.10724,1.65746,15.12,0.13634,13.98,Sweden,71420.5,7.26242,2.29814,9834.26,0.12179
1956.0,SWE,0.10706,1.64725,15.09,0.13834,13.89,Sweden,73903.6,7.31458,2.31296,10103.6,0.1227
1957.0,SWE,0.10666,1.63573,14.97,0.14187,13.74,Sweden,75464.0,7.36383,2.32786,10247.9,0.124265
1958.0,SWE,0.10225,1.62344,15.28,0.13961,13.95,Sweden,77441.7,7.40918,2.34287,10452.1,0.12093000000000001
1959.0,SWE,0.09865,1.62073,15.49,0.13412,14.06,Sweden,81703.5,7.44628,2.35797,10972.4,0.11638499999999999
1960.0,SWE,0.09787,1.58789,15.29,0.14269,13.71,Sweden,85106.5,7.48043,2.37317,11377.2,0.12028
1961.0,SWE,0.09357,1.5596,15.59,0.1393,13.99,Sweden,89932.2,7.52003,2.39103,11959.0,0.11643500000000001
1962.0,SWE,0.09373,1.54855,15.51,0.14348,13.7,Sweden,93153.2,7.56162,2.40902,12319.2,0.11860499999999999
1963.0,SWE,0.09494,1.54675,15.76,0.1375,13.89,Sweden,97781.6,7.60436,2.42715,12858.6,0.11622
1964.0,SWE,0.09024,1.51975,16.02,0.14144,13.94,Sweden,104341.0,7.66139,2.44541,13619.1,0.11584
1965.0,SWE,0.08929,1.51813,16.07,0.13897,13.89,Sweden,108445.0,7.73389,2.46381,14022.1,0.11413000000000001
1966.0,SWE,0.08488,1.50327,16.23,0.14195,13.97,Sweden,110446.0,7.80783,2.48663,14145.5,0.11341499999999999
1967.0,SWE,0.08511,1.47778,16.3,0.14109,13.98,Sweden,114085.0,7.86797,2.50967,14500.0,0.1131
1968.0,SWE,0.084,1.4817,16.19,0.13876,13.89,Sweden,118154.0,7.91225,2.53292,14933.0,0.11138
1969.0,SWE,0.08126,1.47438,16.39,0.14293,13.84,Sweden,124174.0,7.96805,2.55638,15584.0,0.112095
1970.0,SWE,0.07926,1.46275,16.95,0.13582,14.3,Sweden,132833.0,8.04284,2.57348,16515.7,0.10754
1971.0,SWE,0.07652,1.44984,17.06,0.13894,14.07,Sweden,133222.0,8.08496,2.59981,16477.7,0.10773
1972.0,SWE,0.07685,1.44366,17.08,0.13829,14.11,Sweden,136055.0,8.11786,2.6264,16760.0,0.10757
1973.0,SWE,0.07678,1.44346,17.17,0.1423,13.99,Sweden,141012.0,8.14422,2.65326,17314.4,0.10954
1974.0,SWE,0.07544,1.44964,17.32,0.13851,14.07,Sweden,142858.0,8.16813,2.6804,17489.7,0.10697499999999999
1975.0,SWE,0.0746,1.44366,17.34,0.14056,14.05,Sweden,149489.0,8.19257,2.70782,18246.9,0.10758
1976.0,SWE,0.07172,1.40453,17.34,0.14033,13.93,Sweden,150721.0,8.21893,2.72974,18338.2,0.10602500000000001
1977.0,SWE,0.06908,1.3252,17.81,0.13777,14.2,Sweden,145357.0,8.2463,2.75185,17626.9,0.103425
1978.0,SWE,0.06935,1.36778,17.78,0.13695,14.19,Sweden,145464.0,8.27258,2.77413,17583.8,0.10314999999999999
1979.0,SWE,0.06847,1.34294,17.92,0.13491,14.19,Sweden,150932.0,8.2946,2.79659,18196.4,0.10169
1980.0,SWE,0.06779,1.35423,17.95,0.13277,14.32,Sweden,152839.0,8.31047,2.81923,18391.2,0.10028000000000001
1981.0,SWE,0.06597,1.3882,18.04,0.13442,14.35,Sweden,151126.0,8.31927,2.8327,18165.7,0.100195
1982.0,SWE,0.06664,1.40016,18.32,0.13025,14.56,Sweden,151482.0,8.32291,2.84622,18200.6,0.098445
1983.0,SWE,0.06416,1.42123,18.51,0.12703,14.65,Sweden,154000.0,8.32568,2.85981,18496.9,0.095595
1984.0,SWE,0.06008,1.42753,18.7,0.12436,14.83,Sweden,162396.0,8.33345,2.87347,19487.3,0.09222
1985.0,SWE,0.06328,1.40258,18.52,0.12746,14.67,Sweden,166221.0,8.35039,2.88719,19905.7,0.09537
1986.0,SWE,0.06285,1.3775,18.72,0.12444,14.81,Sweden,175182.0,8.37742,2.90425,20911.2,0.093645
1987.0,SWE,0.06017,1.44643,18.89,0.11776,14.99,Sweden,182683.0,8.41315,2.92142,21714.0,0.088965
1988.0,SWE,0.06274,1.54615,18.68,0.11997,14.94,Sweden,190437.0,8.45656,2.93868,22519.4,0.09135499999999999
1989.0,SWE,0.05838,1.60753,19.16,0.11418,15.39,Sweden,199228.0,8.50575,2.95605,23422.8,0.08628
1990.0,SWE,0.05834,1.58005,19.03,0.10927,15.31,Sweden,202318.0,8.55883,2.97352,23638.5,0.083805
1991.0,SWE,0.0586,1.68587,19.2,0.11157,15.41,Sweden,201377.0,8.61673,2.99711,23370.5,0.085085
1992.0,SWE,0.05932,1.62461,19.26,0.10917,15.55,Sweden,200247.0,8.67866,3.02088,23073.6,0.084245
1993.0,SWE,0.05857,1.65147,19.16,0.10733,15.55,Sweden,195159.0,8.73889,3.04485,22332.3,0.08295
1994.0,SWE,0.05359,1.71994,19.75,0.10145,16.02,Sweden,207519.0,8.78998,3.06901,23608.7,0.07752
1995.0,SWE,0.05528,1.65488,19.67,0.10186,15.95,Sweden,221646.0,8.82695,3.09335,25110.2,0.07857
1996.0,SWE,0.05383,1.67159,19.71,0.10079,16.08,Sweden,225466.0,8.84742,3.10524,25483.8,0.07731
1997.0,SWE,0.05201,1.69108,19.88,0.09714,16.23,Sweden,236112.0,8.85393,3.11717,26667.5,0.074575
1998.0,SWE,0.05211,1.74906,20.0,0.09599,16.33,Sweden,249541.0,8.85265,3.12915,28188.3,0.07405
1999.0,SWE,0.05239,1.75988,19.89,0.09185,16.44,Sweden,266899.0,8.85249,3.14117,30149.7,0.07212
2000.0,SWE,0.05097,2.03842,20.06,0.08836,16.69,Sweden,281757.0,8.86015,3.15324,31800.4,0.069665
2001.0,SWE,0.05249,1.97752,20.03,0.08683,16.88,Sweden,279221.0,8.87702,3.17207,31454.4,0.06966
2002.0,SWE,0.05158,1.90416,19.99,0.08605,16.88,Sweden,280789.0,8.90183,3.191,31542.9,0.068815
2003.0,SWE,0.04993,1.95785,20.3,0.08449,17.01,Sweden,282036.0,8.93539,3.21005,31563.9,0.06720999999999999
2004.0,SWE,0.04762,1.92851,20.54,0.08147,17.39,Sweden,291298.0,8.97797,3.22921,32445.9,0.064545
2005.0,SWE,0.04951,1.93371,20.57,0.0807,17.36,Sweden,281993.0,9.02934,3.24849,31230.8,0.065105
2006.0,SWE,0.04574,2.0989,20.7,0.07689,17.6,Sweden,298878.0,9.09071,3.24766,32877.3,0.061315
2007.0,SWE,0.04839,2.07759,20.62,0.07479,17.83,Sweden,322479.0,9.16137,3.24684,35199.9,0.06159
2008.0,SWE,0.0474,2.11732,20.8,0.07369,17.92,Sweden,325454.0,9.23687,3.24602,35234.2,0.060545
2009.0,SWE,0.04533,1.99305,20.99,0.06977,18.14,Sweden,306838.0,9.31111,3.2452,32954.0,0.057550000000000004
1950.0,USA,0.12209,1.97087,15.11,0.18667,12.77,United States,2000000.0,155.547,2.63271,12801.7,0.15438000000000002
1951.0,USA,0.12027,1.89286,15.2,0.18754,12.79,United States,2100000.0,158.21,2.64582,13387.4,0.15390500000000001
1952.0,USA,0.11828,1.82102,15.37,0.18552,12.94,United States,2200000.0,160.943,2.65901,13621.2,0.15189999999999998
1953.0,USA,0.11781,1.78864,15.42,0.1866,12.9,United States,2300000.0,163.63,2.67225,14032.0,0.15220499999999998
1954.0,USA,0.11239,1.77519,15.83,0.18163,13.19,United States,2300000.0,166.534,2.68557,13739.6,0.14701
1955.0,USA,0.11341,1.76336,15.73,0.18316,13.05,United States,2500000.0,169.501,2.69895,14551.5,0.148285
1956.0,USA,0.11232,1.72046,15.79,0.18403,13.03,United States,2500000.0,172.537,2.71372,14599.4,0.148175
1957.0,USA,0.11432,1.72254,15.7,0.19068,12.86,United States,2600000.0,175.684,2.72858,14640.9,0.1525
1958.0,USA,0.11107,1.70721,15.8,0.18803,12.93,United States,2600000.0,178.645,2.74352,14283.5,0.14955000000000002
1959.0,USA,0.10792,1.66313,15.98,0.18482,13.04,United States,2700000.0,181.656,2.75853,15072.1,0.14637
1960.0,USA,0.10709,1.66534,15.98,0.18778,12.89,United States,2800000.0,184.558,2.77364,15220.3,0.147435
1961.0,USA,0.10411,1.64309,16.2,0.18529,13.06,United States,2900000.0,187.643,2.80621,15323.3,0.1447
1962.0,USA,0.10473,1.61275,16.12,0.18866,12.92,United States,3100000.0,190.552,2.83916,16027.8,0.146695
1963.0,USA,0.10461,1.61576,16.09,0.1917,12.75,United States,3200000.0,193.314,2.8725,16494.7,0.148155
1964.0,USA,0.10175,1.63939,16.38,0.18618,12.99,United States,3400000.0,196.018,2.90623,17236.4,0.143965
1965.0,USA,0.10172,1.6734,16.42,0.18791,12.91,United States,3600000.0,198.484,2.94036,18176.2,0.144815
1966.0,USA,0.10203,1.69686,16.39,0.18901,12.85,United States,3800000.0,200.789,2.97059,19141.7,0.14552
1967.0,USA,0.09985,1.69156,16.63,0.18496,12.99,United States,3900000.0,202.987,3.00114,19412.3,0.142405
1968.0,USA,0.10205,1.69396,16.47,0.19127,12.76,United States,4100000.0,205.024,3.03199,20188.2,0.14666
1969.0,USA,0.09973,1.6592,16.69,0.18898,12.92,United States,4300000.0,207.038,3.06317,20667.2,0.144355
1970.0,USA,0.09744,1.65274,16.91,0.18665,13.04,United States,4300000.0,209.464,3.09467,20494.5,0.142045
1971.0,USA,0.09329,1.64144,17.03,0.18172,13.11,United States,4400000.0,211.356,3.12373,21046.4,0.137505
1972.0,USA,0.09468,1.64683,17.01,0.18262,13.05,United States,4700000.0,213.25,3.15306,22062.5,0.13865
1973.0,USA,0.09111,1.63052,17.15,0.17977,13.13,United States,5000000.0,215.165,3.18267,23182.7,0.13544
1974.0,USA,0.08744,1.70621,17.46,0.17386,13.38,United States,4900000.0,217.114,3.21256,22541.3,0.13065
1975.0,USA,0.08347,1.68306,17.88,0.1678,13.66,United States,4900000.0,219.108,3.24272,22239.2,0.125635
1976.0,USA,0.08233,1.68966,17.96,0.16516,13.73,United States,5200000.0,221.161,3.26708,23323.7,0.123745
1977.0,USA,0.08113,1.70175,18.25,0.16014,13.94,United States,5400000.0,223.275,3.29163,24150.3,0.12063499999999999
1978.0,USA,0.0806,1.71633,18.3,0.15835,14.0,United States,5700000.0,225.436,3.31635,25303.3,0.119475
1979.0,USA,0.07929,1.75188,18.55,0.15428,14.25,United States,5900000.0,227.624,3.34127,25739.6,0.116785
1980.0,USA,0.08232,1.7728,18.32,0.15656,14.11,United States,5800000.0,229.825,3.36637,25021.1,0.11944
1981.0,USA,0.0814,1.79491,18.53,0.15283,14.3,United States,5900000.0,232.035,3.36932,25481.0,0.117115
1982.0,USA,0.08055,1.87108,18.66,0.1507,14.42,United States,5800000.0,234.261,3.37228,24720.8,0.115625
1983.0,USA,0.08074,1.9311,18.59,0.14935,14.37,United States,6100000.0,236.511,3.37524,25724.9,0.11504500000000001
1984.0,USA,0.08077,2.01215,18.63,0.14656,14.48,United States,6600000.0,238.794,3.3782,27528.5,0.11366499999999999
1985.0,USA,0.0806,2.02145,18.58,0.14527,14.45,United States,6800000.0,241.12,3.38116,28377.0,0.11293500000000001
1986.0,USA,0.08056,1.98814,18.65,0.14262,14.57,United States,7100000.0,243.496,3.38757,28980.9,0.11159
1987.0,USA,0.08013,2.17371,18.71,0.14074,14.69,United States,7300000.0,245.921,3.394,29499.1,0.110435
1988.0,USA,0.0797,2.48588,18.67,0.13998,14.71,United States,7600000.0,248.382,3.40044,30399.3,0.10984
1989.0,USA,0.0783,2.35318,18.88,0.13617,14.98,United States,7800000.0,250.858,3.40689,31189.0,0.107235
1990.0,USA,0.07726,2.3624,19.04,0.13346,15.13,United States,7900000.0,253.339,3.41336,31343.7,0.10536
1991.0,USA,0.07664,2.24224,19.13,0.13166,15.25,United States,7900000.0,255.807,3.43216,30983.5,0.10414999999999999
1992.0,USA,0.07588,2.4245,19.24,0.1296,15.41,United States,8200000.0,258.276,3.45106,31798.3,0.10274
1993.0,USA,0.07688,2.30208,19.02,0.13027,15.3,United States,8500000.0,260.803,3.47007,32537.0,0.103575
1994.0,USA,0.07601,2.29199,19.1,0.12676,15.48,United States,8900000.0,263.469,3.48918,33683.2,0.101385
1995.0,USA,0.07524,2.30378,19.09,0.12394,15.55,United States,9100000.0,266.324,3.5084,34210.8,0.09959
1996.0,USA,0.07435,2.36426,19.12,0.12097,15.66,United States,9500000.0,269.394,3.51178,35225.0,0.09766
1997.0,USA,0.07318,2.46843,19.17,0.1188,15.77,United States,10000000.0,272.643,3.51517,36567.1,0.09598999999999999
1998.0,USA,0.07329,2.55039,19.14,0.11664,15.86,United States,10000000.0,275.986,3.51856,37978.5,0.094965
1999.0,USA,0.07383,2.64204,19.03,0.11494,15.9,United States,11000000.0,279.3,3.52196,39381.8,0.094385
2000.0,USA,0.07303,2.7452,19.08,0.11161,16.08,United States,11000000.0,282.496,3.52536,40488.7,0.09232
2001.0,USA,0.07163,2.5625,19.18,0.10944,16.25,United States,12000000.0,285.545,3.53519,40522.1,0.090535
2002.0,USA,0.07016,2.48588,19.24,0.1067,16.37,United States,12000000.0,288.467,3.54505,40822.7,0.08843000000000001
2003.0,USA,0.06868,2.52439,19.37,0.10438,16.57,United States,12000000.0,291.291,3.55495,41404.5,0.08653
2004.0,USA,0.06654,2.67504,19.67,0.10017,16.92,United States,12000000.0,294.063,3.56487,42449.4,0.083355
2005.0,USA,0.06553,2.79533,19.69,0.09783,16.99,United States,13000000.0,296.82,3.57481,43212.3,0.08168
2006.0,USA,0.06337,2.79211,19.95,0.09546,17.28,United States,13000000.0,299.564,3.58356,43953.6,0.079415
2007.0,USA,0.06219,2.84502,20.13,0.09344,17.49,United States,13000000.0,302.285,3.59232,44372.3,0.077815
2008.0,USA,0.06226,2.77936,20.11,0.09336,17.52,United States,13000000.0,304.989,3.60111,43236.9,0.07781
2009.0,USA,0.06012,2.66945,20.46,0.09092,17.83,United States,13000000.0,307.687,3.60992,41728.3,0.07552
