,v2x_polyarchy,ipema_any_demo_assist_dum_2l,ipema_any_demo_assdiv_2l,iany_demo_all_max_dum_2l,iany_demo_all_maxdiv_2l,iwdi_pop_3l,iwdi_oda_3l,iwdi_gdppc_3l,iunhcr_ref_idp_3l,iwdi_literacy_3l,iwdi_fuel_3l,country
0,0.112,0.0,0.0,0.0,0.025641026,933045.0,100820000.0,176.25958,15724.5,35.632393,0.27770302,Guinea-Bissau
1,0.142,0.0,0.0,0.0,0.0,953790.0,114900000.0,223.46954,15724.5,35.632393,0.27770302,Guinea-Bissau
2,0.161,0.0,0.0,0.0,0.0,975261.0,126350000.0,250.15047,3004.0,35.632393,0.27770302,Guinea-Bissau
3,0.226,0.0,0.051282052,0.0,0.025641026,997522.0,112820000.0,257.78918,4631.0,35.632393,0.27770302,Guinea-Bissau
4,0.4,0.0,0.05,0.0,0.05,1020350.0,107300000.0,221.79982,12163.0,35.632393,0.27770302,Guinea-Bissau
5,0.4,0.0,0.05,0.0,0.05,1043423.0,94530000.0,227.02281,20735.0,35.632393,0.27770302,Guinea-Bissau
6,0.4,0.0,0.0,0.0,0.0,1066346.0,174360000.0,220.96022,23909.0,35.632393,0.27770302,Guinea-Bissau
7,0.377,0.0,0.0,0.0,0.0,1088854.0,117600000.0,233.2424,15350.0,35.632393,0.0,Guinea-Bissau
8,0.382,0.0,0.0,0.0,0.025,1110833.0,180770000.0,243.43874,15401.0,35.632393,0.27770302,Guinea-Bissau
9,0.412,0.0,0.025,0.0,0.05,1132510.0,124530000.0,237.12903,15982.0,35.632393,0.27770302,Guinea-Bissau
10,0.417,0.0,0.05,0.0,0.025,1154371.0,96010000.0,178.84853,202154.0,35.632393,0.27770302,Guinea-Bissau
11,0.444,0.0,0.025,0.0,0.025,1177131.0,52600000.0,190.67262,7120.0,35.632393,0.27770302,Guinea-Bissau
12,0.388,0.0,0.025,0.0,0.025,1201301.0,81070000.0,308.14413,7587.0,41.35777,0.27770302,Guinea-Bissau
13,0.356,0.0,0.025,0.0,0.05,1227106.0,60690000.0,319.6775,7332.0,35.632393,0.27770302,Guinea-Bissau
14,0.443,0.0,0.05,0.0,0.05,1254453.0,59880000.0,331.49387,7639.0,35.632393,0.27770302,Guinea-Bissau
15,0.49,0.0,0.125,0.0,0.125,1283305.0,145370000.0,371.21982,7551.0,35.632393,0.27770302,Guinea-Bissau
16,0.49,0.0,0.15,0.0,0.125,1313492.0,77850000.0,404.34915,7536.0,35.632393,0.80989194,Guinea-Bissau
17,0.433,0.0,0.125,0.0,0.1,1344930.0,66760004.0,436.30203,7616.0,35.632393,0.27770302,Guinea-Bissau
18,0.478,0.0,0.1,0.0,0.1,1377581.0,88200000.0,429.62225,7804.0,35.632393,0.27770302,Guinea-Bissau
19,0.462,0.0,0.1,0.0,0.1,1411543.0,125570000.0,493.0705,7860.0,35.632393,0.27770302,Guinea-Bissau
20,0.476,0.0,0.1,0.0,0.125,1446936.0,135690000.0,597.5764,7884.0,35.632393,0.27770302,Guinea-Bissau
21,0.329,0.0,0.1,0.0,0.1,1483921.0,149400000.0,557.17163,7898.0,35.632393,0.27770302,Guinea-Bissau
22,0.302,0.0,0.12195122,0.0,0.12195122,1522599.0,129000000.0,557.63214,7679.0,35.632393,0.27770302,Guinea-Bissau
23,0.477,0.0,0.09756097,0.0,0.09756097,1562989.0,120640000.0,702.74286,7800.0,35.632393,0.27770302,Guinea-Bissau
24,0.551,0.0,0.12195122,0.0,0.09756097,1604979.0,80320000.0,616.4117,7784.0,35.632393,0.27770302,Guinea-Bissau
25,0.534,0.0,0.14634146,0.0,0.12195122,1648257.0,105630000.0,634.4824,8535.0,35.632393,0.27770302,Guinea-Bissau
26,0.501,0.0,0.12195122,0.0,0.12195122,1692439.0,110250000.0,622.4817,8684.0,45.58116,0.27770302,Guinea-Bissau
27,0.532,0.0,0.14634146,0.0,0.14634146,1737202.0,95040000.0,603.1585,8684.0,35.632393,0.27770302,Guinea-Bissau
28,,0.0,0.0,0.0,0.025641026,,,,,,,
29,,0.0,0.0,0.0,0.0,,,,,,,
30,,0.0,0.0,0.0,0.0,,,,,,,
31,,0.0,0.051282052,0.0,0.025641026,,,,,,,
32,,0.0,0.05,0.0,0.05,,,,,,,
33,,0.0,0.05,0.0,0.05,,,,,,,
34,,0.0,0.0,0.0,0.0,,,,,,,
35,,0.0,0.0,0.0,0.0,,,,,,,
36,,0.0,0.0,0.0,0.025,,,,,,,
37,,0.0,0.025,0.0,0.05,,,,,,,
38,,0.0,0.05,0.0,0.025,,,,,,,
39,,0.0,0.025,0.0,0.025,,,,,,,
40,,0.0,0.025,0.0,0.025,,,,,,,
41,,0.0,0.025,0.0,0.05,,,,,,,
42,,0.0,0.05,0.0,0.05,,,,,,,
43,,0.0,0.125,0.0,0.125,,,,,,,
44,,0.0,0.15,0.0,0.125,,,,,,,
45,,0.0,0.125,0.0,0.1,,,,,,,
46,,0.0,0.1,0.0,0.1,,,,,,,
47,,0.0,0.1,0.0,0.1,,,,,,,
48,,0.0,0.1,0.0,0.125,,,,,,,
49,,0.0,0.1,0.0,0.1,,,,,,,
50,,0.0,0.12195122,0.0,0.12195122,,,,,,,
51,,0.0,0.09756097,0.0,0.09756097,,,,,,,
52,,0.0,0.12195122,0.0,0.09756097,,,,,,,
53,,0.0,0.14634146,0.0,0.12195122,,,,,,,
54,,0.0,0.12195122,0.0,0.12195122,,,,,,,
55,,0.0,0.14634146,0.0,0.14634146,,,,,,,
56,0.2,0.0,0.0,0.0,0.025641026,8171522.0,435380000.0,265.43903,50.0,26.482334,0.8202935,Mali
57,0.365,0.0,0.0,0.0,0.0,8296915.0,447180000.0,262.96786,50.0,26.482334,0.8202935,Mali
58,0.595,0.0,0.0,0.0,0.0,8449913.0,479170016.0,317.3893,13411.0,26.482334,0.8202935,Mali
59,0.595,0.0,0.051282052,0.0,0.025641026,8635527.0,449680000.0,315.45633,13120.0,26.482334,0.8202935,Mali
60,0.595,0.0,0.05,0.0,0.05,8850334.0,429690016.0,319.83804,13109.0,26.482334,0.8202935,Mali
61,0.595,0.0,0.05,0.0,0.05,9087176.0,369960000.0,310.13824,15224.0,26.482334,0.8202935,Mali
62,0.512,0.0,0.0,0.0,0.0,9334880.0,440149984.0,223.01802,18800.0,26.482334,0.8202935,Mali
63,0.48,0.0,0.0,0.0,0.0,9585653.0,540409980.0,282.34125,17916.0,26.482334,0.8202935,Mali
64,0.48,0.0,0.0,0.0,0.025,9837571.0,490170016.0,282.633,18234.0,26.482334,0.0,Mali
65,0.48,0.0,0.025,0.0,0.05,10094368.0,429329984.0,267.18915,12552.0,26.482334,0.0027279968,Mali
66,0.48,0.0,0.05,0.0,0.025,10360561.0,346820000.0,281.87262,13598.0,19.04497,0.02667249,Mali
67,0.56,0.0,0.025,0.0,0.025,10642936.0,354390016.0,323.16864,8302.0,26.482334,0.0052005197,Mali
68,0.612,0.0,0.025,0.0,0.025,10946445.0,288040000.0,269.87112,8412.0,26.482334,7.2039635e-05,Mali
69,0.612,0.0,0.025,0.0,0.05,11271600.0,351740000.0,307.43692,8439.0,26.482334,4.217277,Mali
70,0.612,0.0,0.05,0.0,0.05,11616887.0,420480000.0,334.83652,9095.0,26.482334,3.5796342,Mali
71,0.614,0.0,0.125,0.0,0.125,11982695.0,556229950.0,392.52475,10009.0,24.0,1.300219,Mali
72,0.607,0.0,0.15,0.0,0.125,12369070.0,585299970.0,440.16846,11256.0,26.482334,0.76755774,Mali
73,0.617,0.0,0.125,0.0,0.1,12775516.0,724590020.0,488.82812,11233.0,26.482334,1.5733051,Mali
74,0.641,0.0,0.1,0.0,0.1,13203378.0,869200000.0,522.57837,10585.0,26.17655,2.2538128,Mali
75,0.645,0.0,0.1,0.0,0.1,13651464.0,1021009980.0,596.6902,9203.0,26.482334,1.9170274,Mali
76,0.629,0.0,0.1,0.0,0.125,14113577.0,967750020.0,690.88245,9578.0,26.482334,5.9883876,Mali
77,0.337,0.0,0.1,0.0,0.1,14581429.0,984659970.0,698.2184,13538.0,26.482334,0.8202935,Mali
78,0.329,0.0,0.12195122,0.0,0.12195122,15049353.0,1091459970.0,709.582,13558.0,31.09975,0.12720421,Mali
79,0.513,0.0,0.09756097,0.0,0.09756097,15514591.0,1267619970.0,836.5098,15624.0,33.56094,0.15470569,Mali
80,0.56,1.0,0.09756097,1.0,0.07317073,15979499.0,995580030.0,778.66943,241858.0,26.482334,0.29540804,Mali
81,0.535,1.0,0.12195122,1.0,0.09756097,16449864.0,1397560060.0,805.25964,269138.0,26.482334,0.8202935,Mali
82,0.502,1.0,0.09756097,1.0,0.09756097,16934220.0,1235840000.0,847.1504,115011.0,26.482334,0.8202935,Mali
83,0.509,1.0,0.12195122,1.0,0.12195122,17438778.0,1201600000.0,751.1706,77837.0,33.06889,0.8202935,Mali
84,0.502,0.0,0.0,0.0,0.025641026,7086627.0,599750020.0,890.55835,5203.0,26.86885,13.628707,Senegal
85,0.541,0.0,0.0,0.0,0.0,7303517.0,710789950.0,851.6162,53345.0,43.50004,11.253436,Senegal
86,0.656,0.0,0.0,0.0,0.0,7526307.0,811729980.0,961.574,58113.0,43.50004,12.327911,Senegal
87,0.604,0.0,0.051282052,0.0,0.025641026,7755496.0,627520000.0,916.9308,71908.0,43.50004,15.991593,Senegal
88,0.667,0.0,0.05,0.0,0.05,7990096.0,662380030.0,951.4285,71620.0,43.50004,11.753529,Senegal
89,0.653,0.0,0.05,0.0,0.05,8226760.0,493120000.0,873.8831,73002.0,43.50004,14.4337,Senegal
90,0.653,0.0,0.0,0.0,0.0,8461068.0,635489980.0,580.11774,72994.0,43.50004,16.427334,Senegal
91,0.662,0.0,0.0,0.0,0.0,8690164.0,652340030.0,710.7245,66769.0,43.50004,13.628707,Senegal
92,0.668,0.0,0.0,0.0,0.025,8912861.0,573880000.0,719.54333,65044.0,43.50004,22.462574,Senegal
93,0.673,0.0,0.025,0.0,0.05,9130877.0,424529984.0,647.82935,57229.0,43.50004,26.57138,Senegal
94,0.633,0.0,0.05,0.0,0.025,9347774.0,502080000.0,681.2601,60823.0,43.50004,18.019314,Senegal
95,0.723,0.0,0.025,0.0,0.025,9568722.0,535979968.0,680.5723,21539.0,43.50004,17.178715,Senegal
96,0.723,0.0,0.025,0.0,0.025,9797734.0,432149984.0,604.65405,20766.0,43.50004,14.028502,Senegal
97,0.723,0.0,0.025,0.0,0.05,10036104.0,423580000.0,615.2685,20707.0,43.50004,17.843395,Senegal
98,0.723,0.0,0.05,0.0,0.05,10283699.0,445280000.0,656.6227,20711.0,39.27525,22.959017,Senegal
99,0.723,0.0,0.125,0.0,0.125,10541467.0,458280000.0,823.7211,20726.0,43.50004,20.118752,Senegal
100,0.699,0.0,0.15,0.0,0.125,10810083.0,1066339970.0,940.5517,20804.0,43.50004,19.440218,Senegal
101,0.699,0.0,0.125,0.0,0.1,11090116.0,701349950.0,993.93207,20712.0,43.50004,21.070549,Senegal
102,0.688,0.0,0.1,0.0,0.1,11382268.0,869360000.0,1040.904,20591.0,41.89115,0.027753146,Senegal
103,0.701,0.0,0.1,0.0,0.1,11687080.0,865330050.0,1222.3729,20421.0,43.50004,19.44461,Senegal
104,0.696,0.0,0.1,0.0,0.125,12004701.0,1065829950.0,1411.9293,33193.0,43.50004,34.312042,Senegal
105,0.69,0.0,0.1,0.0,0.1,12335084.0,1017990020.0,1317.2357,22151.0,49.69513,24.008465,Senegal
106,0.641,0.0,0.12195122,0.0,0.12195122,12678148.0,936400000.0,1278.9778,20672.0,43.50004,23.191196,Senegal
107,0.642,0.0,0.09756097,0.0,0.09756097,13033809.0,1054600000.0,1371.7234,20644.0,52.05196,16.33163,Senegal
108,0.645,0.0,0.12195122,0.0,0.09756097,13401991.0,1075779970.0,1330.0575,14237.0,43.50004,16.552774,Senegal
109,0.638,0.0,0.14634146,0.0,0.12195122,13782420.0,994480000.0,1375.6787,14247.0,42.8175,19.07203,Senegal
110,0.672,0.0,0.12195122,0.0,0.12195122,14174731.0,1108680060.0,1394.7948,14274.0,43.50004,19.187164,Senegal
111,0.737,0.0,0.14634146,0.0,0.14634146,14578459.0,869400000.0,1218.7643,14392.0,43.50004,15.389223,Senegal
112,0.136,0.0,0.0,0.0,0.025641026,1930433.0,182930000.0,495.93927,33600.355,50.069683,5.8456244,Mauritania
113,0.201,0.0,0.0,0.0,0.0,1981899.0,250840000.0,495.24695,15000.0,50.069683,5.8456244,Mauritania
114,0.297,0.0,0.0,0.0,0.0,2034346.0,236180000.0,501.1934,60000.0,50.069683,5.8456244,Mauritania
115,0.311,0.0,0.051282052,0.0,0.025641026,2087912.0,217400000.0,691.451,35200.0,50.069683,5.8456244,Mauritania
116,0.293,0.0,0.05,0.0,0.05,2142645.0,199620000.0,683.4508,37500.0,50.069683,5.8456244,Mauritania
117,0.302,0.0,0.05,0.0,0.05,2198532.0,337840000.0,568.5362,51548.0,50.069683,5.8456244,Mauritania
118,0.297,0.0,0.0,0.0,0.0,2255516.0,268940000.0,583.42865,82229.0,50.069683,5.8456244,Mauritania
119,0.304,0.0,0.0,0.0,0.0,2313630.0,230230000.0,611.72125,34394.0,50.069683,0.5192621,Mauritania
120,0.304,0.0,0.0,0.0,0.025,2372901.0,272269984.0,607.94714,15880.0,50.069683,0.079776146,Mauritania
121,0.312,0.0,0.025,0.0,0.05,2433563.0,239070000.0,576.0882,7511.0,50.069683,5.8456244,Mauritania
122,0.313,0.0,0.05,0.0,0.025,2496216.0,165860000.0,550.88,26.0,50.069683,5.8456244,Mauritania
123,0.317,0.0,0.025,0.0,0.025,2561585.0,222700000.0,548.7473,223.0,50.069683,5.8456244,Mauritania
124,0.315,0.0,0.025,0.0,0.025,2630219.0,223630000.0,491.84277,350.0,51.20768,5.8456244,Mauritania
125,0.325,0.0,0.025,0.0,0.05,2702400.0,282740000.0,479.40347,365.0,50.069683,5.8456244,Mauritania
126,0.292,0.0,0.05,0.0,0.05,2778099.0,363460000.0,476.73862,405.0,50.069683,5.8456244,Mauritania
127,0.247,0.0,0.125,0.0,0.125,2857148.0,260850000.0,547.0752,475.0,50.069683,5.8456244,Mauritania
128,0.45,0.0,0.15,0.0,0.125,2939247.0,194770000.0,623.7804,473.0,50.069683,5.8456244,Mauritania
129,0.435,0.0,0.125,0.0,0.1,3024194.0,188800000.0,722.3239,632.0,50.069683,5.8456244,Mauritania
130,0.389,0.0,0.1,0.0,0.1,3111906.0,216320000.0,977.12354,770.0,50.069683,5.8456244,Mauritania
131,0.498,0.0,0.1,0.0,0.1,3202517.0,348850016.0,1048.1609,30471.0,45.50378,25.7443,Mauritania
132,0.498,0.0,0.1,0.0,0.125,3296238.0,454790016.0,1222.9254,27041.0,50.069683,21.671896,Mauritania
133,0.487,0.0,0.1,0.0,0.1,3393409.0,375980000.0,1079.2332,26795.0,50.069683,17.870295,Mauritania
134,0.484,0.0,0.12195122,0.0,0.12195122,3494195.0,373609984.0,1241.4287,26717.0,50.069683,16.647306,Mauritania
135,0.425,0.0,0.09756097,0.0,0.09756097,3598648.0,381720000.0,1435.6354,26535.0,50.069683,5.055262,Mauritania
136,0.457,0.0,0.12195122,0.0,0.09756097,3706554.0,409790016.0,1411.3528,80496.0,50.069683,14.963596,Mauritania
137,0.43,0.0,0.14634146,0.0,0.12195122,3817494.0,294740000.0,1477.3616,92767.0,50.069683,2.9677646,Mauritania
138,0.405,0.0,0.12195122,0.0,0.12195122,3930896.0,260709984.0,1371.5844,75635.0,50.069683,3.2626557,Mauritania
139,0.412,0.0,0.14634146,0.0,0.14634146,4046301.0,329460000.0,1193.4006,77394.0,50.069683,5.8456244,Mauritania
140,0.391,0.0,0.0,0.0,0.025641026,7548433.0,371410016.0,302.09665,48971.5,24.536283,3.384455,Niger
141,0.327,0.0,0.0,0.0,0.0,7780245.0,298049984.0,280.1412,48971.5,24.536283,3.384455,Niger
142,0.463,0.0,0.0,0.0,0.0,8026591.0,387589984.0,309.0569,792.0,24.536283,3.384455,Niger
143,0.568,0.0,0.051282052,0.0,0.025641026,8288735.0,369560000.0,280.86145,1385.0,24.536283,3.384455,Niger
144,0.524,0.0,0.05,0.0,0.05,8566770.0,356709984.0,273.73065,3699.0,24.536283,3.384455,Niger
145,0.317,0.0,0.05,0.0,0.05,8860287.0,338520000.0,181.3239,16692.0,24.536283,3.384455,Niger
146,0.41,0.0,0.0,0.0,0.0,9168312.0,372950016.0,170.5011,15070.0,24.536283,3.384455,Niger
147,0.434,0.0,0.0,0.0,0.0,9490288.0,272390016.0,198.1819,27622.0,24.536283,0.019360961,Niger
148,0.309,0.0,0.0,0.0,0.025,9826598.0,252060000.0,202.28474,25845.0,24.536283,0.00015565187,Niger
149,0.573,0.0,0.025,0.0,0.05,10178201.0,333230016.0,181.32866,7376.0,24.536283,0.00097212207,Niger
150,0.585,0.0,0.05,0.0,0.025,10545716.0,292340000.0,196.92711,3691.0,24.536283,0.026749987,Niger
151,0.606,0.0,0.025,0.0,0.025,10929918.0,187270000.0,184.64857,350.0,24.536283,0.014495672,Niger
152,0.602,0.0,0.025,0.0,0.025,11331557.0,209210000.0,158.70497,58.0,24.536283,1.6399559,Niger
153,0.607,0.0,0.025,0.0,0.05,11751365.0,258980016.0,165.54056,83.0,14.37604,2.0820189,Niger
154,0.613,0.0,0.05,0.0,0.05,12189983.0,295809984.0,178.05452,296.0,24.536283,1.384238,Niger
155,0.616,0.0,0.125,0.0,0.125,12647984.0,481020000.0,215.95665,328.0,24.536283,1.4547609,Niger
156,0.596,0.0,0.15,0.0,0.125,13125916.0,548680000.0,232.58557,344.0,24.536283,2.3668382,Niger
157,0.591,0.0,0.125,0.0,0.1,13624467.0,523090016.0,249.92793,301.0,28.67242,2.4484432,Niger
158,0.439,0.0,0.1,0.0,0.1,14143971.0,541940030.0,257.82916,317.0,24.536283,2.1616108,Niger
159,0.264,0.0,0.1,0.0,0.1,14685399.0,575449980.0,292.21973,319.0,24.536283,2.5650659,Niger
160,0.531,0.0,0.1,0.0,0.125,15250908.0,615449980.0,352.71997,320.0,24.536283,1.5854481,Niger
161,0.675,0.0,0.1,0.0,0.1,15843133.0,470630016.0,339.14362,325.0,24.536283,1.2380254,Niger
162,0.623,0.0,0.12195122,0.0,0.12195122,16464025.0,741380030.0,347.34305,314.0,24.536283,1.85211,Niger
163,0.619,0.0,0.09756097,0.0,0.09756097,17114760.0,644669950.0,374.48288,302.0,24.536283,1.107391,Niger
164,0.624,0.0,0.12195122,0.0,0.09756097,17795192.0,891140030.0,390.1199,50510.0,30.56039,18.279816,Niger
165,0.58,0.0,0.14634146,0.0,0.12195122,18504256.0,797299970.0,414.3886,57661.0,24.536283,31.494213,Niger
166,0.557,0.0,0.12195122,0.0,0.12195122,19240156.0,917780030.0,427.7372,77830.0,24.536283,27.03187,Niger
167,0.541,0.0,0.14634146,0.0,0.14634146,20001664.0,869280000.0,360.8534,262058.0,24.536283,19.83068,Niger
168,0.305,0.0,0.0,0.0,0.025641026,11094748.0,424730016.0,924.3266,800.0,34.13928,12.213579,Cote d'Ivoire
169,0.299,0.0,0.0,0.0,0.0,11502449.0,394560000.0,848.28986,480.0,41.880947,12.213579,Cote d'Ivoire
170,0.337,0.0,0.0,0.0,0.0,11924877.0,686400000.0,905.3217,272281.0,41.880947,12.213579,Cote d'Ivoire
171,0.262,0.0,0.051282052,0.0,0.025641026,12362407.0,629900030.0,848.7529,230290.0,41.880947,12.213579,Cote d'Ivoire
172,0.291,0.0,0.05,0.0,0.05,12812421.0,755700030.0,870.4812,174076.0,41.880947,12.213579,Cote d'Ivoire
173,0.426,0.0,0.05,0.0,0.05,13271643.0,763630020.0,832.2827,251588.0,41.880947,12.213579,Cote d'Ivoire
174,0.381,0.0,0.0,0.0,0.0,13735433.0,1593699970.0,605.2636,360112.0,41.880947,12.213579,Cote d'Ivoire
175,0.372,0.0,0.0,0.0,0.0,14199762.0,1212439940.0,774.6712,297908.0,41.880947,9.596778,Cote d'Ivoire
176,0.403,0.0,0.0,0.0,0.025,14665127.0,964770050.0,827.762,327696.0,41.880947,16.33831,Cote d'Ivoire
177,0.267,0.0,0.025,0.0,0.05,15130663.0,447000000.0,774.72766,208502.0,41.880947,13.201924,Cote d'Ivoire
178,0.444,0.0,0.05,0.0,0.025,15589414.0,967270020.0,809.0127,151182.0,36.35024,9.854764,Cote d'Ivoire
179,0.437,0.0,0.025,0.0,0.025,16032573.0,447780000.0,771.9684,138429.0,41.880947,12.700452,Cote d'Ivoire
180,0.429,0.0,0.025,0.0,0.025,16454668.0,350920000.0,651.3059,120691.0,48.74076,20.518244,Cote d'Ivoire
181,0.44,0.0,0.025,0.0,0.05,16853026.0,186080000.0,664.1277,126239.0,41.880947,14.965896,Cote d'Ivoire
182,0.422,0.0,0.05,0.0,0.05,17231540.0,1067500030.0,716.5303,144749.0,41.880947,11.43235,Cote d'Ivoire
183,0.479,1.0,0.1,1.0,0.1,17599610.0,253700000.0,869.7126,114010.0,41.880947,9.325352,Cote d'Ivoire
184,0.423,1.0,0.125,1.0,0.1,17970494.0,160710000.0,921.2013,110127.0,41.880947,18.566204,Cote d'Ivoire
185,0.459,1.0,0.1,1.0,0.075,18354514.0,91280000.0,930.82983,79666.0,41.880947,27.809633,Cote d'Ivoire
186,0.503,1.0,0.075,1.0,0.075,18754916.0,247140000.0,949.13184,736516.0,41.880947,36.98925,Cote d'Ivoire
187,0.477,1.0,0.075,1.0,0.075,19171236.0,171080000.0,1061.154,733695.0,41.880947,32.7101,Cote d'Ivoire
188,0.46,1.0,0.075,1.0,0.1,19605568.0,584630020.0,1235.6134,708767.0,41.880947,37.381733,Cote d'Ivoire
189,0.489,1.0,0.075,1.0,0.075,20059148.0,2403010050.0,1210.2954,543744.0,41.880947,29.982983,Cote d'Ivoire
190,0.504,1.0,0.09756097,1.0,0.09756097,20532950.0,845310020.0,1211.9303,540733.0,41.880947,24.08626,Cote d'Ivoire
191,0.532,1.0,0.07317073,1.0,0.07317073,21028656.0,1437709950.0,1207.0015,150889.0,41.880947,25.66029,Cote d'Ivoire
192,0.513,1.0,0.09756097,1.0,0.07317073,21547188.0,2908350210.0,1243.3446,48980.0,40.98163,30.919004,Cote d'Ivoire
193,0.565,1.0,0.12195122,0.0,0.12195122,22087504.0,1273459970.0,1415.4694,26980.0,41.880947,25.016932,Cote d'Ivoire
194,0.576,1.0,0.09756097,1.0,0.09756097,22647684.0,925040000.0,1559.3865,25925.0,43.90842,21.45598,Cote d'Ivoire
195,0.606,1.0,0.12195122,1.0,0.12195122,23226144.0,651669950.0,1426.4579,310252.0,41.880947,13.795719,Cote d'Ivoire
196,0.154,0.0,0.0,0.0,0.025641026,5982486.0,254960000.0,398.546,227155.83,26.892338,0.37864894,Guinea
197,0.177,0.0,0.0,0.0,0.0,6167475.0,363160000.0,394.33145,227155.83,26.892338,0.37864894,Guinea
198,0.176,0.0,0.0,0.0,0.0,6352283.0,291580000.0,419.78864,325000.0,26.892338,0.37864894,Guinea
199,0.274,0.0,0.051282052,0.0,0.025641026,6534939.0,377520000.0,461.34946,547960.0,26.892338,0.37864894,Guinea
200,0.268,0.0,0.05,0.0,0.05,6716038.0,447280000.0,489.07187,478491.0,26.892338,0.37864894,Guinea
201,0.278,0.0,0.05,0.0,0.05,6897166.0,410280000.0,475.42184,577158.0,26.892338,0.37864894,Guinea
202,0.277,0.0,0.0,0.0,0.0,7081116.0,358230016.0,477.78046,553244.0,26.892338,0.37864894,Guinea
203,0.272,0.0,0.0,0.0,0.0,7269625.0,415920000.0,508.10782,672298.0,26.892338,0.0,Guinea
204,0.278,0.0,0.0,0.0,0.025,7463782.0,298060000.0,518.3742,663854.0,20.55375,0.016994808,Guinea
205,0.286,0.0,0.025,0.0,0.05,7662075.0,381390016.0,493.8334,435300.0,26.892338,0.0063907453,Guinea
206,0.304,0.0,0.05,0.0,0.025,7860781.0,359570016.0,456.49103,482467.0,26.892338,0.013640526,Guinea
207,0.294,0.0,0.025,0.0,0.025,8054743.0,237830000.0,429.71976,501544.0,26.892338,0.022510901,Guinea
208,0.292,0.0,0.025,0.0,0.025,8240730.0,153410000.0,363.48248,427206.0,26.892338,0.04008178,Guinea
209,0.292,0.0,0.025,0.0,0.05,8417081.0,289249984.0,336.6301,178444.0,26.892338,0.96237355,Guinea
210,0.292,0.0,0.05,0.0,0.05,8586074.0,254190000.0,343.53735,182163.0,26.892338,0.07374295,Guinea
211,0.273,0.0,0.125,0.0,0.125,8753093.0,250630000.0,393.73993,184341.0,29.70402,0.37864894,Guinea
212,0.273,0.0,0.15,0.0,0.125,8925743.0,274809984.0,410.76123,139252.0,26.892338,0.26828432,Guinea
213,0.271,0.0,0.125,0.0,0.1,9109581.0,192910000.0,322.41568,63525.0,26.892338,3.9069582e-05,Guinea
214,0.189,0.0,0.1,0.0,0.1,9307425.0,173120000.0,453.4035,31468.0,26.892338,0.3122334,Guinea
215,0.227,0.0,0.1,0.0,0.1,9518162.0,257609984.0,659.99274,25226.0,26.892338,1.0424846,Guinea
216,0.342,0.0,0.1,0.0,0.125,9738792.0,351220000.0,715.0968,21488.0,26.892338,1.5125434,Guinea
217,0.349,0.0,0.1,0.0,0.1,9964469.0,217660000.0,674.0856,15325.0,26.892338,0.37864894,Guinea
218,0.349,0.0,0.12195122,0.0,0.12195122,10192176.0,220970000.0,672.4244,14113.0,25.30774,0.37864894,Guinea
219,0.476,0.0,0.09756097,0.0,0.09756097,10420471.0,202120000.0,651.1354,16609.0,26.892338,0.37864894,Guinea
220,0.468,0.0,0.12195122,0.0,0.09756097,10652029.0,633360000.0,717.0507,10371.0,26.892338,0.37864894,Guinea
221,0.444,0.0,0.14634146,0.0,0.12195122,10892810.0,467540000.0,769.00397,8560.0,26.892338,0.77862704,Guinea
222,0.455,0.0,0.12195122,0.0,0.12195122,11150977.0,563120000.0,787.2381,8766.0,32.00384,0.65505314,Guinea
223,0.467,0.0,0.14634146,0.0,0.14634146,11432088.0,538929980.0,769.25604,8839.0,26.892338,0.35338262,Guinea
224,,0.0,0.0,0.0,0.025641026,,,,,,,
225,,0.0,0.0,0.0,0.0,,,,,,,
226,,0.0,0.0,0.0,0.0,,,,,,,
227,,0.0,0.051282052,0.0,0.025641026,,,,,,,
228,,0.0,0.05,0.0,0.05,,,,,,,
229,,0.0,0.05,0.0,0.05,,,,,,,
230,,0.0,0.0,0.0,0.0,,,,,,,
231,,0.0,0.0,0.0,0.0,,,,,,,
232,,0.0,0.0,0.0,0.025,,,,,,,
233,,0.0,0.025,0.0,0.05,,,,,,,
234,,0.0,0.05,0.0,0.025,,,,,,,
235,,0.0,0.025,0.0,0.025,,,,,,,
236,,0.0,0.025,0.0,0.025,,,,,,,
237,,0.0,0.025,0.0,0.05,,,,,,,
238,,0.0,0.05,0.0,0.05,,,,,,,
239,,0.0,0.125,0.0,0.125,,,,,,,
240,,0.0,0.15,0.0,0.125,,,,,,,
241,,0.0,0.125,0.0,0.1,,,,,,,
242,,0.0,0.1,0.0,0.1,,,,,,,
243,,0.0,0.1,0.0,0.1,,,,,,,
244,,0.0,0.1,0.0,0.125,,,,,,,
245,,0.0,0.1,0.0,0.1,,,,,,,
246,,0.0,0.12195122,0.0,0.12195122,,,,,,,
247,,0.0,0.09756097,0.0,0.09756097,,,,,,,
248,,0.0,0.12195122,0.0,0.09756097,,,,,,,
249,,0.0,0.14634146,0.0,0.12195122,,,,,,,
250,,0.0,0.12195122,0.0,0.12195122,,,,,,,
251,,0.0,0.14634146,0.0,0.14634146,,,,,,,
252,0.17,0.0,0.0,0.0,0.025641026,2134097.0,64220000.0,496.76593,80.0,41.1164,0.19745594,Liberia
253,0.17,0.0,0.0,0.0,0.0,2106431.0,60130000.0,496.76593,250.0,41.1164,0.19745594,Liberia
254,0.175,0.0,0.0,0.0,0.0,2075912.0,113740000.0,496.76593,128011.0,41.1164,0.19745594,Liberia
255,0.181,0.0,0.051282052,0.0,0.025641026,2040139.0,157630000.0,496.76593,128011.0,41.1164,0.19745594,Liberia
256,0.167,0.0,0.05,0.0,0.05,2001624.0,119600000.0,496.76593,100048.0,41.1164,0.19745594,Liberia
257,0.154,0.0,0.05,0.0,0.05,1976699.0,122330000.0,496.76593,150153.0,41.1164,0.19745594,Liberia
258,0.235,0.0,0.0,0.0,0.0,1986493.0,63400000.0,496.76593,340163.0,41.1164,0.19745594,Liberia
259,0.38,0.0,0.0,0.0,0.0,2044661.0,123100000.0,496.76593,440080.0,41.1164,0.19745594,Liberia
260,0.369,0.0,0.0,0.0,0.025,2160478.0,172670000.0,496.76593,440061.0,41.1164,0.19745594,Liberia
261,0.371,0.0,0.025,0.0,0.05,2326202.0,75690000.0,496.76593,292886.0,41.1164,0.19745594,Liberia
262,0.375,0.0,0.05,0.0,0.025,2517481.0,71990000.0,496.76593,224609.0,41.1164,0.19745594,Liberia
263,0.375,0.0,0.025,0.0,0.025,2699712.0,93950000.0,496.76593,186901.0,41.1164,0.19745594,Liberia
264,0.342,0.0,0.025,0.0,0.025,2848456.0,67420000.0,306.8329,180001.0,41.1164,0.19745594,Liberia
265,0.232,0.0,0.025,0.0,0.05,2953927.0,38480000.0,306.71036,250876.0,41.1164,0.19745594,Liberia
266,0.264,1.0,0.025,1.0,0.025,3024729.0,54990000.0,306.47372,369071.0,41.1164,0.19745594,Liberia
267,0.655,1.0,0.1,1.0,0.1,3077058.0,106780000.0,243.08934,565613.0,41.1164,0.19745594,Liberia
268,0.668,1.0,0.125,1.0,0.1,3135651.0,213390000.0,286.065,513738.0,41.1164,0.19745594,Liberia
269,0.668,1.0,0.1,1.0,0.075,3218116.0,222090000.0,294.89304,247990.0,41.1164,0.19745594,Liberia
270,0.656,1.0,0.075,1.0,0.075,3329211.0,260910000.0,336.11566,16185.0,41.1164,0.19745594,Liberia
271,0.653,1.0,0.075,1.0,0.075,3461911.0,1123020030.0,396.60178,10466.0,42.94108,0.19745594,Liberia
272,0.65,1.0,0.075,1.0,0.1,3607860.0,1250409980.0,478.39993,10224.0,41.1164,0.19745594,Liberia
273,0.636,1.0,0.075,1.0,0.075,3754133.0,510750016.0,470.94763,6952.0,41.1164,0.19745594,Liberia
274,0.651,1.0,0.09756097,1.0,0.09756097,3891356.0,1416109950.0,513.4457,24743.0,41.1164,0.19745594,Liberia
275,0.629,1.0,0.07317073,1.0,0.07317073,4017443.0,762249980.0,596.8971,128293.0,41.1164,0.19745594,Liberia
276,0.642,1.0,0.09756097,0.0,0.09756097,4135659.0,566710020.0,657.9363,65909.0,41.1164,0.19745594,Liberia
277,0.642,1.0,0.12195122,1.0,0.09756097,4248334.0,535929984.0,721.93005,53253.0,41.1164,0.19745594,Liberia
278,0.661,0.0,0.12195122,1.0,0.09756097,4359505.0,749590020.0,721.1828,38595.0,41.1164,0.19745594,Liberia
279,0.6,1.0,0.12195122,1.0,0.12195122,4472230.0,1094430080.0,710.38385,36505.0,41.1164,0.19745594,Liberia
280,0.203,0.0,0.0,0.0,0.025641026,4156634.0,101520000.0,253.83133,60.0,36.819763,2.0658607,Sierra Leone
281,0.153,0.0,0.0,0.0,0.0,4254444.0,98660000.0,219.29408,130544.71,36.819763,2.0658607,Sierra Leone
282,0.144,0.0,0.0,0.0,0.0,4319762.0,59320000.0,150.38904,125830.0,36.819763,2.0658607,Sierra Leone
283,0.161,0.0,0.051282052,0.0,0.025641026,4348660.0,103270000.0,179.36133,28036.0,36.819763,2.0658607,Sierra Leone
284,0.166,0.0,0.05,0.0,0.05,4347724.0,133060000.0,156.40321,5866.0,36.819763,2.0658607,Sierra Leone
285,0.235,0.0,0.05,0.0,0.05,4328957.0,206470000.0,177.5976,548279.0,36.819763,2.0658607,Sierra Leone
286,0.296,0.0,0.0,0.0,0.0,4309775.0,273730016.0,211.59248,797874.0,36.819763,2.0658607,Sierra Leone
287,0.231,0.0,0.0,0.0,0.0,4303957.0,212270000.0,202.31586,659275.0,36.819763,2.0658607,Sierra Leone
288,0.236,0.0,0.0,0.0,0.025,4312666.0,182520000.0,218.3666,668132.0,36.819763,2.0658607,Sierra Leone
289,0.245,0.0,0.025,0.0,0.05,4335301.0,118010000.0,196.11511,683011.0,36.819763,2.0658607,Sierra Leone
290,0.245,1.0,0.025,0.0,0.025,4381483.0,106530000.0,153.45853,679866.0,36.819763,2.0658607,Sierra Leone
291,0.451,1.0,0.0,0.0,0.025,4462378.0,73730000.0,150.00629,506570.0,36.819763,2.0658607,Sierra Leone
292,0.603,1.0,0.0,1.0,0.0,4584571.0,180640000.0,138.69868,306546.0,36.819763,2.0658607,Sierra Leone
293,0.601,1.0,0.0,1.0,0.025,4754072.0,334630016.0,229.37552,10501.0,36.819763,2.0658607,Sierra Leone
294,0.601,1.0,0.025,0.0,0.05,4965766.0,383209984.0,252.39621,63494.0,36.819763,2.0658607,Sierra Leone
295,0.601,1.0,0.1,1.0,0.1,5201070.0,337170016.0,266.4471,61194.0,36.819763,2.0658607,Sierra Leone
296,0.577,1.0,0.125,1.0,0.1,5433991.0,376230016.0,266.56958,65437.0,34.82679,2.0658607,Sierra Leone
297,0.533,0.0,0.125,0.0,0.1,5645624.0,339980000.0,292.34933,59965.0,36.819763,2.0658607,Sierra Leone
298,0.518,0.0,0.1,0.0,0.1,5829237.0,380340000.0,323.3892,27365.0,36.819763,2.0658607,Sierra Leone
299,0.512,0.0,0.1,0.0,0.1,5989633.0,550530050.0,360.37213,8795.0,36.819763,2.0658607,Sierra Leone
300,0.512,0.0,0.1,0.0,0.125,6133603.0,379340000.0,408.48074,7826.0,36.819763,2.0658607,Sierra Leone
301,0.498,0.0,0.1,0.0,0.1,6272734.0,447290016.0,391.20102,9051.0,36.819763,2.0658607,Sierra Leone
302,0.522,0.0,0.12195122,0.0,0.12195122,6415634.0,458300000.0,401.835,8363.0,36.819763,2.0658607,Sierra Leone
303,0.498,0.0,0.09756097,0.0,0.09756097,6563240.0,423890016.0,448.33752,8092.0,36.819763,2.0658607,Sierra Leone
304,0.498,0.0,0.12195122,0.0,0.09756097,6712581.0,439750016.0,566.37866,4204.0,36.819763,2.0658607,Sierra Leone
305,0.519,0.0,0.14634146,0.0,0.12195122,6863980.0,449070016.0,716.8353,2817.0,32.42617,2.0658607,Sierra Leone
306,0.529,0.0,0.12195122,0.0,0.12195122,7017144.0,914030020.0,714.7007,1372.0,36.819763,0.012842458,Sierra Leone
307,0.589,0.0,0.14634146,0.0,0.14634146,7171914.0,946820030.0,588.22845,760.0,36.819763,0.0,Sierra Leone
308,,0.0,0.0,0.0,0.025641026,,,,,,,
309,,0.0,0.0,0.0,0.0,,,,,,,
310,,0.0,0.0,0.0,0.0,,,,,,,
311,,0.0,0.051282052,0.0,0.025641026,,,,,,,
312,,0.0,0.05,0.0,0.05,,,,,,,
313,,0.0,0.05,0.0,0.05,,,,,,,
314,,0.0,0.0,0.0,0.0,,,,,,,
315,,0.0,0.0,0.0,0.0,,,,,,,
316,,0.0,0.0,0.0,0.025,,,,,,,
317,,0.0,0.025,0.0,0.05,,,,,,,
318,,0.0,0.05,0.0,0.025,,,,,,,
319,,0.0,0.025,0.0,0.025,,,,,,,
320,,0.0,0.025,0.0,0.025,,,,,,,
321,,0.0,0.025,0.0,0.05,,,,,,,
322,,0.0,0.05,0.0,0.05,,,,,,,
323,,0.0,0.125,0.0,0.125,,,,,,,
324,,0.0,0.15,0.0,0.125,,,,,,,
325,,0.0,0.125,0.0,0.1,,,,,,,
326,,0.0,0.1,0.0,0.1,,,,,,,
327,,0.0,0.1,0.0,0.1,,,,,,,
328,,0.0,0.1,0.0,0.125,,,,,,,
329,,0.0,0.1,0.0,0.1,,,,,,,
330,,0.0,0.12195122,0.0,0.12195122,,,,,,,
331,,0.0,0.09756097,0.0,0.09756097,,,,,,,
332,,0.0,0.12195122,0.0,0.09756097,,,,,,,
333,,0.0,0.14634146,0.0,0.12195122,,,,,,,
334,,0.0,0.12195122,0.0,0.12195122,,,,,,,
335,,0.0,0.14634146,0.0,0.14634146,,,,,,,
336,0.24,0.0,0.0,0.0,0.025641026,3577468.0,205410000.0,385.42554,3422.0,58.26298,0.0079734195,Togo
337,0.284,0.0,0.0,0.0,0.0,3678567.0,199100000.0,367.79257,3401.0,58.26298,0.0019186144,Togo
338,0.301,0.0,0.0,0.0,0.0,3774312.0,258239984.0,431.45016,3477.0,58.26298,0.02610197,Togo
339,0.306,0.0,0.051282052,0.0,0.025641026,3862992.0,199270000.0,414.78207,3406.0,58.26298,2.3465774,Togo
340,0.293,0.0,0.05,0.0,0.05,3945905.0,222430000.0,429.04202,3353.0,58.26298,1.5867299,Togo
341,0.315,0.0,0.05,0.0,0.05,4029053.0,95820000.0,306.15057,3280.0,58.26298,1.5867299,Togo
342,0.315,0.0,0.0,0.0,0.0,4120616.0,124650000.0,238.4654,12370.0,58.26298,0.5784428,Togo
343,0.288,0.0,0.0,0.0,0.0,4226291.0,191340000.0,309.81845,10876.0,58.26298,0.0002103124,Togo
344,0.302,0.0,0.0,0.0,0.025,4348805.0,155400000.0,336.97723,12589.0,58.26298,0.01911291,Togo
345,0.311,0.0,0.025,0.0,0.05,4485951.0,125130000.0,334.1434,12682.0,58.26298,0.0026582293,Togo
346,0.311,0.0,0.05,0.0,0.025,4632446.0,128460008.0,342.65826,11816.0,58.26298,0.004154591,Togo
347,0.298,0.0,0.025,0.0,0.025,4780448.0,71530000.0,329.69598,12113.0,58.26298,0.0,Togo
348,0.291,0.0,0.025,0.0,0.025,4924402.0,69630000.0,302.2064,12223.0,53.1776,0.6467214,Togo
349,0.283,0.0,0.025,0.0,0.05,5062567.0,46090000.0,292.56735,12257.0,58.26298,0.40921912,Togo
350,0.34,0.0,0.05,0.0,0.05,5197031.0,51130000.0,326.8556,12294.0,58.26298,0.53434366,Togo
351,0.351,0.0,0.125,0.0,0.125,5330639.0,50090000.0,396.03003,12395.0,58.26298,0.34627718,Togo
352,0.367,0.0,0.15,0.0,0.125,5467766.0,65129996.0,412.5894,11285.0,58.26298,0.36915383,Togo
353,0.513,0.0,0.125,0.0,0.1,5611640.0,82610000.0,406.40094,12287.0,58.26298,1.248593,Togo
354,0.571,0.0,0.1,0.0,0.1,5762880.0,79830000.0,407.6947,6328.0,56.88837,1.5867299,Togo
355,0.462,0.0,0.1,0.0,0.1,5920359.0,122490000.0,449.14423,1328.0,58.26298,0.004951651,Togo
356,0.436,0.0,0.1,0.0,0.125,6083420.0,330140000.0,544.1475,9377.0,58.26298,7.3944654,Togo
357,0.45,0.0,0.1,0.0,0.1,6250835.0,494510016.0,538.44196,8531.0,57.09338,0.036056835,Togo
358,0.449,0.0,0.12195122,0.0,0.12195122,6421679.0,403380000.0,533.5088,14051.0,58.26298,0.099620275,Togo
359,0.546,0.0,0.09756097,0.0,0.09756097,6595943.0,542380030.0,586.32886,19270.0,60.40994,0.7176271,Togo
360,0.503,0.0,0.12195122,0.0,0.09756097,6773807.0,245080000.0,571.8394,23540.0,58.26298,1.8449532,Togo
361,0.54,0.0,0.14634146,0.0,0.12195122,6954721.0,226320000.0,621.2223,20613.0,58.26298,0.9950854,Togo
362,0.471,0.0,0.12195122,0.0,0.12195122,7137997.0,210940000.0,640.1139,21778.0,58.26298,1.3932426,Togo
363,0.473,0.0,0.14634146,0.0,0.14634146,7323158.0,199470000.0,570.6807,21953.0,63.74562,1.4391465,Togo
364,,0.0,0.0,0.0,0.025641026,,,,,,,
365,,0.0,0.0,0.0,0.0,,,,,,,
366,,0.0,0.0,0.0,0.0,,,,,,,
367,,0.0,0.051282052,0.0,0.025641026,,,,,,,
368,,0.0,0.05,0.0,0.05,,,,,,,
369,,0.0,0.05,0.0,0.05,,,,,,,
370,,0.0,0.0,0.0,0.0,,,,,,,
371,,0.0,0.0,0.0,0.0,,,,,,,
372,,0.0,0.0,0.0,0.025,,,,,,,
373,,0.0,0.025,0.0,0.05,,,,,,,
374,,0.0,0.05,0.0,0.025,,,,,,,
375,,0.0,0.025,0.0,0.025,,,,,,,
376,,0.0,0.025,0.0,0.025,,,,,,,
377,,0.0,0.025,0.0,0.05,,,,,,,
378,,0.0,0.05,0.0,0.05,,,,,,,
379,,0.0,0.125,0.0,0.125,,,,,,,
380,,0.0,0.15,0.0,0.125,,,,,,,
381,,0.0,0.125,0.0,0.1,,,,,,,
382,,0.0,0.1,0.0,0.1,,,,,,,
383,,0.0,0.1,0.0,0.1,,,,,,,
384,,0.0,0.1,0.0,0.125,,,,,,,
385,,0.0,0.1,0.0,0.1,,,,,,,
386,,0.0,0.12195122,0.0,0.12195122,,,,,,,
387,,0.0,0.09756097,0.0,0.09756097,,,,,,,
388,,0.0,0.12195122,0.0,0.09756097,,,,,,,
389,,0.0,0.14634146,0.0,0.12195122,,,,,,,
390,,0.0,0.12195122,0.0,0.12195122,,,,,,,
391,,0.0,0.14634146,0.0,0.14634146,,,,,,,
392,0.214,0.0,0.0,0.0,0.025641026,90395272.0,118080000.0,549.2375,5173.0,55.8284,79.78788,Nigeria
393,0.231,0.0,0.0,0.0,0.0,92788024.0,344000000.0,474.23212,3781.0,55.8284,79.78788,Nigeria
394,0.246,0.0,0.0,0.0,0.0,95212448.0,255080000.0,567.5287,3571.0,55.8284,79.78788,Nigeria
395,0.205,0.0,0.051282052,0.0,0.025641026,97667632.0,258320000.0,502.91415,3573.0,55.44675,96.63255,Nigeria
396,0.193,0.0,0.05,0.0,0.05,100161712.0,258820000.0,477.1776,4782.0,55.8284,79.78788,Nigeria
397,0.193,0.0,0.05,0.0,0.05,102700752.0,288420000.0,270.22397,4829.0,55.8284,79.78788,Nigeria
398,0.195,0.0,0.0,0.0,0.0,105293696.0,189660000.0,321.32068,6026.0,55.8284,79.78788,Nigeria
399,0.226,0.0,0.0,0.0,0.0,107948336.0,210960000.0,408.18106,8118.0,55.8284,79.78788,Nigeria
400,0.348,0.0,0.0,0.0,0.025,110668792.0,188750000.0,461.5196,8486.0,55.8284,95.5789,Nigeria
401,0.462,0.0,0.025,0.0,0.05,113457664.0,199840000.0,479.98376,9071.0,55.8284,96.277176,Nigeria
402,0.462,0.0,0.05,0.0,0.025,116319760.0,203340000.0,469.43057,6780.0,55.8284,96.979164,Nigeria
403,0.462,0.0,0.025,0.0,0.025,119260064.0,151990000.0,497.84155,6941.0,55.8284,98.94231,Nigeria
404,0.443,0.0,0.025,0.0,0.025,122283848.0,173800000.0,567.9307,7270.0,55.8284,99.63503,Nigeria
405,0.436,0.0,0.025,0.0,0.05,125394048.0,167820000.0,590.38184,7200.0,55.8284,99.656494,Nigeria
406,0.436,0.0,0.05,0.0,0.05,128596080.0,299549984.0,741.7475,7355.0,55.8284,94.03746,Nigeria
407,0.442,0.0,0.125,0.0,0.125,131900632.0,309850016.0,795.3862,9171.0,54.77318,97.896614,Nigeria
408,0.402,0.0,0.15,0.0,0.125,135320416.0,578770050.0,1007.8743,8395.0,55.8284,79.78788,Nigeria
409,0.398,0.0,0.125,0.0,0.1,138865024.0,6401790000.0,1268.3834,9019.0,55.8284,79.78788,Nigeria
410,0.398,0.0,0.1,0.0,0.1,142538304.0,11431959600.0,1656.4248,8768.0,55.8284,98.23885,Nigeria
411,0.415,0.0,0.1,0.0,0.1,146339984.0,1958599940.0,1883.4613,8460.0,55.8284,93.66637,Nigeria
412,0.479,0.0,0.1,0.0,0.125,150269616.0,1293719940.0,2242.8718,10124.0,51.07766,91.74341,Nigeria
413,0.499,0.0,0.1,0.0,0.1,154324928.0,1639229950.0,1891.3353,9127.0,55.8284,90.361534,Nigeria
414,0.571,0.0,0.12195122,0.0,0.12195122,158503200.0,2052360060.0,2292.445,8747.0,55.8284,87.131676,Nigeria
415,0.566,0.0,0.09756097,0.0,0.09756097,162805072.0,1809859970.0,2520.404,8806.0,55.8284,89.12647,Nigeria
416,0.594,0.0,0.12195122,0.0,0.09756097,167228768.0,1916169980.0,2746.9917,3154.0,55.8284,84.038925,Nigeria
417,0.629,0.0,0.14634146,0.0,0.12195122,171765776.0,2515719940.0,2998.0728,1694.0,55.8284,87.62067,Nigeria
418,0.546,0.0,0.12195122,0.0,0.12195122,176404896.0,2478600190.0,3222.6936,1189257.0,55.8284,90.85419,Nigeria
419,0.582,0.0,0.14634146,0.0,0.14634146,181137440.0,2431539970.0,2730.4304,2173927.0,55.8284,79.78788,Nigeria
420,,0.0,0.0,0.0,0.025641026,,,,,,,
421,,0.0,0.0,0.0,0.0,,,,,,,
422,,0.0,0.0,0.0,0.0,,,,,,,
423,,0.0,0.051282052,0.0,0.025641026,,,,,,,
424,,0.0,0.05,0.0,0.05,,,,,,,
425,,0.0,0.05,0.0,0.05,,,,,,,
426,,0.0,0.0,0.0,0.0,,,,,,,
427,,0.0,0.0,0.0,0.0,,,,,,,
428,,0.0,0.0,0.0,0.025,,,,,,,
429,,0.0,0.025,0.0,0.05,,,,,,,
430,,0.0,0.05,0.0,0.025,,,,,,,
431,,0.0,0.025,0.0,0.025,,,,,,,
432,,0.0,0.025,0.0,0.025,,,,,,,
433,,0.0,0.025,0.0,0.05,,,,,,,
434,,0.0,0.05,0.0,0.05,,,,,,,
435,,0.0,0.125,0.0,0.125,,,,,,,
436,,0.0,0.15,0.0,0.125,,,,,,,
437,,0.0,0.125,0.0,0.1,,,,,,,
438,,0.0,0.1,0.0,0.1,,,,,,,
439,,0.0,0.1,0.0,0.1,,,,,,,
440,,0.0,0.1,0.0,0.125,,,,,,,
441,,0.0,0.1,0.0,0.1,,,,,,,
442,,0.0,0.12195122,0.0,0.12195122,,,,,,,
443,,0.0,0.09756097,0.0,0.09756097,,,,,,,
444,,0.0,0.12195122,0.0,0.09756097,,,,,,,
445,,0.0,0.14634146,0.0,0.12195122,,,,,,,
446,,0.0,0.12195122,0.0,0.12195122,,,,,,,
447,,0.0,0.14634146,0.0,0.14634146,,,,,,,
448,0.262,0.0,0.0,0.0,0.025641026,2693973.0,204690000.0,469.52933,3148.0,33.62442,0.28391215,Central African Republic
449,0.291,0.0,0.0,0.0,0.0,2745734.0,188760000.0,449.39905,2493.0,35.330837,0.0042551635,Central African Republic
450,0.349,0.0,0.0,0.0,0.0,2806734.0,248890000.0,513.3053,4284.0,35.330837,0.28391215,Central African Republic
451,0.42,0.0,0.051282052,0.0,0.025641026,2878509.0,173440000.0,478.50293,12223.0,35.330837,0.28391215,Central African Republic
452,0.42,0.0,0.05,0.0,0.05,2959236.0,177650000.0,477.1223,19040.0,35.330837,0.28391215,Central African Republic
453,0.42,0.0,0.05,0.0,0.05,3046149.0,171740000.0,419.80255,44129.0,35.330837,0.1734325,Central African Republic
454,0.42,0.0,0.0,0.0,0.0,3135015.0,167560000.0,271.50568,47791.0,35.330837,0.39594606,Central African Republic
455,0.414,0.0,0.0,0.0,0.0,3222656.0,167780000.0,346.10883,33856.0,35.330837,0.7827087,Central African Republic
456,0.37,0.0,0.0,0.0,0.025,3308233.0,169130000.0,304.63126,36564.0,35.330837,0.1903058,Central African Republic
457,0.369,1.0,0.0,1.0,0.025,3392436.0,91550000.0,276.42126,38499.0,35.330837,0.10842671,Central African Republic
458,0.369,1.0,0.025,1.0,0.0,3475492.0,120620000.0,278.33133,43013.0,35.330837,0.1968312,Central African Republic
459,0.376,0.0,0.025,1.0,0.0,3558014.0,118760000.0,280.9088,49314.0,35.330837,0.15382327,Central African Republic
460,0.244,0.0,0.025,0.0,0.025,3640427.0,75900000.0,251.20688,55661.0,50.64517,0.45483315,Central African Republic
461,0.221,0.0,0.025,0.0,0.05,3722018.0,76210000.0,250.35701,49239.0,35.330837,0.07553315,Central African Republic
462,0.35,0.0,0.05,0.0,0.05,3802128.0,60010000.0,260.7455,50725.0,35.330837,0.07791077,Central African Republic
463,0.355,0.0,0.125,0.0,0.125,3881181.0,51500000.0,293.66187,44753.0,35.330837,0.0,Central African Republic
464,0.355,0.0,0.15,0.0,0.125,3959875.0,110060000.0,320.73746,25020.0,35.330837,0.1832967,Central African Republic
465,0.355,0.0,0.125,0.0,0.1,4038382.0,88970000.0,331.16293,24569.0,35.330837,0.39958563,Central African Republic
466,0.355,0.0,0.1,0.0,0.1,4118069.0,133590000.0,354.6714,159357.0,35.330837,0.013490207,Central African Republic
467,0.37,0.0,0.1,0.0,0.1,4198010.0,180010000.0,404.37396,204535.0,35.330837,0.28391215,Central African Republic
468,0.351,0.0,0.1,1.0,0.1,4273366.0,260370000.0,464.56143,204429.0,35.330837,0.02443421,Central African Republic
469,0.342,0.0,0.1,0.0,0.1,4337625.0,241140000.0,474.7054,224047.0,35.330837,0.28391215,Central African Republic
470,0.271,0.0,0.12195122,0.0,0.12195122,4386768.0,260980016.0,487.94537,214103.0,36.75261,0.28391215,Central African Republic
471,0.286,0.0,0.09756097,0.0,0.09756097,4418636.0,268769984.0,551.0281,121936.0,35.330837,0.55839765,Central African Republic
472,0.288,0.0,0.12195122,0.0,0.09756097,4436415.0,228020000.0,565.83307,65693.0,35.330837,0.046875276,Central African Republic
473,0.383,1.0,0.12195122,1.0,0.09756097,4447942.0,202820000.0,380.1901,908743.0,35.330837,0.0935962,Central African Republic
474,0.412,1.0,0.09756097,1.0,0.09756097,4464175.0,611000000.0,423.88412,446232.0,35.330837,0.28391215,Central African Republic
475,0.408,1.0,0.12195122,1.0,0.12195122,4493170.0,486730016.0,377.27124,223722.0,35.330837,0.011315874,Central African Republic
476,0.17,0.0,0.0,0.0,0.025641026,5589626.0,260690000.0,265.24088,261586.33,22.648966,3.400397,Chad
477,0.174,0.0,0.0,0.0,0.0,5773920.0,250570000.0,248.3038,261586.33,22.648966,3.400397,Chad
478,0.172,0.0,0.0,0.0,0.0,5963252.0,310580000.0,291.55325,261586.33,22.648966,3.400397,Chad
479,0.172,0.0,0.051282052,0.0,0.025641026,6157079.0,262310000.0,304.87476,261586.33,22.648966,3.400397,Chad
480,0.182,0.0,0.05,0.0,0.05,6356748.0,236700000.0,296.03937,70.0,22.648966,3.400397,Chad
481,0.197,0.0,0.05,0.0,0.05,6563922.0,223470000.0,222.92328,70.0,10.89465,3.400397,Chad
482,0.283,0.0,0.0,0.0,0.0,6781053.0,212290000.0,173.99037,109.0,22.648966,3.400397,Chad
483,0.285,0.0,0.0,0.0,0.0,7010145.0,235020000.0,206.26106,100.0,22.648966,3.400397,Chad
484,0.282,0.0,0.0,0.0,0.025,7250975.0,295780000.0,221.673,100.0,22.648966,3.400397,Chad
485,0.28,0.0,0.025,0.0,0.05,7503493.0,227960000.0,205.86272,302.0,22.648966,3.400397,Chad
486,0.283,0.0,0.05,0.0,0.025,7770048.0,174440000.0,224.55388,8810.0,22.648966,3.400397,Chad
487,0.291,0.0,0.025,0.0,0.025,8053536.0,187930000.0,190.55898,23478.0,22.648966,3.400397,Chad
488,0.283,0.0,0.025,0.0,0.025,8355654.0,131330000.0,165.76299,17692.0,25.65421,3.400397,Chad
489,0.29,0.0,0.025,0.0,0.05,8678051.0,188600000.0,196.9737,12950.0,22.648966,3.400397,Chad
490,0.284,0.0,0.05,0.0,0.05,9019233.0,229250000.0,220.37598,33455.0,22.648966,3.400397,Chad
491,0.272,0.0,0.125,0.0,0.125,9373916.0,251990000.0,291.94485,146400.0,22.648966,3.400397,Chad
492,0.282,0.0,0.15,0.0,0.125,9734767.0,332080000.0,453.52182,259880.0,28.38143,3.400397,Chad
493,0.292,0.0,0.125,0.0,0.1,10096633.0,386440000.0,658.30493,275412.0,22.648966,3.400397,Chad
494,0.28,0.0,0.1,0.0,0.1,10457124.0,290730016.0,709.7652,399429.0,22.648966,3.400397,Chad
495,0.29,0.0,0.1,0.0,0.1,10818024.0,367980000.0,798.548,472935.0,22.648966,3.400397,Chad
496,0.275,0.0,0.1,0.0,0.125,11183588.0,441809984.0,925.6361,497228.0,22.648966,3.400397,Chad
497,0.286,0.0,0.1,0.0,0.1,11560147.0,558330050.0,800.46423,509026.0,22.648966,3.400397,Chad
498,0.28,0.0,0.12195122,0.0,0.12195122,11952136.0,490160000.0,891.6988,478939.0,22.648966,3.400397,Chad
499,0.264,0.0,0.09756097,0.0,0.09756097,12360989.0,457660000.0,983.4472,490494.0,22.648966,3.400397,Chad
500,0.279,0.0,0.12195122,0.0,0.09756097,12784750.0,475130016.0,967.40814,463695.0,22.648966,3.400397,Chad
501,0.269,0.0,0.14634146,0.0,0.12195122,13220424.0,459340000.0,979.53394,454270.0,22.648966,3.400397,Chad
502,0.291,0.0,0.12195122,0.0,0.12195122,13663559.0,391929984.0,1018.93097,452897.0,22.648966,3.400397,Chad
503,0.284,0.0,0.14634146,0.0,0.14634146,14110975.0,606409980.0,775.7075,421539.0,26.00299,3.400397,Chad
504,0.267,0.0,0.0,0.0,0.025641026,2231465.0,86600000.0,991.5174,2160.0,79.80496,54.388145,Republic of the Congo
505,0.318,0.0,0.0,0.0,0.0,2293166.0,90520000.0,1042.0497,3401.0,79.80496,54.388145,Republic of the Congo
506,0.458,0.0,0.0,0.0,0.0,2356737.0,217160000.0,1187.5513,2990.0,79.80496,54.388145,Republic of the Congo
507,0.434,0.0,0.051282052,0.0,0.025641026,2422305.0,133270008.0,1124.9011,3395.0,79.80496,54.388145,Republic of the Congo
508,0.434,0.0,0.05,0.0,0.05,2489952.0,115000000.0,1178.0238,3385.0,79.80496,54.388145,Republic of the Congo
509,0.434,0.0,0.05,0.0,0.05,2559873.0,124360000.0,749.6349,13646.0,79.80496,94.38948,Republic of the Congo
510,0.378,0.0,0.0,0.0,0.0,2632345.0,363850016.0,672.1632,15522.0,79.80496,83.37778,Republic of the Congo
511,0.169,0.0,0.0,0.0,0.0,2707537.0,126860000.0,781.52356,19404.0,79.80496,87.64077,Republic of the Congo
512,0.169,0.0,0.0,0.0,0.025,2785810.0,431290016.0,912.014,20451.0,79.80496,54.388145,Republic of the Congo
513,0.163,0.0,0.025,0.0,0.05,2867280.0,268670016.0,810.0775,20697.0,79.80496,54.388145,Republic of the Congo
514,0.164,0.0,0.05,0.0,0.025,2951647.0,64989996.0,660.47235,27174.0,79.80496,54.388145,Republic of the Congo
515,0.184,0.0,0.025,0.0,0.025,3038433.0,140540000.0,774.7117,39870.0,79.80496,54.388145,Republic of the Congo
516,0.262,0.0,0.025,0.0,0.025,3127411.0,32150002.0,1029.577,123190.0,79.80496,54.388145,Republic of the Congo
517,0.262,0.0,0.025,0.0,0.05,3217933.0,73890000.0,868.33997,119147.0,79.80496,54.388145,Republic of the Congo
518,0.262,0.0,0.05,0.0,0.05,3310387.0,57130000.0,912.27814,109201.0,79.80496,54.388145,Republic of the Congo
519,0.262,0.0,0.125,0.0,0.125,3406922.0,69280000.0,1026.1077,91362.0,79.80496,54.388145,Republic of the Congo
520,0.264,0.0,0.15,0.0,0.125,3510468.0,115810000.0,1324.2191,68536.0,79.80496,54.388145,Republic of the Congo
521,0.259,0.0,0.125,0.0,0.1,3622775.0,1425550080.0,1680.2046,66075.0,79.80496,54.388145,Republic of the Congo
522,0.274,0.0,0.1,0.0,0.1,3745141.0,258299984.0,2064.3445,59280.0,79.80496,54.388145,Republic of the Congo
523,0.274,0.0,0.1,0.0,0.1,3876119.0,116320000.0,2165.7458,38472.0,79.80496,87.02462,Republic of the Congo
524,0.274,0.0,0.1,0.0,0.125,4011486.0,486630016.0,2956.2644,24779.0,79.80496,84.09435,Republic of the Congo
525,0.27,0.0,0.1,0.0,0.1,4145391.0,283970016.0,2314.266,111411.0,79.80496,70.65931,Republic of the Congo
526,0.254,0.0,0.12195122,0.0,0.12195122,4273731.0,1315089920.0,2809.695,133112.0,79.80496,67.72045,Republic of the Congo
527,0.254,0.0,0.09756097,0.0,0.09756097,4394844.0,261239984.0,3282.3936,141232.0,79.31117,77.66617,Republic of the Congo
528,0.254,0.0,0.12195122,0.0,0.09756097,4510198.0,140130000.0,3032.6672,98455.0,79.80496,78.89783,Republic of the Congo
529,0.242,0.0,0.14634146,0.0,0.12195122,4622761.0,150990000.0,3047.0647,51037.0,79.80496,75.70978,Republic of the Congo
530,0.246,0.0,0.12195122,0.0,0.12195122,4736974.0,106180000.0,2992.9314,54842.0,79.80496,61.868156,Republic of the Congo
531,0.256,0.0,0.14634146,0.0,0.14634146,4856095.0,88800000.0,1761.3236,44955.0,79.80496,54.388145,Republic of the Congo
532,0.215,0.0,0.0,0.0,0.025641026,32443780.0,551729980.0,273.12784,340675.0,70.109604,1.8203877,Democratic Republic of the Congo
533,0.215,0.0,0.0,0.0,0.0,33464764.0,730110020.0,269.5929,340689.0,70.109604,1.8203877,Democratic Republic of the Congo
534,0.18,0.0,0.0,0.0,0.0,34612024.0,895789950.0,270.13055,416435.0,70.109604,1.8203877,Democratic Republic of the Congo
535,0.187,0.0,0.051282052,0.0,0.025641026,35908244.0,475280000.0,268.05646,482959.0,70.109604,1.8203877,Democratic Republic of the Congo
536,0.187,0.0,0.05,0.0,0.05,37333912.0,268520000.0,220.37186,391127.0,70.109604,1.8203877,Democratic Republic of the Congo
537,0.178,0.0,0.05,0.0,0.05,38815832.0,177820000.0,275.82196,572070.0,70.109604,1.8203877,Democratic Republic of the Congo
538,0.14,0.0,0.0,0.0,0.0,40252976.0,244810000.0,144.59508,1724365.0,70.109604,1.8203877,Democratic Republic of the Congo
539,0.154,0.0,0.0,0.0,0.0,41576232.0,194750000.0,135.73715,1433760.0,70.109604,1.8203877,Democratic Republic of the Congo
540,0.152,0.0,0.0,0.0,0.025,42757244.0,166160000.0,134.98192,675973.0,70.109604,1.8203877,Democratic Republic of the Congo
541,0.154,0.0,0.025,0.0,0.05,43827180.0,157880000.0,138.97404,297538.0,70.109604,1.8203877,Democratic Republic of the Congo
542,0.161,0.0,0.05,0.0,0.025,44849968.0,127020000.0,138.5863,240214.0,70.109604,1.8203877,Democratic Republic of the Congo
543,0.162,0.0,0.025,0.0,0.025,45919612.0,135510000.0,102.59798,285270.0,70.109604,1.8203877,Democratic Republic of the Congo
544,0.19,0.0,0.025,0.0,0.025,47105824.0,178440000.0,405.21625,335509.0,70.109604,1.8203877,Democratic Republic of the Congo
545,0.181,0.0,0.025,1.0,0.025,48428544.0,246640000.0,153.591,365470.0,67.17299,1.8203877,Democratic Republic of the Congo
546,0.195,0.0,0.05,1.0,0.025,49871664.0,1176169980.0,175.00996,341978.0,70.109604,1.8203877,Democratic Republic of the Congo
547,0.259,1.0,0.1,1.0,0.1,51425580.0,5417029600.0,173.79614,234033.0,70.109604,1.8203877,Democratic Republic of the Congo
548,0.351,1.0,0.125,1.0,0.1,53068880.0,1919150080.0,194.03996,199323.0,70.109604,1.8203877,Democratic Republic of the Congo
549,0.385,1.0,0.1,1.0,0.075,54785904.0,1881800060.0,218.38618,204341.0,70.109604,1.8203877,Democratic Republic of the Congo
550,0.396,1.0,0.075,1.0,0.075,56578036.0,2197240060.0,255.43309,1283668.0,70.109604,1.8203877,Democratic Republic of the Congo
551,0.357,1.0,0.075,1.0,0.075,58453684.0,1348270080.0,286.3305,1495269.0,61.20555,1.8203877,Democratic Republic of the Congo
552,0.352,1.0,0.075,1.0,0.1,60411196.0,1766899970.0,327.56372,1615264.0,70.109604,1.8203877,Democratic Republic of the Congo
553,0.326,1.0,0.075,1.0,0.075,62448576.0,2362350080.0,298.6197,2238486.0,70.109604,1.8203877,Democratic Republic of the Congo
554,0.311,1.0,0.09756097,1.0,0.09756097,64563856.0,3483649790.0,334.02158,1887718.0,70.109604,1.8203877,Democratic Republic of the Congo
555,0.321,1.0,0.07317073,1.0,0.07317073,66755152.0,5526459900.0,387.08246,1862027.0,70.109604,1.8203877,Democratic Republic of the Congo
556,0.347,1.0,0.09756097,1.0,0.07317073,69020744.0,2846169860.0,424.60037,2734178.0,75.01719,1.8203877,Democratic Republic of the Congo
557,0.324,1.0,0.12195122,1.0,0.09756097,71358808.0,2584009980.0,457.9637,3077161.0,70.109604,1.8203877,Democratic Republic of the Congo
558,0.289,1.0,0.09756097,1.0,0.09756097,73767448.0,2400019970.0,486.78708,2876339.0,70.109604,1.8203877,Democratic Republic of the Congo
559,0.307,1.0,0.12195122,1.0,0.12195122,76244544.0,2599040000.0,497.31696,1938207.0,70.109604,1.8203877,Democratic Republic of the Congo
560,0.25,0.0,0.0,0.0,0.025641026,16180124.0,391589984.0,402.27948,103102.0,69.2601,2.3805175,Uganda
561,0.272,0.0,0.0,0.0,0.0,16763042.0,516500000.0,314.7687,129961.0,69.2601,2.3805175,Uganda
562,0.278,0.0,0.0,0.0,0.0,17354392.0,663099970.0,248.02937,145718.0,69.2601,2.3805175,Uganda
563,0.3,0.0,0.051282052,0.0,0.025641026,17953532.0,663280000.0,185.01814,162521.0,56.10738,2.3805175,Uganda
564,0.331,0.0,0.05,0.0,0.05,18561674.0,724950020.0,153.94397,196290.0,69.2601,2.3805175,Uganda
565,0.272,0.0,0.05,0.0,0.05,19175988.0,609990020.0,167.94124,286500.0,69.2601,2.3805175,Uganda
566,0.313,0.0,0.0,0.0,0.0,19793540.0,751969980.0,201.60266,286500.0,69.2601,0.017649796,Uganda
567,0.313,0.0,0.0,0.0,0.0,20413152.0,833960000.0,281.96622,229350.0,69.2601,0.08848961,Uganda
568,0.313,0.0,0.0,0.0,0.025,21032820.0,674880000.0,287.38824,264294.0,69.2601,0.008552241,Uganda
569,0.317,0.0,0.025,0.0,0.05,21655398.0,813440000.0,289.50443,188513.0,69.2601,0.007954044,Uganda
570,0.287,0.0,0.05,0.0,0.025,22290780.0,658099970.0,295.40536,204545.0,69.2601,2.3543255,Uganda
571,0.294,0.0,0.025,0.0,0.025,22952410.0,607680000.0,261.34787,218191.0,69.2601,0.24228406,Uganda
572,0.286,0.0,0.025,0.0,0.025,23650172.0,855929980.0,261.869,236622.0,69.2601,5.686573,Uganda
573,0.325,0.0,0.025,0.0,0.05,24388968.0,828940030.0,239.47319,199736.0,69.2601,2.9045315,Uganda
574,0.317,0.0,0.05,0.0,0.05,25167256.0,732979970.0,245.50008,217302.0,68.14251,4.2000527,Uganda
575,0.344,0.0,0.125,0.0,0.125,25980552.0,1003710020.0,243.90152,230903.0,69.2601,3.2149494,Uganda
576,0.374,0.0,0.15,0.0,0.125,26821296.0,1222240000.0,296.04694,250482.0,69.2601,2.4164627,Uganda
577,0.379,0.0,0.125,0.0,0.1,27684584.0,1195329920.0,325.59036,257256.0,69.2601,1.861082,Uganda
578,0.338,0.0,0.1,0.0,0.1,28571476.0,1589229950.0,347.99036,1858181.0,71.37314,5.028416,Uganda
579,0.374,0.0,0.1,0.0,0.1,29486338.0,1738150020.0,416.89862,1464951.0,69.2601,1.3794512,Uganda
580,0.387,0.0,0.1,0.0,0.125,30431736.0,1643389950.0,467.90057,1015132.0,69.2601,1.2800905,Uganda
581,0.375,0.0,0.1,0.0,0.1,31411096.0,1786349950.0,578.42303,573645.0,69.2601,1.3750864,Uganda
582,0.376,0.0,0.12195122,0.0,0.12195122,32428168.0,1690140030.0,622.49884,261399.0,73.21188,1.2099929,Uganda
583,0.339,0.0,0.09756097,0.0,0.09756097,33476920.0,1572920060.0,602.68463,169224.0,69.2601,5.773,Uganda
584,0.341,0.0,0.12195122,0.0,0.09756097,34559168.0,1642499970.0,668.83246,197877.0,70.19822,6.673171,Uganda
585,0.338,0.0,0.14634146,0.0,0.12195122,35695248.0,1697089920.0,689.1548,220555.0,69.2601,1.0731461,Uganda
586,0.326,0.0,0.12195122,0.0,0.12195122,36912148.0,1633680000.0,739.3739,385513.0,69.2601,2.1140995,Uganda
587,0.317,0.0,0.14634146,0.0,0.14634146,38225452.0,1638160000.0,709.02106,477187.0,69.2601,1.0815647,Uganda
588,,0.0,0.0,0.0,0.025641026,,,,,,,
589,,0.0,0.0,0.0,0.0,,,,,,,
590,,0.0,0.0,0.0,0.0,,,,,,,
591,,0.0,0.051282052,0.0,0.025641026,,,,,,,
592,,0.0,0.05,0.0,0.05,,,,,,,
593,,0.0,0.05,0.0,0.05,,,,,,,
594,,0.0,0.0,0.0,0.0,,,,,,,
595,,0.0,0.0,0.0,0.0,,,,,,,
596,,0.0,0.0,0.0,0.025,,,,,,,
597,,0.0,0.025,0.0,0.05,,,,,,,
598,,0.0,0.05,0.0,0.025,,,,,,,
599,,0.0,0.025,0.0,0.025,,,,,,,
600,,0.0,0.025,0.0,0.025,,,,,,,
601,,0.0,0.025,0.0,0.05,,,,,,,
602,,0.0,0.05,0.0,0.05,,,,,,,
603,,0.0,0.125,0.0,0.125,,,,,,,
604,,0.0,0.15,0.0,0.125,,,,,,,
605,,0.0,0.125,0.0,0.1,,,,,,,
606,,0.0,0.1,0.0,0.1,,,,,,,
607,,0.0,0.1,0.0,0.1,,,,,,,
608,,0.0,0.1,0.0,0.125,,,,,,,
609,,0.0,0.1,0.0,0.1,,,,,,,
610,,0.0,0.12195122,0.0,0.12195122,,,,,,,
611,,0.0,0.09756097,0.0,0.09756097,,,,,,,
612,,0.0,0.12195122,0.0,0.09756097,,,,,,,
613,,0.0,0.14634146,0.0,0.12195122,,,,,,,
614,,0.0,0.12195122,0.0,0.12195122,,,,,,,
615,,0.0,0.14634146,0.0,0.14634146,,,,,,,
616,0.09,0.0,0.0,0.0,0.025641026,5168698.0,200500000.0,209.41507,267500.0,49.53767,0.6782596,Burundi
617,0.177,0.0,0.0,0.0,0.0,5307069.0,206240000.0,209.89441,267455.0,49.53767,0.6782596,Burundi
618,0.257,0.0,0.0,0.0,0.0,5438957.0,262549984.0,208.14676,268403.0,37.38472,0.6782596,Burundi
619,0.232,0.0,0.051282052,0.0,0.025641026,5564926.0,256400000.0,209.7779,270136.0,49.53767,0.6782596,Burundi
620,0.242,0.0,0.05,0.0,0.05,5685565.0,309280000.0,190.48901,271745.0,49.53767,0.6782596,Burundi
621,0.217,0.0,0.05,0.0,0.05,5798053.0,216950000.0,161.88756,271883.0,49.53767,0.022287002,Burundi
622,0.185,0.0,0.0,0.0,0.0,5898967.0,311109984.0,156.8123,390202.0,49.53767,0.6782596,Burundi
623,0.17,0.0,0.0,0.0,0.0,5987043.0,286950016.0,167.09892,389417.0,49.53767,0.6782596,Burundi
624,0.185,0.0,0.0,0.0,0.025,6060111.0,110520000.0,143.4023,903633.0,49.53767,0.6782596,Burundi
625,0.181,0.0,0.025,0.0,0.05,6122130.0,56400000.0,158.91467,608111.0,49.53767,0.6782596,Burundi
626,0.178,0.0,0.05,0.0,0.025,6185562.0,68750000.0,144.49306,125093.0,49.53767,0.6782596,Burundi
627,0.217,0.0,0.025,0.0,0.025,6267124.0,75100000.0,128.93909,72109.0,49.53767,0.6782596,Burundi
628,0.215,0.0,0.025,0.0,0.025,6378871.0,93310000.0,136.46397,83136.0,59.30362,0.6782596,Burundi
629,0.215,0.0,0.025,0.0,0.05,6525545.0,139250000.0,134.36345,47896.0,49.53767,0.6782596,Burundi
630,0.296,0.0,0.05,0.0,0.05,6704113.0,171910000.0,123.11763,140533.0,49.53767,0.6782596,Burundi
631,0.419,1.0,0.1,1.0,0.1,6909154.0,227600000.0,113.56737,42941.0,49.53767,0.64925694,Burundi
632,0.417,1.0,0.125,1.0,0.1,7131693.0,358820000.0,128.33661,49663.0,49.53767,0.0125042135,Burundi
633,0.389,1.0,0.1,0.0,0.1,7364862.0,365580000.0,151.68146,32181.0,49.53767,0.06425563,Burundi
634,0.39,0.0,0.1,0.0,0.1,7607849.0,432020000.0,167.37648,27026.0,49.53767,0.0,Burundi
635,0.336,0.0,0.1,0.0,0.1,7862214.0,504549984.0,172.49586,24483.0,49.53767,5.729812,Burundi
636,0.311,0.0,0.1,0.0,0.125,8126102.0,520429984.0,198.3529,121093.0,48.08406,1.3963581,Burundi
637,0.319,0.0,0.1,0.0,0.1,8397668.0,575750020.0,212.13689,124967.0,49.53767,1.8785852,Burundi
638,0.295,0.0,0.12195122,0.0,0.12195122,8675602.0,627609980.0,234.23564,186532.0,49.53767,2.3244917,Burundi
639,0.295,0.0,0.09756097,0.0,0.09756097,8958406.0,572240000.0,249.57797,114455.0,49.53767,0.03621768,Burundi
640,0.216,0.0,0.12195122,0.0,0.09756097,9245988.0,524169984.0,252.35898,120761.0,49.53767,0.009361122,Burundi
641,0.171,0.0,0.14634146,0.0,0.12195122,9540289.0,558830020.0,256.976,124438.0,49.53767,0.00046785735,Burundi
642,0.158,0.0,0.12195122,0.0,0.12195122,9844297.0,515400032.0,274.85794,131884.0,61.56973,0.039931808,Burundi
643,0.161,0.0,0.14634146,0.0,0.14634146,10160030.0,366560000.0,305.54977,78363.0,49.53767,0.005387805,Burundi
644,0.289,0.0,0.0,0.0,0.025641026,7088191.0,244910000.0,337.9556,22202.0,62.74122,0.06967917,Rwanda
645,0.318,0.0,0.0,0.0,0.0,7276985.0,225630000.0,330.49704,23290.0,62.74122,0.06967917,Rwanda
646,0.194,0.0,0.0,0.0,0.0,7288882.0,287920000.0,349.87335,23601.0,62.74122,0.06967917,Rwanda
647,0.163,0.0,0.051282052,0.0,0.025641026,7083935.0,359160000.0,269.85016,34004.0,57.85349,0.06967917,Rwanda
648,0.102,0.0,0.05,0.0,0.05,6702244.0,348929984.0,302.7384,25162.0,62.74122,0.06967917,Rwanda
649,0.113,0.0,0.05,1.0,0.025,6263757.0,353910016.0,314.75134,277000.0,62.74122,0.06967917,Rwanda
650,0.113,0.0,0.0,0.0,0.0,5936261.0,711750020.0,126.95472,306000.0,62.74122,0.06967917,Rwanda
651,0.112,0.0,0.0,0.0,0.0,5836495.0,694700030.0,221.62874,7792.0,62.74122,0.06967917,Rwanda
652,0.112,0.0,0.0,0.0,0.025,6013107.0,465309984.0,229.88696,25257.0,62.74122,0.17841116,Rwanda
653,0.115,0.0,0.025,0.0,0.05,6419901.0,229730000.0,288.40918,56104.0,62.74122,0.12984647,Rwanda
654,0.117,0.0,0.05,0.0,0.025,6962802.0,350130016.0,285.7102,658403.0,62.74122,0.06967917,Rwanda
655,0.116,0.0,0.025,0.0,0.025,7501234.0,373140000.0,242.31407,34365.0,62.74122,0.001946007,Rwanda
656,0.153,0.0,0.025,0.0,0.025,7933681.0,321460000.0,218.68016,28398.0,64.8886,0.06967917,Rwanda
657,0.205,0.0,0.025,0.0,0.05,8231156.0,304660000.0,203.45688,34786.0,62.74122,0.00711314,Rwanda
658,0.211,0.0,0.05,0.0,0.05,8427060.0,359589984.0,199.06734,30863.0,62.74122,0.0,Rwanda
659,0.208,0.0,0.125,0.0,0.125,8557161.0,335960000.0,215.74898,36608.0,62.74122,0.0,Rwanda
660,0.216,0.0,0.15,0.0,0.125,8680524.0,491140000.0,240.64929,50221.0,62.74122,0.020710964,Rwanda
661,0.23,0.0,0.125,0.0,0.1,8840215.0,572710020.0,291.99667,45206.0,62.74122,0.0126880305,Rwanda
662,0.245,0.0,0.1,0.0,0.1,9043337.0,605390020.0,353.21573,49192.0,62.74122,0.004162396,Rwanda
663,0.23,0.0,0.1,0.0,0.1,9273757.0,780040000.0,417.9164,53577.0,62.74122,0.010773229,Rwanda
664,0.229,0.0,0.1,0.0,0.125,9524534.0,935500030.0,517.0575,55062.0,62.74122,0.23993425,Rwanda
665,0.243,0.0,0.1,0.0,0.1,9782770.0,934249980.0,557.1494,54016.0,62.74122,0.046689726,Rwanda
666,0.241,0.0,0.12195122,0.0,0.12195122,10039338.0,1033089980.0,582.6941,55398.0,65.85227,0.068530515,Rwanda
667,0.25,0.0,0.09756097,0.0,0.09756097,10293331.0,1263209980.0,645.7483,55325.0,62.74122,0.031789266,Rwanda
668,0.275,0.0,0.12195122,0.0,0.09756097,10549678.0,878640000.0,704.17773,58212.0,68.33103,0.02407045,Rwanda
669,0.253,0.0,0.14634146,0.0,0.12195122,10811543.0,1086290050.0,704.9803,73349.0,62.74122,0.109696455,Rwanda
670,0.243,0.0,0.12195122,0.0,0.12195122,11083635.0,1035030020.0,723.282,73820.0,70.80413,0.19831495,Rwanda
671,0.245,0.0,0.14634146,0.0,0.14634146,11369071.0,1088320000.0,728.0819,144737.0,62.74122,0.14981729,Rwanda
672,0.146,0.0,0.0,0.0,0.025641026,7005234.0,431720000.0,148.2165,834000.0,5.40465,0.5825325,Somalia
673,0.16,0.0,0.0,0.0,0.0,7133258.0,419149984.0,153.14082,769630.0,5.40465,0.5825325,Somalia
674,0.166,0.0,0.0,0.0,0.0,7225092.0,514809984.0,126.92492,460000.0,5.40465,0.5825325,Somalia
675,0.16,0.0,0.051282052,0.0,0.025641026,7274030.0,186420000.0,141.6801,738848.6,5.40465,0.5825325,Somalia
676,0.16,0.0,0.05,1.0,0.025,7295384.0,653659970.0,141.6801,480.0,5.40465,0.5825325,Somalia
677,0.16,0.0,0.05,0.0,0.05,7315865.0,892120000.0,141.6801,399.0,5.40465,0.5825325,Somalia
678,0.16,0.0,0.0,0.0,0.0,7372598.0,535120000.0,141.6801,388.0,5.40465,0.5825325,Somalia
679,0.16,0.0,0.0,0.0,0.0,7491637.0,187930000.0,141.6801,626.0,5.40465,0.5825325,Somalia
680,0.16,0.0,0.0,0.0,0.025,7682686.0,88180000.0,141.6801,200700.0,5.40465,0.5825325,Somalia
681,0.176,0.0,0.025,0.0,0.05,7936127.0,81180000.0,141.6801,200622.0,5.40465,0.5825325,Somalia
682,0.185,0.0,0.05,0.0,0.025,8235064.0,81320000.0,141.6801,1940.0,5.40465,0.5825325,Somalia
683,0.185,0.0,0.025,0.0,0.025,8553601.0,115700000.0,141.6801,130.0,5.40465,0.5825325,Somalia
684,0.185,0.0,0.025,0.0,0.025,8872254.0,102230000.0,141.6801,18558.0,5.40465,0.5825325,Somalia
685,0.183,0.0,0.025,0.0,0.05,9186725.0,149300000.0,141.6801,589.0,5.40465,0.5825325,Somalia
686,0.19,0.0,0.05,0.0,0.05,9501342.0,152720000.0,141.6801,199.0,5.40465,0.5825325,Somalia
687,0.202,0.0,0.125,0.0,0.125,9815412.0,176180000.0,141.6801,368.0,5.40465,0.5825325,Somalia
688,0.195,0.0,0.15,0.0,0.125,10130243.0,201280000.0,141.6801,357.0,5.40465,0.5825325,Somalia
689,0.195,0.0,0.125,0.0,0.1,10446863.0,240220000.0,141.6801,400493.0,5.40465,0.5825325,Somalia
690,0.198,0.0,0.1,0.0,0.1,10763905.0,396170016.0,141.6801,400669.0,5.40465,0.5825325,Somalia
691,0.206,0.0,0.1,0.0,0.1,11080121.0,393740000.0,141.6801,1000901.0,5.40465,0.5825325,Somalia
692,0.217,0.0,0.1,0.0,0.125,11397188.0,765870020.0,141.6801,1279042.0,5.40465,0.5825325,Somalia
693,0.188,0.0,0.1,0.0,0.1,11717692.0,661640000.0,141.6801,1551815.0,5.40465,0.5825325,Somalia
694,0.163,0.0,0.12195122,0.0,0.12195122,12043883.0,505680000.0,141.6801,1465717.0,5.40465,0.5825325,Somalia
695,0.171,0.0,0.09756097,0.0,0.09756097,12376302.0,1098979970.0,141.6801,1358944.0,5.40465,0.5825325,Somalia
696,0.171,0.0,0.12195122,0.0,0.09756097,12715510.0,990460030.0,141.6801,1135272.0,5.40465,0.5825325,Somalia
697,0.164,0.0,0.14634146,0.0,0.12195122,13063706.0,1054579970.0,297.95547,1135425.0,5.40465,0.5825325,Somalia
698,0.174,0.0,0.12195122,0.0,0.12195122,13423576.0,1109200000.0,295.2665,1135729.0,5.40465,0.5825325,Somalia
699,0.17,0.0,0.14634146,0.0,0.14634146,13797201.0,1260560000.0,293.45523,1141081.0,5.40465,0.5825325,Somalia
700,0.192,0.0,0.0,0.0,0.025641026,528999.0,92600000.0,748.19525,1272.0,,0.034243044,Djibouti
701,0.211,0.0,0.0,0.0,0.0,563864.0,75020000.0,725.74255,31409.0,,0.020932062,Djibouti
702,0.258,0.0,0.0,0.0,0.0,590398.0,207010000.0,766.1409,77606.0,,0.024832454,Djibouti
703,0.258,0.0,0.051282052,0.0,0.025641026,606844.0,107160000.0,762.0113,96144.0,,0.030149236,Djibouti
704,0.258,0.0,0.05,0.0,0.05,615054.0,112190000.0,777.2623,28000.0,,0.9803713,Djibouti
705,0.258,0.0,0.05,0.0,0.05,618495.0,134430000.0,753.5202,34065.0,,0.9803713,Djibouti
706,0.258,0.0,0.0,0.0,0.0,622366.0,128570008.0,790.0323,33406.0,,0.9803713,Djibouti
707,0.268,0.0,0.0,0.0,0.0,630388.0,105560000.0,789.55176,27310.0,,0.9803713,Djibouti
708,0.257,0.0,0.0,0.0,0.025,643654.0,97080000.0,767.5003,25076.0,,0.9803713,Djibouti
709,0.255,0.0,0.025,0.0,0.05,660863.0,85650000.0,760.635,23590.0,,0.9803713,Djibouti
710,0.242,0.0,0.05,0.0,0.025,680463.0,80980000.0,755.7617,23582.0,,0.9803713,Djibouti
711,0.281,0.0,0.025,0.0,0.025,699975.0,75150000.0,765.85614,23271.0,,0.9803713,Djibouti
712,0.29,0.0,0.025,0.0,0.025,717584.0,72240000.0,768.1761,23243.0,,0.9803713,Djibouti
713,0.266,0.0,0.025,0.0,0.05,733015.0,59400000.0,780.9082,23176.0,,0.9803713,Djibouti
714,0.249,0.0,0.05,0.0,0.05,746942.0,74100000.0,791.38947,21702.0,,0.9803713,Djibouti
715,0.247,0.0,0.125,0.0,0.125,759641.0,79260000.0,818.86664,27034.0,,0.9803713,Djibouti
716,0.255,0.0,0.15,0.0,0.125,771603.0,64330000.0,863.2316,18035.0,,0.9803713,Djibouti
717,0.254,0.0,0.125,0.0,0.1,783254.0,74170000.0,904.72974,10456.0,,0.9803713,Djibouti
718,0.25,0.0,0.1,0.0,0.1,794563.0,115380000.0,967.66864,9259.0,,0.9803713,Djibouti
719,0.244,0.0,0.1,0.0,0.1,805451.0,112670000.0,1052.7257,6651.0,,0.9803713,Djibouti
720,0.24,0.0,0.1,0.0,0.125,816358.0,140820000.0,1223.8568,9228.0,,0.9803713,Djibouti
721,0.239,0.0,0.1,0.0,0.1,827823.0,165830000.0,1267.3127,12111.0,,6.4733195,Djibouti
722,0.248,0.0,0.12195122,0.0,0.12195122,840198.0,132030000.0,1343.2687,15104.0,,0.9803713,Djibouti
723,0.266,0.0,0.09756097,0.0,0.09756097,853674.0,141400000.0,1451.543,20340.0,,0.9803713,Djibouti
724,0.266,0.0,0.12195122,0.0,0.09756097,868136.0,148460000.0,1559.2406,19139.0,,0.9803713,Djibouti
725,0.261,0.0,0.14634146,0.0,0.12195122,883293.0,149250000.0,2312.7288,20015.0,,0.9803713,Djibouti
726,0.259,0.0,0.12195122,0.0,0.12195122,898696.0,166110000.0,2466.0183,20530.0,,0.9803713,Djibouti
727,0.273,0.0,0.14634146,0.0,0.14634146,913993.0,173390000.0,2675.6055,19365.0,,0.9803713,Djibouti
728,0.205,0.0,0.0,0.0,0.025641026,44757204.0,965440000.0,243.73587,679532.0,36.69977,0.8396129,Ethiopia
729,0.246,0.0,0.0,0.0,0.0,46272300.0,727789950.0,248.0228,710166.0,36.69977,0.8396129,Ethiopia
730,0.241,0.0,0.0,0.0,0.0,47887864.0,1009249980.0,254.24326,773764.0,36.69977,0.8396129,Ethiopia
731,0.202,0.0,0.051282052,0.0,0.025641026,49609968.0,1091869950.0,271.3944,529620.0,36.69977,0.8396129,Ethiopia
732,0.235,0.0,0.05,0.0,0.05,51423584.0,1162509950.0,204.0502,431824.0,36.69977,0.8396129,Ethiopia
733,0.274,0.0,0.05,0.0,0.05,53295568.0,1081219970.0,165.69319,272631.0,36.69977,3.9760852,Ethiopia
734,0.274,0.0,0.0,0.0,0.0,55181000.0,1063579970.0,125.54957,348074.0,27.01136,0.8396129,Ethiopia
735,0.274,0.0,0.0,0.0,0.0,57047908.0,876979970.0,134.34296,393479.0,36.69977,2.8578122,Ethiopia
736,0.274,0.0,0.0,0.0,0.025,58883528.0,816499970.0,145.1669,390528.0,36.69977,0.8396129,Ethiopia
737,0.274,0.0,0.025,0.0,0.05,60697444.0,578909950.0,141.50862,323067.0,36.69977,0.69131064,Ethiopia
738,0.264,0.0,0.05,0.0,0.025,62507724.0,660240000.0,125.07614,262160.0,36.69977,0.8396129,Ethiopia
739,0.26,0.0,0.025,0.0,0.025,64343012.0,643289980.0,119.68407,257689.0,36.69977,0.8396129,Ethiopia
740,0.26,0.0,0.025,0.0,0.025,66224804.0,687800000.0,124.4608,197959.0,36.69977,0.8396129,Ethiopia
741,0.253,0.0,0.025,0.0,0.05,68159424.0,1103600000.0,120.765785,152554.0,36.69977,0.014647964,Ethiopia
742,0.259,0.0,0.05,0.0,0.05,70142088.0,1324739970.0,111.92722,132940.0,36.69977,0.03001889,Ethiopia
743,0.269,0.0,0.125,0.0,0.125,72170584.0,1621160060.0,119.490395,130274.0,36.69977,0.007622085,Ethiopia
744,0.249,0.0,0.15,0.0,0.125,74239504.0,1830300030.0,136.46626,115980.0,35.9,0.0046900786,Ethiopia
745,0.268,0.0,0.125,0.0,0.1,76346312.0,1929120000.0,162.43272,100817.0,29.82034,0.8396129,Ethiopia
746,0.264,0.0,0.1,0.0,0.1,78489208.0,2034550020.0,194.68742,96980.0,36.69977,0.8396129,Ethiopia
747,0.25,0.0,0.1,0.0,0.1,80674352.0,2606550020.0,244.28604,85183.0,38.99598,0.006189447,Ethiopia
748,0.23,0.0,0.1,0.0,0.125,82916232.0,3316250110.0,326.43683,83583.0,36.69977,0.0051488467,Ethiopia
749,0.233,0.0,0.1,0.0,0.1,85233912.0,3823760130.0,380.56906,121886.0,36.69977,0.0008583138,Ethiopia
750,0.222,0.0,0.12195122,0.0,0.12195122,87639968.0,3455159810.0,341.5541,154295.0,36.69977,0.003809234,Ethiopia
751,0.227,0.0,0.09756097,0.0,0.09756097,90139928.0,3495889920.0,354.47958,288844.0,36.69977,1.011937e-05,Ethiopia
752,0.238,0.0,0.12195122,0.0,0.09756097,92726968.0,3243290110.0,467.07794,376393.0,36.69977,0.0019289718,Ethiopia
753,0.237,0.0,0.14634146,0.0,0.12195122,95385784.0,3885540100.0,499.5316,433936.0,36.69977,6.646238,Ethiopia
754,0.247,0.0,0.12195122,0.0,0.12195122,98094256.0,3583960060.0,566.92645,659524.0,36.69977,0.025140129,Ethiopia
755,0.312,0.0,0.14634146,0.0,0.14634146,100835456.0,3238889980.0,640.5419,736086.0,36.69977,4.460347e-07,Ethiopia
756,0.104,,,,,103603504.0,4084250110.0,717.1246,791631.0,36.69977,0.001908108,Eritrea
757,0.108,,,,,106400024.0,4124270080.0,768.42505,1967830.0,51.77118,0.8396129,Eritrea
758,0.108,0.0,0.05,0.0,0.05,109224560.0,4930050000.0,772.31354,3519011.0,36.69977,0.8396129,Eritrea
759,0.108,0.0,0.05,0.0,0.05,2238626.0,67710000.0,208.99995,3.0,64.58248,0.009082451,Eritrea
760,0.141,0.0,0.0,0.0,0.0,2218430.0,154150000.0,239.66873,706.0,64.58248,0.009082451,Eritrea
761,0.131,0.0,0.0,0.0,0.0,2204222.0,148290000.0,262.23114,1083.0,64.58248,0.009082451,Eritrea
762,0.131,0.0,0.0,0.0,0.025,2196464.0,157490000.0,315.7511,2106.0,64.58248,0.009082451,Eritrea
763,0.122,0.0,0.025,0.0,0.05,2195179.0,123510000.0,312.72626,2606.0,64.58248,0.009082451,Eritrea
764,0.104,0.0,0.05,0.0,0.025,2206432.0,168810000.0,337.88766,2501.0,64.58248,0.009082451,Eritrea
765,0.086,0.0,0.025,0.0,0.025,2237405.0,149870000.0,307.91086,2972.0,64.58248,0.009082451,Eritrea
766,0.069,0.0,0.025,0.0,0.025,2292416.0,178020000.0,308.1338,1101984.0,64.58248,0.009082451,Eritrea
767,0.069,0.0,0.025,0.0,0.05,2374722.0,284700000.0,316.82382,2272.0,64.58248,0.0,Eritrea
768,0.069,0.0,0.05,0.0,0.05,2481058.0,226670000.0,293.95578,3619.0,52.51395,0.009082451,Eritrea
769,0.069,0.0,0.125,0.0,0.125,2600973.0,316960000.0,334.58545,3889.0,64.58248,0.018164903,Eritrea
770,0.069,0.0,0.15,0.0,0.125,2719803.0,263519984.0,407.77,4240.0,64.58248,0.009082451,Eritrea
771,0.069,0.0,0.125,0.0,0.1,2826659.0,349740000.0,388.59512,4418.0,64.58248,0.009082451,Eritrea
772,0.07,0.0,0.1,0.0,0.1,2918205.0,126190000.0,415.0366,4621.0,64.58248,0.009082451,Eritrea
773,0.07,0.0,0.1,0.0,0.1,2996536.0,158530000.0,439.8327,5042.0,64.58248,0.009082451,Eritrea
774,0.07,0.0,0.1,0.0,0.125,3062779.0,145420000.0,450.63284,4862.0,64.66297,0.009082451,Eritrea
775,0.069,0.0,0.1,0.0,0.1,3119920.0,142620000.0,595.11,4751.0,64.58248,0.009082451,Eritrea
776,0.071,0.0,0.12195122,0.0,0.12195122,3170435.0,162310000.0,667.7442,4809.0,64.58248,0.009082451,Eritrea
777,0.071,0.0,0.09756097,0.0,0.09756097,3213972.0,133410000.0,811.37604,4719.0,64.58248,0.009082451,Eritrea
778,0.07,0.0,0.12195122,0.0,0.09756097,2593380.8,135970000.0,390.25116,3600.0,64.58248,0.009082451,Eritrea
779,0.069,0.0,0.14634146,0.0,0.12195122,2593380.8,81310000.0,390.25116,3166.0,64.58248,0.009082451,Eritrea
780,0.069,0.0,0.12195122,0.0,0.12195122,2593380.8,84190000.0,390.25116,2898.0,64.58248,0.009082451,Eritrea
781,0.07,0.0,0.14634146,0.0,0.14634146,2593380.8,93920000.0,390.25116,2549.0,64.58248,0.009082451,Eritrea
782,0.088,0.0,0.0,0.0,0.025641026,11068050.0,157030000.0,792.3031,90350.0,66.717766,70.46972,Angola
783,0.095,0.0,0.0,0.0,0.0,11454777.0,167060000.0,890.55414,12899.0,66.717766,70.46972,Angola
784,0.157,0.0,0.0,0.0,0.0,11848386.0,265769984.0,947.70416,11557.0,66.717766,93.477684,Angola
785,0.157,1.0,0.025641026,1.0,0.0,12248901.0,277080000.0,865.69275,11022.0,66.717766,94.831535,Angola
786,0.157,1.0,0.025,0.0,0.05,12657366.0,343589984.0,656.36176,11002.0,66.717766,70.46972,Angola
787,0.157,1.0,0.025,0.0,0.05,13075049.0,289390016.0,441.20068,98878.0,66.717766,70.46972,Angola
788,0.157,0.0,0.0,0.0,0.0,13503747.0,447070016.0,328.6733,314486.0,66.717766,70.46972,Angola
789,0.157,0.0,0.0,0.0,0.0,13945206.0,416420000.0,397.17944,10884.0,66.717766,70.46972,Angola
790,0.152,0.0,0.0,1.0,0.0,14400719.0,459309984.0,522.6438,9381.0,66.717766,70.46972,Angola
791,0.152,0.0,0.025,1.0,0.025,14871570.0,354660000.0,514.2952,9364.0,66.717766,70.46972,Angola
792,0.163,0.0,0.05,0.0,0.025,15359601.0,335269984.0,423.59366,10605.0,66.717766,70.46972,Angola
793,0.162,0.0,0.025,0.0,0.025,15866869.0,387540000.0,387.7843,13071.0,66.717766,70.46972,Angola
794,0.17,0.0,0.025,0.0,0.025,16395473.0,302209984.0,556.8363,269594.0,66.717766,70.46972,Angola
795,0.175,0.0,0.025,0.0,0.05,16945752.0,282730016.0,527.33356,214250.0,67.40542,70.46972,Angola
796,0.179,0.0,0.05,0.0,0.05,17519416.0,414029984.0,872.4945,200978.0,66.717766,70.46972,Angola
797,0.179,0.0,0.125,0.0,0.125,18121480.0,493500000.0,982.9609,13382.0,66.717766,70.46972,Angola
798,0.179,0.0,0.15,0.0,0.125,18758144.0,1144569980.0,1255.5641,13970.0,66.717766,70.46972,Angola
799,0.195,0.0,0.125,0.0,0.1,19433602.0,414680000.0,1902.4224,13984.0,66.717766,70.46972,Angola
800,0.223,0.0,0.1,0.0,0.1,20149900.0,163520000.0,2599.5664,13090.0,66.717766,70.46972,Angola
801,0.305,0.0,0.1,0.0,0.1,20905364.0,259980016.0,3121.9956,12069.0,66.717766,95.718216,Angola
802,0.317,0.0,0.1,0.0,0.125,21695634.0,369040000.0,4080.9414,12710.0,66.717766,70.46972,Angola
803,0.311,0.0,0.1,0.0,0.1,22514280.0,238940000.0,3122.7808,14734.0,66.717766,96.61178,Angola
804,0.304,0.0,0.12195122,0.0,0.12195122,23356246.0,235170000.0,3587.8838,15155.0,66.717766,96.534546,Angola
805,0.304,0.0,0.09756097,0.0,0.09756097,24220660.0,192940000.0,4615.4683,16223.0,66.717766,96.55677,Angola
806,0.304,0.0,0.12195122,0.0,0.09756097,25107932.0,243610000.0,5100.0957,23413.0,66.717766,97.177925,Angola
807,0.304,0.0,0.14634146,0.0,0.12195122,26015780.0,285540000.0,5254.8823,23783.0,66.717766,96.679565,Angola
808,0.316,0.0,0.12195122,0.0,0.12195122,26941780.0,235390000.0,5408.4106,15474.0,66.03011,96.194405,Angola
809,0.354,0.0,0.14634146,0.0,0.14634146,27884380.0,380060000.0,4166.9795,15555.0,66.717766,93.808365,Angola
810,,0.0,0.0,0.0,0.025641026,12758008.0,916600000.0,404.94788,390.0,46.857113,19.340982,Mozambique
811,,0.0,0.0,0.0,0.0,12805946.0,805000000.0,404.94788,400.0,46.857113,19.340982,Mozambique
812,,0.0,0.0,0.0,0.0,12987292.0,997510020.0,404.94788,420.0,46.857113,19.340982,Mozambique
813,0.432,1.0,0.025641026,0.0,0.025641026,13328032.0,1065099970.0,277.93427,420.0,46.857113,19.340982,Mozambique
814,0.49,1.0,0.025,1.0,0.025,13806001.0,1459680000.0,191.58215,299.0,46.857113,19.340982,Mozambique
815,0.485,1.0,0.025,1.0,0.025,14370946.0,1176960000.0,190.55206,202.0,46.857113,19.340982,Mozambique
816,0.513,0.0,0.0,0.0,0.0,14948048.0,1199939970.0,186.84853,322.0,46.857113,9.147618,Mozambique
817,0.492,0.0,0.0,0.0,0.0,15483286.0,1063390020.0,187.35774,128.0,46.857113,2.0619035,Mozambique
818,0.49,0.0,0.0,0.0,0.025,15960442.0,886729980.0,260.85727,198.0,46.857113,1.2413824,Mozambique
819,0.46,0.0,0.025,0.0,0.05,16397183.0,948210050.0,303.51163,72.0,38.70788,0.5740722,Mozambique
820,0.46,0.0,0.05,0.0,0.025,16813948.0,1039949950.0,333.8426,52.0,46.857113,19.340982,Mozambique
821,0.46,0.0,0.025,0.0,0.025,17244188.0,818669950.0,341.48093,220.0,46.857113,25.155903,Mozambique
822,0.445,0.0,0.025,0.0,0.025,17711928.0,907390020.0,313.56802,207.0,46.857113,20.99447,Mozambique
823,0.448,0.0,0.025,0.0,0.05,18221888.0,961469950.0,291.46774,207.0,46.857113,8.250449,Mozambique
824,0.515,0.0,0.05,0.0,0.05,18764156.0,2217370110.0,299.68304,207.0,46.857113,13.342449,Mozambique
825,0.513,0.0,0.125,0.0,0.125,19331100.0,1049520000.0,323.52258,311.0,48.15884,13.027284,Mozambique
826,0.514,0.0,0.15,0.0,0.125,19910552.0,1244290050.0,381.1566,623.0,46.857113,12.4324665,Mozambique
827,0.502,0.0,0.125,0.0,0.1,20493924.0,1289859970.0,415.3483,1954.0,46.857113,14.916856,Mozambique
828,0.495,0.0,0.1,0.0,0.1,21080110.0,1641939970.0,434.03403,2558.0,46.857113,14.674279,Mozambique
829,0.426,0.0,0.1,0.0,0.1,21673316.0,1784989950.0,480.93353,2767.0,46.857113,15.488809,Mozambique
830,0.469,0.0,0.1,0.0,0.125,22276596.0,1993089920.0,564.4795,3163.0,46.857113,10.868345,Mozambique
831,0.452,0.0,0.1,0.0,0.1,22894710.0,2013600000.0,519.7604,3547.0,50.58381,17.48177,Mozambique
832,0.445,0.0,0.12195122,0.0,0.12195122,23531574.0,1943129980.0,471.1817,4077.0,46.857113,19.658842,Mozambique
833,0.436,0.0,0.09756097,0.0,0.09756097,24187488.0,2065469950.0,594.5865,4079.0,46.857113,16.278982,Mozambique
834,0.454,0.0,0.12195122,0.0,0.09756097,24862648.0,2071699970.0,657.6453,4398.0,46.857113,27.812958,Mozambique
835,0.463,0.0,0.14634146,0.0,0.12195122,25560724.0,2312699900.0,664.0782,4445.0,46.857113,33.46355,Mozambique
836,0.42,0.0,0.12195122,0.0,0.12195122,26286164.0,2106009980.0,673.97,4536.0,46.857113,30.037912,Mozambique
837,0.418,0.0,0.14634146,0.0,0.14634146,27042002.0,1819120000.0,589.859,5622.0,56.039,30.379625,Mozambique
838,,0.0,0.0,0.0,0.025641026,,,,,,,
839,,0.0,0.0,0.0,0.0,,,,,,,
840,,0.0,0.0,0.0,0.0,,,,,,,
841,,0.0,0.051282052,0.0,0.025641026,,,,,,,
842,,0.0,0.05,0.0,0.05,,,,,,,
843,,0.0,0.05,0.0,0.05,,,,,,,
844,,0.0,0.0,0.0,0.0,,,,,,,
845,,0.0,0.0,0.0,0.0,,,,,,,
846,,0.0,0.0,0.0,0.025,,,,,,,
847,,0.0,0.025,0.0,0.05,,,,,,,
848,,0.0,0.05,0.0,0.025,,,,,,,
849,,0.0,0.025,0.0,0.025,,,,,,,
850,,0.0,0.025,0.0,0.025,,,,,,,
851,,0.0,0.025,0.0,0.05,,,,,,,
852,,0.0,0.05,0.0,0.05,,,,,,,
853,,0.0,0.125,0.0,0.125,,,,,,,
854,,0.0,0.15,0.0,0.125,,,,,,,
855,,0.0,0.125,0.0,0.1,,,,,,,
856,,0.0,0.1,0.0,0.1,,,,,,,
857,,0.0,0.1,0.0,0.1,,,,,,,
858,,0.0,0.1,0.0,0.125,,,,,,,
859,,0.0,0.1,0.0,0.1,,,,,,,
860,,0.0,0.12195122,0.0,0.12195122,,,,,,,
861,,0.0,0.09756097,0.0,0.09756097,,,,,,,
862,,0.0,0.12195122,0.0,0.09756097,,,,,,,
863,,0.0,0.14634146,0.0,0.12195122,,,,,,,
864,,0.0,0.12195122,0.0,0.12195122,,,,,,,
865,,0.0,0.14634146,0.0,0.14634146,,,,,,,
866,,0.0,0.0,0.0,0.025641026,,,,,,,
867,,0.0,0.0,0.0,0.0,,,,,,,
868,,0.0,0.0,0.0,0.0,,,,,,,
869,,0.0,0.051282052,0.0,0.025641026,,,,,,,
870,,0.0,0.05,0.0,0.05,,,,,,,
871,,0.0,0.05,0.0,0.05,,,,,,,
872,,0.0,0.0,0.0,0.0,,,,,,,
873,,0.0,0.0,0.0,0.0,,,,,,,
874,,0.0,0.0,0.0,0.025,,,,,,,
875,,0.0,0.025,0.0,0.05,,,,,,,
876,,0.0,0.05,0.0,0.025,,,,,,,
877,,0.0,0.025,0.0,0.025,,,,,,,
878,,0.0,0.025,0.0,0.025,,,,,,,
879,,0.0,0.025,0.0,0.05,,,,,,,
880,,0.0,0.05,0.0,0.05,,,,,,,
881,,0.0,0.125,0.0,0.125,,,,,,,
882,,0.0,0.15,0.0,0.125,,,,,,,
883,,0.0,0.125,0.0,0.1,,,,,,,
884,,0.0,0.1,0.0,0.1,,,,,,,
885,,0.0,0.1,0.0,0.1,,,,,,,
886,,0.0,0.1,0.0,0.125,,,,,,,
887,,0.0,0.1,0.0,0.1,,,,,,,
888,,0.0,0.12195122,0.0,0.12195122,,,,,,,
889,,0.0,0.09756097,0.0,0.09756097,,,,,,,
890,,0.0,0.12195122,0.0,0.09756097,,,,,,,
891,,0.0,0.14634146,0.0,0.12195122,,,,,,,
892,,0.0,0.12195122,0.0,0.12195122,,,,,,,
893,,0.0,0.14634146,0.0,0.14634146,,,,,,,
894,0.601,0.0,0.0,1.0,0.0,1336536.0,22120000.0,1864.0818,6883.9644,83.40987,1.0203615,Namibia
895,0.58,0.0,0.0,0.0,0.0,1386010.0,58500000.0,1826.4803,6883.9644,83.40987,1.0203615,Namibia
896,0.58,0.0,0.0,0.0,0.0,1432905.0,119620000.0,1944.1376,6883.9644,83.40987,1.0203615,Namibia
897,0.364,0.0,0.051282052,0.0,0.025641026,1476388.0,180450000.0,2027.008,136.0,75.81658,1.0203615,Namibia
898,0.663,0.0,0.05,0.0,0.05,1516958.0,142340000.0,2257.6323,171.0,83.40987,1.0203615,Namibia
899,0.663,0.0,0.05,0.0,0.05,1555101.0,152550000.0,2069.625,585.0,83.40987,1.0203615,Namibia
900,0.663,0.0,0.0,0.0,0.0,1591822.0,137100000.0,2284.5808,1144.0,83.40987,1.0203615,Namibia
901,0.663,0.0,0.0,0.0,0.0,1627865.0,190370000.0,2421.8706,1682.0,83.40987,1.0203615,Namibia
902,0.665,0.0,0.0,0.0,0.025,1663378.0,185920000.0,2371.8848,2204.0,83.40987,1.0203615,Namibia
903,0.658,0.0,0.025,0.0,0.05,1698032.0,165160000.0,2416.1199,2511.0,83.40987,1.0203615,Namibia
904,0.655,0.0,0.05,0.0,0.025,1731639.0,180830000.0,2209.7722,3820.0,83.40987,1.0203615,Namibia
905,0.651,0.0,0.025,0.0,0.025,1763859.0,178630000.0,2165.1133,7612.0,83.40987,1.0203615,Namibia
906,0.661,0.0,0.025,0.0,0.025,1794571.0,152410000.0,2136.4402,27263.0,83.40987,2.1096323,Namibia
907,0.66,0.0,0.025,0.0,0.05,1823672.0,109510000.0,1906.2926,30885.0,84.94426,0.6744776,Namibia
908,0.693,0.0,0.05,0.0,0.05,1851523.0,135020000.0,1769.1759,21651.0,83.40987,0.66537637,Namibia
909,0.68,0.0,0.125,0.0,0.125,1879117.0,148380000.0,2560.774,19800.0,83.40987,1.0133169,Namibia
910,0.666,0.0,0.15,0.0,0.125,1907745.0,175330000.0,3396.9119,14773.0,83.40987,0.5074577,Namibia
911,0.676,0.0,0.125,0.0,0.1,1938320.0,113380000.0,3674.0022,5307.0,83.40987,0.42644203,Namibia
912,0.684,0.0,0.1,0.0,0.1,1971317.0,149330000.0,3974.5225,5462.0,83.40987,0.46543762,Namibia
913,0.672,0.0,0.1,0.0,0.1,2006514.0,220850000.0,4356.2446,6525.0,76.48659,0.4316138,Namibia
914,0.658,0.0,0.1,0.0,0.125,2043394.0,205490000.0,4153.248,6799.0,83.40987,0.47935617,Namibia
915,0.647,0.0,0.1,0.0,0.1,2081044.0,331130016.0,4265.259,7163.0,83.40987,0.8405946,Namibia
916,0.662,0.0,0.12195122,0.0,0.12195122,2118874.0,261329984.0,5324.617,7254.0,83.40987,1.3024472,Namibia
917,0.673,0.0,0.09756097,0.0,0.09756097,2156701.0,278209984.0,5753.9873,6049.0,88.27463,1.3180907,Namibia
918,0.731,0.0,0.12195122,0.0,0.09756097,2194784.0,252440000.0,5930.5483,1806.0,83.40987,0.99309266,Namibia
919,0.749,0.0,0.14634146,0.0,0.12195122,2233510.0,261040016.0,5694.0825,2332.0,83.40987,1.2615964,Namibia
920,0.703,0.0,0.12195122,0.0,0.12195122,2273430.0,226220000.0,5624.1353,1767.0,83.40987,1.4810227,Namibia
921,0.703,0.0,0.14634146,0.0,0.14634146,2314904.0,142380000.0,5032.8896,1737.0,83.40987,2.818495,Namibia
922,0.149,0.0,0.0,0.0,0.025641026,1630996.0,108900000.0,288.4061,4230.0,79.56328,0.08443459,Lesotho
923,0.16,0.0,0.0,0.0,0.0,1666563.0,134510000.0,297.2614,4248.0,79.56328,0.08443459,Lesotho
924,0.412,0.0,0.0,0.0,0.0,1703747.0,139130000.0,350.06085,214.0,79.56328,0.08443459,Lesotho
925,0.482,0.0,0.051282052,0.0,0.025641026,1742539.0,123310000.0,404.19708,220.0,79.56328,0.08443459,Lesotho
926,0.319,0.0,0.05,0.0,0.05,1782285.0,143160000.0,466.27444,117.0,79.56328,0.08443459,Lesotho
927,0.319,0.0,0.05,0.0,0.05,1822236.0,143060000.0,458.55356,60.0,79.56328,0.08443459,Lesotho
928,0.319,0.0,0.0,0.0,0.0,1861324.0,115620000.0,471.8418,58.0,79.56328,0.08443459,Lesotho
929,0.383,0.0,0.0,0.0,0.0,1898598.0,112650000.0,527.6998,2784.2856,79.56328,0.08443459,Lesotho
930,0.321,0.0,0.0,0.0,0.025,1934291.0,103210000.0,489.1318,2784.2856,79.56328,0.08443459,Lesotho
931,0.321,0.0,0.025,0.0,0.05,1968044.0,91490000.0,507.10046,2784.2856,79.56328,0.08443459,Lesotho
932,0.321,0.0,0.05,0.0,0.025,1997516.0,61850000.0,464.8064,2784.2856,79.56328,0.08443459,Lesotho
933,0.499,0.0,0.025,0.0,0.025,2019731.0,31670000.0,451.92715,1.0,79.56328,0.08443459,Lesotho
934,0.616,0.0,0.025,0.0,0.025,2032804.0,37170000.0,436.48834,2784.2856,86.25443,0.08443459,Lesotho
935,0.616,0.0,0.025,0.0,0.05,2035740.0,55550000.0,405.60532,39.0,79.56328,0.017070808,Lesotho
936,0.616,0.0,0.05,0.0,0.05,2029829.0,77000000.0,382.1902,2784.2856,79.56328,0.0034082858,Lesotho
937,0.616,0.0,0.125,0.0,0.125,2018348.0,79130000.0,573.65375,2784.2856,79.56328,0.062408444,Lesotho
938,0.578,0.0,0.15,0.0,0.125,2005940.0,95310000.0,753.3808,2784.2856,79.56328,0.018922606,Lesotho
939,0.568,0.0,0.125,0.0,0.1,1996114.0,68440000.0,842.81305,2784.2856,79.56328,0.08443459,Lesotho
940,0.555,0.0,0.1,0.0,0.1,1989939.0,71190000.0,904.6034,2784.2856,79.56328,0.08443459,Lesotho
941,0.548,0.0,0.1,0.0,0.1,1986922.0,130899992.0,863.7796,2784.2856,79.56328,0.08443459,Lesotho
942,0.585,0.0,0.1,0.0,0.125,1987129.0,144710000.0,884.96265,2784.2856,79.56328,0.35854197,Lesotho
943,0.584,0.0,0.1,0.0,0.1,1990131.0,122270000.0,890.9964,2784.2856,75.8002,0.015915714,Lesotho
944,0.645,0.0,0.12195122,0.0,0.12195122,1995581.0,256049984.0,1199.9518,2784.2856,79.56328,0.07239712,Lesotho
945,0.638,0.0,0.09756097,0.0,0.09756097,2003787.0,256769984.0,1393.3864,34.0,79.56328,0.1403053,Lesotho
946,0.61,0.0,0.12195122,0.0,0.09756097,2014990.0,276260000.0,1328.8131,34.0,79.56328,0.11620069,Lesotho
947,0.628,0.0,0.14634146,0.0,0.12195122,2028519.0,320670016.0,1249.1835,30.0,79.56328,0.086279936,Lesotho
948,0.509,0.0,0.12195122,0.0,0.12195122,2043437.0,107170000.0,1276.413,44.0,76.6352,0.04739642,Lesotho
949,0.567,0.0,0.14634146,0.0,0.14634146,2059021.0,86490000.0,1112.0814,31.0,79.56328,0.07468904,Lesotho
950,,0.0,0.0,0.0,0.025641026,,,,,,,
951,,0.0,0.0,0.0,0.0,,,,,,,
952,,0.0,0.0,0.0,0.0,,,,,,,
953,,0.0,0.051282052,0.0,0.025641026,,,,,,,
954,,0.0,0.05,0.0,0.05,,,,,,,
955,,0.0,0.05,0.0,0.05,,,,,,,
956,,0.0,0.0,0.0,0.0,,,,,,,
957,,0.0,0.0,0.0,0.0,,,,,,,
958,,0.0,0.0,0.0,0.025,,,,,,,
959,,0.0,0.025,0.0,0.05,,,,,,,
960,,0.0,0.05,0.0,0.025,,,,,,,
961,,0.0,0.025,0.0,0.025,,,,,,,
962,,0.0,0.025,0.0,0.025,,,,,,,
963,,0.0,0.025,0.0,0.05,,,,,,,
964,,0.0,0.05,0.0,0.05,,,,,,,
965,,0.0,0.125,0.0,0.125,,,,,,,
966,,0.0,0.15,0.0,0.125,,,,,,,
967,,0.0,0.125,0.0,0.1,,,,,,,
968,,0.0,0.1,0.0,0.1,,,,,,,
969,,0.0,0.1,0.0,0.1,,,,,,,
970,,0.0,0.1,0.0,0.125,,,,,,,
971,,0.0,0.1,0.0,0.1,,,,,,,
972,,0.0,0.12195122,0.0,0.12195122,,,,,,,
973,,0.0,0.09756097,0.0,0.09756097,,,,,,,
974,,0.0,0.12195122,0.0,0.09756097,,,,,,,
975,,0.0,0.14634146,0.0,0.12195122,,,,,,,
976,,0.0,0.12195122,0.0,0.12195122,,,,,,,
977,,0.0,0.14634146,0.0,0.14634146,,,,,,,
978,0.452,0.0,0.0,0.0,0.025641026,387963.0,51220000.0,918.9021,7.0,56.105404,0.07547699,Comoros
979,0.45,0.0,0.0,0.0,0.0,399632.0,44070000.0,854.478,7.0,56.105404,0.07547699,Comoros
980,0.361,0.0,0.0,0.0,0.0,411594.0,44880000.0,1043.8008,7.0,56.105404,0.07547699,Comoros
981,0.439,0.0,0.051282052,0.0,0.025641026,423872.0,63300000.0,1000.55865,7.0,56.105404,0.07547699,Comoros
982,0.441,0.0,0.05,0.0,0.05,436448.0,47870000.0,1047.9795,7.0,56.105404,0.07547699,Comoros
983,0.337,0.0,0.05,0.0,0.05,449274.0,48620000.0,1008.0295,7.0,56.105404,0.07547699,Comoros
984,0.454,0.0,0.0,0.0,0.0,462277.0,38700000.0,690.47174,7.0,56.105404,0.07547699,Comoros
985,0.463,0.0,0.0,0.0,0.0,475394.0,41600000.0,838.1717,7.0,56.105404,0.07547699,Comoros
986,0.294,0.0,0.0,0.0,0.025,488627.0,39200000.0,810.54425,7.0,56.105404,0.07547699,Comoros
987,0.222,0.0,0.025,0.0,0.05,501953.0,30200000.0,726.05524,7.0,56.105404,0.09772027,Comoros
988,0.23,0.0,0.05,0.0,0.025,515385.0,40620000.0,718.11707,7.0,56.105404,0.07547699,Comoros
989,0.405,0.0,0.025,0.0,0.025,528848.0,22090000.0,723.1851,9.0,56.105404,0.07547699,Comoros
990,0.425,0.0,0.025,0.0,0.025,542357.0,19310000.0,645.81866,11.0,68.48923,0.07547699,Comoros
991,0.46,0.0,0.025,0.0,0.05,555888.0,27670000.0,680.31854,13.0,56.105404,0.0046984428,Comoros
992,0.47,0.0,0.05,0.0,0.05,569479.0,27580000.0,744.47516,7.0,56.105404,0.07547699,Comoros
993,0.541,0.0,0.125,0.0,0.125,583211.0,24610000.0,935.6115,7.0,56.105404,0.07547699,Comoros
994,0.54,0.0,0.15,0.0,0.125,597228.0,25880000.0,1059.1769,7.0,56.105404,0.07547699,Comoros
995,0.54,0.0,0.125,0.0,0.1,611627.0,23140000.0,1068.6003,1.0,56.105404,0.07547699,Comoros
996,0.55,0.0,0.1,0.0,0.1,626425.0,32000000.0,1113.9578,1.0,56.105404,0.07547699,Comoros
997,0.526,0.0,0.1,0.0,0.1,641620.0,45050000.0,1238.4615,7.0,56.105404,0.07547699,Comoros
998,0.6,0.0,0.1,0.0,0.125,657229.0,42040000.0,1387.5946,7.0,56.105404,0.07547699,Comoros
999,0.604,0.0,0.1,0.0,0.1,673252.0,50780000.0,1339.3372,7.0,56.105404,0.023865791,Comoros
1000,0.596,0.0,0.12195122,0.0,0.12195122,689692.0,69910000.0,1315.2148,7.0,56.105404,0.05476624,Comoros
1001,0.606,0.0,0.09756097,0.0,0.09756097,706569.0,55350000.0,1446.068,7.0,56.105404,0.081639454,Comoros
1002,0.503,0.0,0.12195122,0.0,0.09756097,723871.0,101610000.0,1403.4285,7.0,49.19614,0.028739098,Comoros
1003,0.516,0.0,0.14634146,0.0,0.12195122,741505.0,81230000.0,1504.9209,7.0,56.105404,4.965876e-05,Comoros
1004,0.472,0.0,0.12195122,0.0,0.12195122,759390.0,74950000.0,1511.816,7.0,56.105404,0.07547699,Comoros
1005,0.461,0.0,0.14634146,0.0,0.14634146,777424.0,65780000.0,1242.1029,7.0,56.105404,0.07547699,Comoros
1006,0.186,0.0,0.0,0.0,0.025641026,23903592.0,483260000.0,1066.3302,800.0,55.706165,2.0601149,Morocco
1007,0.195,0.0,0.0,0.0,0.0,24355620.0,499120000.0,1071.1774,303.0,55.706165,2.591742,Morocco
1008,0.211,0.0,0.0,0.0,0.0,24807462.0,1241089920.0,1206.0118,311.0,55.706165,3.5865662,Morocco
1009,0.216,0.0,0.051282052,0.0,0.025641026,25260404.0,1532670080.0,1266.8495,322.0,55.706165,2.5116541,Morocco
1010,0.216,0.0,0.05,0.0,0.05,25711406.0,953600000.0,1299.4216,319.0,55.706165,3.1462774,Morocco
1011,0.216,0.0,0.05,0.0,0.05,26155204.0,780000000.0,1199.3193,336.0,55.706165,2.6609356,Morocco
1012,0.216,0.0,0.0,0.0,0.0,26584478.0,683520000.0,1326.9413,336.0,41.59411,2.0811982,Morocco
1013,0.235,0.0,0.0,0.0,0.0,26994250.0,500560000.0,1432.3102,55.0,55.706165,2.2026596,Morocco
1014,0.237,0.0,0.0,0.0,0.025,27383472.0,649590020.0,1561.1294,51.0,55.706165,1.626884,Morocco
1015,0.254,0.0,0.025,0.0,0.05,27754572.0,471560000.0,1396.7699,57.0,55.706165,1.9442198,Morocco
1016,0.241,0.0,0.05,0.0,0.025,28110444.0,531210016.0,1472.3856,901.0,55.706165,1.4606609,Morocco
1017,0.247,0.0,0.025,0.0,0.025,28455508.0,681940030.0,1447.9688,901.0,55.706165,2.703787,Morocco
1018,0.262,0.0,0.025,0.0,0.025,28793680.0,447380000.0,1334.943,2105.0,55.706165,3.657108,Morocco
1019,0.262,0.0,0.025,0.0,0.05,29126330.0,493850016.0,1339.2936,2091.0,55.706165,4.2297516,Morocco
1020,0.279,0.0,0.05,0.0,0.05,29454768.0,364390016.0,1416.4882,2127.0,55.706165,2.8187985,Morocco
1021,0.287,0.0,0.125,0.0,0.125,29782884.0,584390020.0,1725.458,2121.0,55.706165,1.0630573,Morocco
1022,0.29,0.0,0.15,0.0,0.125,30115214.0,780600000.0,1952.9019,195.0,52.30626,2.0087578,Morocco
1023,0.291,0.0,0.125,0.0,0.1,30455560.0,732640000.0,2018.0258,219.0,55.706165,2.3814585,Morocco
1024,0.3,0.0,0.1,0.0,0.1,30804684.0,1101529980.0,2196.0122,503.0,55.706165,1.8517177,Morocco
1025,0.295,0.0,0.1,0.0,0.1,31163672.0,1219229950.0,2499.26,786.0,55.706165,2.2676709,Morocco
1026,0.3,0.0,0.1,0.0,0.125,31536812.0,1453360000.0,2890.36,766.0,55.14792,2.1541553,Morocco
1027,0.293,0.0,0.1,0.0,0.1,31929088.0,1045959940.0,2866.9243,773.0,56.08367,2.3324971,Morocco
1028,0.288,0.0,0.12195122,0.0,0.12195122,32343388.0,985500030.0,2839.925,792.0,55.706165,1.0727783,Morocco
1029,0.295,0.0,0.09756097,0.0,0.09756097,32781850.0,1440240000.0,3046.9492,736.0,67.08416,2.6129096,Morocco
1030,0.294,0.0,0.12195122,0.0,0.09756097,33241898.0,1471139970.0,2912.6582,744.0,69.42539,3.9701257,Morocco
1031,0.299,0.0,0.14634146,0.0,0.12195122,33715692.0,2008649980.0,3121.6812,1470.0,55.706165,5.0279512,Morocco
1032,0.314,0.0,0.12195122,0.0,0.12195122,34192348.0,2240150020.0,3171.6992,1216.0,55.706165,3.2922976,Morocco
1033,0.291,0.0,0.14634146,0.0,0.14634146,34663604.0,1518280060.0,2875.258,3908.0,55.706165,1.4187412,Morocco
1034,0.369,0.0,0.0,0.0,0.025641026,24443468.0,171980000.0,2417.3767,170000.0,69.73939,94.82183,Algeria
1035,0.179,0.0,0.0,0.0,0.0,25106190.0,158210000.0,2215.8477,169103.0,69.73939,95.59007,Algeria
1036,0.171,0.0,0.0,0.0,0.0,25758868.0,331649984.0,2408.6887,169110.0,69.73939,96.47399,Algeria
1037,0.167,0.0,0.051282052,0.0,0.025641026,26400480.0,211170000.0,1731.6113,169124.0,69.73939,96.88383,Algeria
1038,0.187,0.0,0.05,0.0,0.05,27028326.0,374790016.0,1776.0366,219314.0,69.73939,95.85412,Algeria
1039,0.322,0.0,0.05,0.0,0.05,27635516.0,326309984.0,1807.3285,219067.0,69.73939,95.24023,Algeria
1040,0.322,0.0,0.0,0.0,0.0,28213774.0,295489984.0,1507.8654,219073.0,69.73939,96.55742,Algeria
1041,0.335,0.0,0.0,0.0,0.0,28757784.0,295740000.0,1452.2694,192489.0,69.73939,94.55675,Algeria
1042,0.344,0.0,0.0,0.0,0.025,29266404.0,306880000.0,1603.9379,190267.0,69.73939,92.05112,Algeria
1043,0.338,0.0,0.025,0.0,0.05,29742980.0,247890000.0,1619.8063,170746.0,69.73939,96.31966,Algeria
1044,0.338,0.0,0.05,0.0,0.025,30192754.0,419869984.0,1596.0037,165226.0,69.73939,96.21683,Algeria
1045,0.346,0.0,0.025,0.0,0.025,30623406.0,137980000.0,1588.2985,165249.0,69.73939,96.48443,Algeria
1046,0.336,0.0,0.025,0.0,0.025,31042236.0,199960000.0,1764.8882,169656.0,69.73939,97.22214,Algeria
1047,0.353,0.0,0.025,0.0,0.05,31451514.0,198860000.0,1740.56,169422.0,69.73939,96.61198,Algeria
1048,0.354,0.0,0.05,0.0,0.05,31855108.0,186120000.0,1781.7585,169233.0,69.8735,96.10537,Algeria
1049,0.353,0.0,0.125,0.0,0.125,32264156.0,239240000.0,2103.4531,169033.0,69.73939,97.266846,Algeria
1050,0.361,0.0,0.15,0.0,0.125,32692164.0,316970016.0,2609.9456,169048.0,69.73939,97.378685,Algeria
1051,0.356,0.0,0.125,0.0,0.1,33149724.0,347380000.0,3113.101,94101.0,69.73939,98.02786,Algeria
1052,0.337,0.0,0.1,0.0,0.1,33641000.0,240680000.0,3478.8186,94180.0,72.64868,97.908905,Algeria
1053,0.323,0.0,0.1,0.0,0.1,34166972.0,395010016.0,3950.5615,94137.0,69.73939,97.78888,Algeria
1054,0.341,0.0,0.1,0.0,0.125,34730608.0,324829984.0,4923.54,94093.0,75.13605,97.57877,Algeria
1055,0.351,0.0,0.1,0.0,0.1,35333880.0,302390016.0,3883.3782,94137.0,69.73939,97.701546,Algeria
1056,0.335,0.0,0.12195122,0.0,0.12195122,35977456.0,201250000.0,4480.7246,94144.0,69.73939,97.346,Algeria
1057,0.319,0.0,0.09756097,0.0,0.09756097,36661444.0,193350000.0,5455.741,94148.0,69.73939,97.1969,Algeria
1058,0.293,0.0,0.12195122,0.0,0.09756097,37383888.0,147320000.0,5592.326,94133.0,69.73939,97.13549,Algeria
1059,0.287,0.0,0.14634146,0.0,0.12195122,38140132.0,203420000.0,5499.5815,94150.0,69.73939,96.722,Algeria
1060,0.306,0.0,0.12195122,0.0,0.12195122,38923688.0,160620000.0,5493.0254,94128.0,69.73939,95.76423,Algeria
1061,0.32,0.0,0.14634146,0.0,0.14634146,39728024.0,71130000.0,4177.8677,94182.0,69.73939,94.32586,Algeria
1062,,0.0,0.0,0.0,0.025641026,,,,,,,
1063,,0.0,0.0,0.0,0.0,,,,,,,
1064,,0.0,0.0,0.0,0.0,,,,,,,
1065,,0.0,0.051282052,0.0,0.025641026,,,,,,,
1066,,0.0,0.05,0.0,0.05,,,,,,,
1067,,0.0,0.05,0.0,0.05,,,,,,,
1068,,0.0,0.0,0.0,0.0,,,,,,,
1069,,0.0,0.0,0.0,0.0,,,,,,,
1070,,0.0,0.0,0.0,0.025,,,,,,,
1071,,0.0,0.025,0.0,0.05,,,,,,,
1072,,0.0,0.05,0.0,0.025,,,,,,,
1073,,0.0,0.025,0.0,0.025,,,,,,,
1074,,0.0,0.025,0.0,0.025,,,,,,,
1075,,0.0,0.025,0.0,0.05,,,,,,,
1076,,0.0,0.05,0.0,0.05,,,,,,,
1077,,0.0,0.125,0.0,0.125,,,,,,,
1078,,0.0,0.15,0.0,0.125,,,,,,,
1079,,0.0,0.125,0.0,0.1,,,,,,,
1080,,0.0,0.1,0.0,0.1,,,,,,,
1081,,0.0,0.1,0.0,0.1,,,,,,,
1082,,0.0,0.1,0.0,0.125,,,,,,,
1083,,0.0,0.1,0.0,0.1,,,,,,,
1084,,0.0,0.12195122,0.0,0.12195122,,,,,,,
1085,,0.0,0.09756097,0.0,0.09756097,,,,,,,
1086,,0.0,0.12195122,0.0,0.09756097,,,,,,,
1087,,0.0,0.14634146,0.0,0.12195122,,,,,,,
1088,,0.0,0.12195122,0.0,0.12195122,,,,,,,
1089,,0.0,0.14634146,0.0,0.14634146,,,,,,,
1090,0.072,0.0,0.0,0.0,0.025641026,4220450.0,5500000.0,7304.4404,68614.96,74.2548,93.87566,Libya
1091,0.072,0.0,0.0,0.0,0.0,4328939.0,9780000.0,7304.4404,68614.96,74.2548,95.27276,Libya
1092,0.072,0.0,0.0,0.0,0.0,4436661.0,8340000.0,6514.3213,68614.96,74.2548,98.315506,Libya
1093,0.072,0.0,0.051282052,0.0,0.025641026,4544242.0,7490000.0,7040.781,68614.96,74.2548,95.41571,Libya
1094,0.072,0.0,0.05,0.0,0.05,4650885.0,3280000.0,7284.9346,68614.96,74.2548,98.315506,Libya
1095,0.072,0.0,0.05,0.0,0.05,4755133.0,2870000.0,6447.1445,1185.0,74.2548,98.315506,Libya
1096,0.072,0.0,0.0,0.0,0.0,4854875.0,3950000.0,5892.6177,1999.0,76.5,98.315506,Libya
1097,0.072,0.0,0.0,0.0,0.0,4948798.0,5840000.0,5161.683,3973.0,74.2548,98.315506,Libya
1098,0.072,0.0,0.0,0.0,0.025,5036171.0,3770000.0,5536.868,7747.0,74.2548,98.315506,Libya
1099,0.072,0.0,0.025,0.0,0.05,5118007.0,3980000.0,5998.1616,8481.0,74.2548,94.78023,Libya
1100,0.072,0.0,0.05,0.0,0.025,5196780.0,5550000.0,5243.5903,10558.0,74.2548,92.61264,Libya
1101,0.072,0.0,0.025,0.0,0.025,5275926.0,4700000.0,6819.033,10535.0,74.2548,98.315506,Libya
1102,0.072,0.0,0.025,0.0,0.025,5357891.0,13750000.0,7142.7744,11543.0,74.2548,98.315506,Libya
1103,0.074,0.0,0.025,0.0,0.05,5443248.0,6950000.0,6266.491,11664.0,74.2548,98.315506,Libya
1104,0.074,0.0,0.05,0.0,0.05,5531089.0,6970000.0,3703.0483,11666.0,74.2548,98.315506,Libya
1105,0.072,0.0,0.125,0.0,0.125,5620547.0,7910000.0,4673.144,11897.0,74.2548,98.315506,Libya
1106,0.072,0.0,0.15,0.0,0.125,5710154.0,12500000.0,5800.598,12166.0,86.1,98.315506,Libya
1107,0.072,0.0,0.125,0.0,0.1,5798614.0,23840000.0,8163.0107,12166.0,74.2548,98.315506,Libya
1108,0.074,0.0,0.1,0.0,0.1,5886872.0,37510000.0,9336.356,2760.0,74.2548,98.315506,Libya
1109,0.074,0.0,0.1,0.0,0.1,5974787.0,19410000.0,11300.191,4098.0,74.2548,96.624725,Libya
1110,0.129,0.0,0.1,0.0,0.125,6058748.0,74200000.0,14382.576,6713.0,74.2548,96.7377,Libya
1111,0.288,0.0,0.1,0.0,0.1,6133984.0,40040000.0,10275.267,9005.0,74.2548,97.893906,Libya
1112,0.53,0.0,0.12195122,0.0,0.12195122,6197663.0,7610000.0,12064.78,7923.0,74.2548,97.71816,Libya
1113,0.282,0.0,0.09756097,0.0,0.09756097,6247439.0,641099970.0,5554.179,103695.0,74.2548,98.315506,Libya
1114,0.282,0.0,0.12195122,0.0,0.09756097,6285750.0,87120000.0,13025.281,66490.0,74.2548,98.315506,Libya
1115,0.282,0.0,0.14634146,0.0,0.12195122,6320359.0,128830000.0,10363.789,79140.0,74.2548,98.315506,Libya
1116,0.273,0.0,0.12195122,0.0,0.12195122,6362037.0,210280000.0,6466.91,391031.0,74.2548,98.315506,Libya
1117,0.266,0.0,0.14634146,0.0,0.14634146,6418315.0,157370000.0,4337.919,444174.0,74.2548,98.315506,Libya
1118,0.093,0.0,0.0,0.0,0.025641026,18867560.0,930469950.0,632.3355,745000.0,58.52014,26.83592,Sudan
1119,0.093,0.0,0.0,0.0,0.0,19476648.0,741920000.0,611.94855,767729.0,58.52014,26.83592,Sudan
1120,0.093,0.0,0.0,0.0,0.0,20147590.0,848240000.0,483.9526,1031050.0,58.52014,26.83592,Sudan
1121,0.096,0.0,0.051282052,0.0,0.025641026,20891440.0,867110020.0,432.4791,729200.0,58.52014,26.83592,Sudan
1122,0.096,0.0,0.05,0.0,0.05,21696244.0,536309984.0,260.51025,725900.0,58.52014,26.83592,Sudan
1123,0.108,0.0,0.05,0.0,0.05,22527834.0,447900000.0,320.4855,745200.0,58.52014,26.83592,Sudan
1124,0.161,0.0,0.0,0.0,0.0,23338464.0,408290016.0,449.7107,727174.0,58.52014,0.0,Sudan
1125,0.161,0.0,0.0,0.0,0.0,24094748.0,237430000.0,473.4134,674071.0,58.52014,0.2574823,Sudan
1126,0.159,0.0,0.0,0.0,0.025,24782384.0,218100000.0,300.56494,393874.0,58.52014,0.000478192,Sudan
1127,0.13,0.0,0.025,0.0,0.05,25413916.0,138940000.0,378.95468,374415.0,58.52014,0.00012551245,Sudan
1128,0.177,0.0,0.05,0.0,0.025,26015520.0,211210000.0,355.15244,391496.0,58.52014,26.83592,Sudan
1129,0.185,0.0,0.025,0.0,0.025,26626520.0,246340000.0,328.0686,390995.0,58.52014,0.00010897767,Sudan
1130,0.182,0.0,0.025,0.0,0.025,27275016.0,225290000.0,366.17282,414928.0,61.34587,69.331436,Sudan
1131,0.195,0.0,0.025,0.0,0.05,27971082.0,192260000.0,383.016,349209.0,58.52014,83.927765,Sudan
1132,0.214,0.0,0.05,0.0,0.05,28704778.0,304929984.0,418.25183,328176.0,58.52014,72.44165,Sudan
1133,0.218,0.0,0.125,0.0,0.125,29460520.0,620229950.0,484.84473,138163.0,58.52014,81.21043,Sudan
1134,0.215,1.0,0.125,0.0,0.125,30214192.0,994580030.0,573.30695,803890.0,58.52014,83.58623,Sudan
1135,0.214,1.0,0.1,1.0,0.075,30949516.0,1826109950.0,689.20953,989202.0,58.52014,87.26272,Sudan
1136,0.227,1.0,0.075,1.0,0.075,31661824.0,2048439940.0,905.30975,1521435.0,58.52014,91.10935,Sudan
1137,0.237,1.0,0.075,1.0,0.075,32360620.0,2120590080.0,1128.4104,1472722.0,58.52014,26.83592,Sudan
1138,0.237,1.0,0.075,1.0,0.1,33060836.0,2566429950.0,1304.5331,1382645.0,53.51738,94.37013,Sudan
1139,0.219,1.0,0.075,1.0,0.075,33783788.0,2352470020.0,1238.1808,1220432.0,58.52014,92.09753,Sudan
1140,0.222,1.0,0.09756097,1.0,0.09756097,34545012.0,2025849980.0,1489.877,1802408.0,58.52014,94.41127,Sudan
1141,0.229,0.0,0.09756097,0.0,0.09756097,35349680.0,1742400000.0,1672.1033,2561935.0,58.52014,90.86175,Sudan
1142,0.245,0.0,0.12195122,0.0,0.09756097,36193784.0,1369129980.0,1882.2468,2025494.0,58.52014,26.83592,Sudan
1143,0.288,0.0,0.14634146,0.0,0.12195122,37072552.0,1507329920.0,1943.9165,2033157.0,58.52014,26.83592,Sudan
1144,0.276,0.0,0.12195122,0.0,0.12195122,37977656.0,874680000.0,2163.156,2470663.0,58.52014,26.83592,Sudan
1145,0.283,0.0,0.14634146,0.0,0.14634146,38902952.0,969700030.0,2486.7456,3527873.0,58.52014,26.83592,Sudan
1146,0.225,,,,,39847440.0,809090050.0,2398.1018,2647023.0,58.52014,26.83592,South Sudan
1147,0.232,,,,,40813396.0,861340030.0,3015.0244,2903607.0,58.52014,26.83592,South Sudan
1148,0.203,1.0,0.09756097,1.0,0.09756097,41801532.0,963469950.0,977.2736,2942470.0,60.69718,26.83592,South Sudan
1149,0.181,1.0,0.07317073,1.0,0.07317073,9830698.0,435829984.0,1516.4039,665184.0,34.52276,,South Sudan
1150,0.182,1.0,0.09756097,1.0,0.07317073,10113647.0,1186259970.0,1179.7399,548251.0,34.52276,,South Sudan
1151,0.176,1.0,0.12195122,1.0,0.09756097,10355036.0,1399300100.0,1779.4694,560684.0,34.52276,,South Sudan
1152,0.174,1.0,0.09756097,0.0,0.12195122,10554883.0,1964119940.0,1322.8202,1893544.0,34.52276,,South Sudan
1153,0.156,1.0,0.12195122,1.0,0.12195122,10715658.0,1674829950.0,1119.6514,2053443.0,34.52276,,South Sudan
