,new_side_b_id,ccode,ideol_ord,other_rel_appeals,left_appeals,anti_resource_appeals,gov_violence_appeals,feminist_appeals,other_appeals,ethnic_nat_appeals,anti_intervention_appeals,gov_grievance_appeals,multi_ethnic,secessionist,reb_strength_ord,name,multi_appeals,terr_cont,any_nr_binary,appeals_count,other_group_binary,left_wing,supporttype_funds_rebel,radical_islamist,foreign_f,v2x_polyarchy,mean_log10_gdp_pc,group_age,ideology_forge_count,incompatible_appeals,post_2003,ideology_count,appeals_count_restrict,multi_appeals_restrict,year_start,year_end
0,164,630,3,0.0,0.0,0.0,0.0,0.0,0.0,1.0,0.0,1.0,0.0,0,1,KDPI,1,0.0,0.0,2,1,1,0.0,0,,0.163,0.4234767,73,1.0,1,1,2,1.0,0.0,1946.0,2018.0
1,169,840,3,1.0,1.0,0.0,0.0,0.0,0.0,1.0,1.0,1.0,1.0,0,2,CPP,1,1.0,1.0,5,0,1,0.0,0,,0.387,0.4228484,52,1.0,1,1,2,4.0,1.0,1969.0,2020.0
2,180,775,3,0.0,0.0,0.0,1.0,0.0,0.0,0.0,0.0,0.0,1.0,1,1,KNU,0,1.0,1.0,1,1,0,1.0,0,,0.07,-0.1085142,46,1.0,0,1,2,1.0,0.0,1966.0,2011.0
3,181,775,4,1.0,0.0,0.0,0.0,0.0,0.0,1.0,0.0,0.0,0.0,0,1,God's Army,1,0.0,0.0,2,1,0,0.0,0,0.0,0.095,0.1651107,1,1.0,0,0,2,1.0,0.0,2000.0,2000.0
4,185,775,4,0.0,0.0,0.0,0.0,0.0,0.0,1.0,0.0,1.0,1.0,0,1,ABSDF,1,0.0,0.0,2,1,0,0.0,0,0.0,0.115,-0.03984997,5,1.0,1,0,2,1.0,0.0,1990.0,1994.0
5,187,775,1,0.0,0.0,0.0,0.0,0.0,0.0,1.0,0.0,0.0,0.0,0,1,RSO,0,0.0,0.0,1,1,0,0.0,1,0.0,0.095,-0.03908129,4,2.0,0,0,2,0.0,0.0,1991.0,1994.0
6,190,775,4,0.0,0.0,0.0,0.0,0.0,0.0,1.0,0.0,0.0,0.0,0,1,NMSP,0,0.0,1.0,1,1,1,0.0,0,0.0,0.401,-0.09808378,32,2.0,0,0,2,0.0,0.0,1959.0,1990.0
7,191,775,4,0.0,0.0,0.0,0.0,0.0,0.0,1.0,0.0,0.0,0.0,0,1,BMA,0,0.0,0.0,1,1,1,0.0,0,0.0,0.095,0.06146727,1,2.0,0,0,2,0.0,0.0,1996.0,1996.0
8,193,750,3,0.0,1.0,0.0,0.0,1.0,0.0,1.0,0.0,0.0,1.0,0,1,PWG,1,0.0,1.0,3,1,1,0.0,0,0.0,0.668,0.1970564,18,2.0,1,1,2,2.0,1.0,1987.0,2004.0
9,194,750,1,0.0,0.0,0.0,0.0,0.0,0.0,1.0,0.0,1.0,1.0,0,1,MCC,1,0.0,0.0,2,1,1,0.0,0,0.0,0.727,0.2807129,19,2.0,1,1,2,2.0,1.0,1992.0,2004.0
10,195,750,1,0.0,1.0,0.0,0.0,0.0,0.0,0.0,0.0,1.0,1.0,0,2,CPI-Maoist,1,0.0,1.0,2,1,1,0.0,0,0.0,0.73,0.5036433,17,2.0,0,1,4,1.0,0.0,2004.0,2020.0
11,201,775,4,0.0,0.0,0.0,0.0,0.0,0.0,1.0,0.0,1.0,1.0,1,2,KIO,1,1.0,1.0,2,1,0,1.0,0,0.0,0.422,-0.1007776,59,1.0,1,1,4,1.0,0.0,1961.0,2019.0
12,204,666,2,0.0,0.0,0.0,0.0,0.0,0.0,1.0,1.0,0.0,0.0,1,1,PLO,1,0.0,,3,1,0,,0,,0.646,1.045413,24,1.0,1,0,4,2.0,1.0,1965.0,1988.0
13,205,666,4,0.0,1.0,0.0,0.0,0.0,1.0,1.0,0.0,0.0,0.0,0,1,PFLP,1,0.0,0.0,3,1,1,0.0,0,0.0,0.692,1.151599,32,2.0,1,0,4,2.0,1.0,1970.0,2001.0
14,206,666,4,0.0,1.0,0.0,0.0,0.0,0.0,1.0,0.0,0.0,0.0,0,1,PFLP-GC,1,0.0,,2,1,1,0.0,0,0.0,0.703,1.225405,17,2.0,1,0,4,1.0,0.0,1973.0,1989.0
15,207,666,2,0.0,0.0,0.0,0.0,0.0,0.0,1.0,1.0,0.0,0.0,1,1,Fatah,1,1.0,1.0,3,1,0,0.0,0,0.0,0.646,1.045413,43,1.0,1,1,4,2.0,1.0,1965.0,2007.0
16,208,666,4,0.0,0.0,0.0,0.0,0.0,0.0,0.0,0.0,0.0,0.0,0,1,PIJ,0,0.0,0.0,1,1,0,1.0,1,0.0,0.77,1.32819,33,2.0,0,1,4,0.0,0.0,1987.0,2019.0
17,209,666,2,0.0,0.0,0.0,0.0,0.0,0.0,1.0,1.0,1.0,0.0,0,1,Hamas,1,0.0,0.0,4,1,0,1.0,1,1.0,0.773,1.341587,30,2.0,1,1,4,3.0,1.0,1989.0,2018.0
18,210,666,2,0.0,0.0,0.0,0.0,0.0,0.0,1.0,1.0,0.0,0.0,1,2,PNA,1,0.0,0.0,3,1,0,0.0,0,0.0,0.772,1.436407,8,1.0,1,0,4,2.0,1.0,1995.0,2002.0
19,211,666,2,0.0,0.0,0.0,0.0,0.0,0.0,1.0,0.0,0.0,0.0,1,1,AMB,1,0.0,0.0,2,1,0,0.0,0,0.0,0.772,1.49177,5,1.0,1,1,4,1.0,0.0,2000.0,2004.0
20,212,666,3,0.0,0.0,0.0,0.0,0.0,1.0,0.0,1.0,0.0,0.0,0,1,PRC,1,0.0,0.0,3,1,0,0.0,1,0.0,0.763,1.490818,6,,1,1,4,2.0,1.0,2001.0,2006.0
21,223,750,3,1.0,0.0,0.0,0.0,0.0,0.0,1.0,0.0,0.0,0.0,1,1,NSCN-IM,1,0.0,1.0,2,1,1,1.0,0,0.0,0.646,0.1542867,19,2.0,0,0,4,1.0,0.0,1982.0,2000.0
22,224,775,3,0.0,0.0,0.0,0.0,0.0,0.0,1.0,0.0,0.0,0.0,1,1,NSCN-K,0,,0.0,1,1,1,0.0,0,0.0,0.095,-0.03908129,17,2.0,0,1,4,0.0,0.0,1991.0,2007.0
23,225,775,4,0.0,0.0,0.0,1.0,0.0,0.0,1.0,0.0,0.0,0.0,1,1,KNPP,1,1.0,0.0,2,1,0,0.0,0,0.0,0.418,-0.1167128,49,1.0,0,1,4,1.0,0.0,1957.0,2005.0
24,231,645,2,0.0,0.0,0.0,1.0,0.0,0.0,0.0,0.0,0.0,0.0,0,1,SCIRI,1,0.0,0.0,2,1,0,1.0,1,0.0,0.082,0.9725536,15,1.0,0,0,4,1.0,0.0,1982.0,1996.0
25,233,645,4,0.0,0.0,0.0,0.0,0.0,0.0,0.0,1.0,0.0,1.0,0,1,Ansar al-Islam,1,0.0,0.0,2,0,0,0.0,1,1.0,0.186,0.6954708,9,2.0,0,1,4,1.0,0.0,2003.0,2011.0
26,234,645,3,0.0,0.0,0.0,0.0,0.0,0.0,0.0,1.0,1.0,1.0,0,1,IS,1,1.0,1.0,3,1,0,0.0,1,1.0,0.215,0.7699264,17,1.0,0,1,4,2.0,1.0,2004.0,2020.0
27,235,645,4,0.0,0.0,0.0,0.0,0.0,0.0,0.0,1.0,0.0,0.0,0,1,RJF,1,0.0,0.0,2,1,0,,1,0.0,0.215,0.7699264,4,2.0,0,1,4,1.0,0.0,2004.0,2007.0
28,242,660,4,0.0,0.0,0.0,0.0,0.0,0.0,0.0,1.0,0.0,0.0,0,4,Forces of Michel Aoun,0,0.0,0.0,1,1,0,0.0,0,1.0,0.305,0.6542137,2,1.0,0,0,4,1.0,0.0,1989.0,1990.0
29,243,660,3,1.0,0.0,0.0,0.0,0.0,0.0,0.0,1.0,0.0,1.0,0,3,Lebanese Forces,1,0.0,,2,1,0,0.0,0,1.0,0.348,0.8562425,5,1.0,0,0,4,2.0,1.0,1985.0,1989.0
30,246,812,4,1.0,0.0,0.0,0.0,0.0,1.0,0.0,0.0,0.0,0.0,0,2,LRM,1,1.0,0.0,2,0,0,0.0,0,0.0,0.113,0.1417222,2,2.0,0,0,4,1.0,0.0,1989.0,1990.0
31,255,775,3,0.0,0.0,0.0,0.0,0.0,0.0,1.0,0.0,0.0,0.0,1,2,MTA,0,1.0,1.0,1,1,0,0.0,0,0.0,0.137,0.04607168,11,2.0,0,0,4,0.0,0.0,1985.0,1995.0
32,256,775,2,0.0,0.0,0.0,1.0,0.0,0.0,1.0,0.0,0.0,0.0,0,1,RCSS,1,1.0,1.0,2,1,0,0.0,0,0.0,0.095,0.06146727,18,1.0,0,1,4,1.0,0.0,1996.0,2013.0
33,258,790,4,0.0,1.0,0.0,1.0,0.0,0.0,1.0,0.0,1.0,1.0,0,2,CPN-M,1,1.0,0.0,4,0,1,0.0,0,0.0,0.397,0.1469529,11,1.0,1,1,4,3.0,1.0,1996.0,2006.0
34,260,645,0,,,,,,,,,,0.0,0,2,KDP,0,1.0,0.0,0,0,1,0.0,0,1.0,0.093,0.8500936,31,2.0,0,0,4,0.0,0.0,1961.0,1991.0
35,261,645,1,0.0,0.0,0.0,0.0,0.0,0.0,1.0,0.0,0.0,0.0,0,1,PUK,0,1.0,0.0,1,0,1,0.0,0,1.0,0.05,0.9226337,21,2.0,0,0,4,0.0,0.0,1976.0,1996.0
36,270,811,4,0.0,1.0,0.0,0.0,0.0,0.0,0.0,1.0,1.0,0.0,0,2,KR,1,0.0,1.0,3,0,1,1.0,0,0.0,0.261,0.003820849,32,1.0,0,0,4,2.0,1.0,1967.0,1998.0
37,272,811,3,1.0,0.0,0.0,0.0,0.0,0.0,1.0,1.0,1.0,0.0,0,2,KPNLF,1,0.0,1.0,4,1,0,1.0,0,0.0,0.069,-0.00108965,13,2.0,1,0,4,3.0,1.0,1979.0,1991.0
38,273,811,4,0.0,0.0,0.0,0.0,0.0,0.0,0.0,0.0,1.0,0.0,0,2,FUNCINPEC,0,0.0,1.0,1,1,0,1.0,0,0.0,0.105,-0.009339529,10,1.0,0,0,4,0.0,0.0,1982.0,1991.0
39,275,840,4,0.0,0.0,0.0,1.0,0.0,0.0,1.0,0.0,0.0,0.0,1,2,MNLF,1,0.0,0.0,3,1,0,1.0,1,,0.142,0.4568678,22,2.0,1,0,4,2.0,1.0,1972.0,1993.0
40,276,840,4,0.0,0.0,0.0,0.0,0.0,0.0,1.0,0.0,0.0,0.0,1,2,MILF,1,0.0,1.0,2,1,0,1.0,1,1.0,0.579,0.5608916,26,1.0,1,1,1,1.0,0.0,1990.0,2015.0
41,277,840,3,0.0,0.0,0.0,0.0,0.0,0.0,1.0,0.0,0.0,0.0,1,1,ASG,1,0.0,1.0,2,1,0,1.0,1,0.0,0.547,0.5673726,28,2.0,1,1,1,1.0,0.0,1993.0,2020.0
42,278,840,4,0.0,0.0,0.0,1.0,0.0,0.0,1.0,0.0,1.0,0.0,0,1,MNLF - NM,1,0.0,0.0,4,1,0,0.0,1,0.0,0.547,0.6136996,13,2.0,1,1,1,3.0,1.0,2001.0,2013.0
43,279,840,4,0.0,0.0,0.0,0.0,0.0,1.0,1.0,0.0,0.0,0.0,0,1,MNLF - HM,1,0.0,0.0,3,1,0,0.0,1,0.0,0.471,0.6781412,1,,1,1,1,2.0,1.0,2007.0,2007.0
44,281,780,4,0.0,1.0,0.0,0.0,0.0,0.0,0.0,1.0,1.0,0.0,0,2,JVP,1,0.0,0.0,3,0,1,0.0,0,0.0,0.61,0.4008574,20,3.0,0,0,2,2.0,1.0,1971.0,1990.0
45,282,200,4,0.0,0.0,0.0,1.0,0.0,0.0,1.0,0.0,0.0,0.0,1,1,PIRA,1,0.0,1.0,2,0,0,1.0,0,,0.824,1.243464,22,1.0,0,0,2,1.0,0.0,1970.0,1991.0
46,283,200,4,0.0,0.0,0.0,1.0,0.0,0.0,1.0,0.0,0.0,0.0,1,1,RIRA,1,0.0,1.0,2,0,0,0.0,0,0.0,0.816,1.506662,1,1.0,0,0,2,1.0,0.0,1998.0,1998.0
47,285,771,4,0.0,0.0,0.0,1.0,0.0,0.0,1.0,0.0,0.0,1.0,0,2,JSS/SB,1,0.0,0.0,2,0,0,0.0,0,,0.212,0.04137107,17,1.0,0,0,2,1.0,0.0,1975.0,1991.0
48,287,770,4,0.0,0.0,1.0,0.0,0.0,0.0,1.0,0.0,0.0,0.0,1,1,BLA,1,0.0,0.0,2,0,0,0.0,0,0.0,0.356,0.5292658,13,1.0,0,1,2,1.0,0.0,2004.0,2016.0
49,288,770,4,0.0,0.0,0.0,0.0,0.0,0.0,1.0,0.0,0.0,0.0,0,1,Baloch Ittehad,0,0.0,0.0,1,1,0,0.0,0,0.0,0.357,0.5638919,1,1.0,0,1,2,0.0,0.0,2006.0,2006.0
50,289,770,4,0.0,0.0,1.0,0.0,0.0,0.0,1.0,0.0,0.0,0.0,1,1,BRA,1,0.0,0.0,2,1,0,0.0,0,0.0,0.352,0.5757415,9,1.0,0,1,2,1.0,0.0,2007.0,2015.0
51,290,850,4,0.0,0.0,0.0,1.0,0.0,0.0,1.0,0.0,0.0,0.0,1,2,Fretilin,1,0.0,0.0,2,0,1,0.0,0,0.0,0.218,0.3017027,25,1.0,0,0,2,1.0,0.0,1975.0,1999.0
52,292,700,4,0.0,0.0,0.0,0.0,0.0,0.0,1.0,1.0,0.0,1.0,0,2,Jam'iyyat-i Islami-yi Afghanistan,1,1.0,1.0,3,0,0,1.0,1,1.0,0.102,0.2355557,22,1.0,1,0,2,2.0,1.0,1975.0,1996.0
53,294,700,4,0.0,0.0,0.0,0.0,0.0,0.0,0.0,0.0,0.0,0.0,0,1,Hizb-i Islami-yi Afghanistan - Khalis faction,0,1.0,0.0,1,1,0,1.0,1,,0.082,0.2444599,12,1.0,0,0,2,0.0,0.0,1980.0,1991.0
54,296,700,1,0.0,0.0,0.0,0.0,0.0,0.0,1.0,0.0,0.0,1.0,0,1,Mahaz-i Milli-yi Islami-yi Afghanistan,1,1.0,,2,1,0,1.0,0,,0.082,0.2444599,10,1.0,1,0,2,1.0,0.0,1980.0,1989.0
55,299,700,2,0.0,0.0,0.0,0.0,0.0,0.0,1.0,0.0,0.0,1.0,0,3,Hizb-i Islami-yi Afghanistan,1,1.0,1.0,2,1,0,1.0,1,1.0,0.082,0.2444599,34,1.0,1,1,2,1.0,0.0,1980.0,2013.0
56,300,700,4,0.0,0.0,0.0,0.0,0.0,0.0,1.0,1.0,0.0,0.0,0,3,Hizb-i Wahdat,1,0.0,0.0,3,1,0,1.0,1,1.0,0.092,0.2076725,7,1.0,1,0,2,2.0,1.0,1989.0,1995.0
57,302,700,1,0.0,1.0,0.0,0.0,0.0,0.0,1.0,0.0,0.0,1.0,0,3,Junbish-i Milli-yi Islami,1,1.0,0.0,3,1,1,0.0,1,1.0,0.092,-0.01101538,3,1.0,1,0,2,2.0,1.0,1993.0,1995.0
58,303,700,3,0.0,0.0,0.0,1.0,0.0,0.0,0.0,1.0,1.0,1.0,0,3,Taleban,1,1.0,1.0,4,1,0,1.0,1,1.0,0.092,-0.06919773,26,1.0,1,1,2,3.0,1.0,1995.0,2020.0
59,304,700,3,0.0,0.0,0.0,0.0,0.0,0.0,0.0,0.0,1.0,1.0,0,2,UIFSA,1,1.0,1.0,2,1,0,1.0,0,1.0,0.075,-0.08306604,6,,0,0,2,2.0,1.0,1996.0,2001.0
60,306,750,1,0.0,0.0,0.0,0.0,0.0,0.0,1.0,0.0,0.0,0.0,1,1,ATTF,0,0.0,1.0,1,1,0,0.0,0,0.0,0.727,0.2807129,6,1.0,0,0,2,0.0,0.0,1992.0,1997.0
61,307,750,4,1.0,0.0,0.0,0.0,0.0,0.0,1.0,0.0,0.0,0.0,1,1,NLFT,1,0.0,1.0,2,1,0,0.0,0,0.0,0.727,0.2807129,12,1.0,0,0,2,1.0,0.0,1992.0,2003.0
62,308,630,4,0.0,1.0,0.0,0.0,1.0,0.0,0.0,0.0,0.0,1.0,0,1,MEK,1,0.0,0.0,3,0,1,1.0,1,0.0,0.114,0.8995619,30,2.0,1,0,2,2.0,1.0,1972.0,2001.0
63,309,630,3,0.0,0.0,0.0,0.0,1.0,0.0,1.0,0.0,0.0,1.0,0,1,PJAK,1,0.0,0.0,2,0,1,0.0,0,0.0,0.177,1.018198,16,2.0,0,1,2,1.0,0.0,2005.0,2020.0
64,310,630,2,0.0,0.0,0.0,0.0,0.0,0.0,1.0,0.0,0.0,0.0,0,1,Jondullah,1,0.0,1.0,2,0,0,0.0,1,0.0,0.232,0.9609609,8,1.0,1,1,2,1.0,0.0,2003.0,2010.0
65,313,230,4,0.0,0.0,0.0,1.0,0.0,0.0,1.0,0.0,0.0,0.0,1,1,ETA,1,0.0,0.0,2,0,1,0.0,0,0.0,0.104,1.038099,24,2.0,0,0,2,1.0,0.0,1968.0,1991.0
66,314,750,1,0.0,0.0,0.0,0.0,0.0,1.0,0.0,0.0,0.0,0.0,1,1,PLA,0,0.0,0.0,1,1,1,0.0,0,0.0,0.655,0.1473552,28,1.0,0,1,2,1.0,0.0,1979.0,2006.0
67,315,750,3,0.0,0.0,0.0,0.0,0.0,0.0,1.0,0.0,0.0,0.0,1,1,UNLF,0,0.0,1.0,1,1,1,0.0,0,0.0,0.729,0.2958102,17,2.0,0,1,2,0.0,0.0,1993.0,2009.0
68,317,750,4,0.0,1.0,0.0,0.0,0.0,0.0,1.0,0.0,0.0,0.0,1,1,KCP,1,0.0,0.0,2,1,1,0.0,0,0.0,0.669,0.1734949,25,2.0,1,1,2,1.0,0.0,1985.0,2009.0
69,318,750,4,0.0,1.0,0.0,0.0,0.0,0.0,1.0,0.0,0.0,0.0,1,1,PREPAK,1,0.0,0.0,2,1,1,0.0,0,0.0,0.65,0.1486466,30,2.0,1,1,0,1.0,0.0,1980.0,2009.0
70,319,750,3,1.0,0.0,0.0,1.0,0.0,0.0,1.0,0.0,0.0,0.0,1,1,Sikh insurgents,1,0.0,1.0,3,1,0,1.0,0,,0.646,0.1520756,13,,1,0,0,2.0,1.0,1981.0,1993.0
71,320,780,4,0.0,0.0,0.0,1.0,1.0,0.0,1.0,0.0,0.0,0.0,1,2,LTTE,1,1.0,1.0,3,0,0,1.0,0,0.0,0.594,0.4174519,35,1.0,0,1,1,2.0,1.0,1975.0,2009.0
72,322,780,4,0.0,1.0,0.0,0.0,0.0,0.0,1.0,0.0,0.0,0.0,1,1,EPRLF,1,0.0,,2,1,1,0.0,0,0.0,0.477,0.5113897,5,2.0,1,0,1,1.0,0.0,1985.0,1989.0
73,323,640,2,0.0,1.0,0.0,0.0,0.0,0.0,1.0,0.0,0.0,0.0,1,2,PKK,1,0.0,1.0,2,0,1,1.0,0,,0.145,0.8999787,38,2.0,1,1,1,1.0,0.0,1983.0,2020.0
74,325,750,3,0.0,0.0,0.0,0.0,0.0,0.0,1.0,1.0,0.0,0.0,1,1,Kashmir insurgents,1,0.0,1.0,3,1,0,0.0,1,1.0,0.646,0.1665893,37,,1,1,1,2.0,1.0,1984.0,2020.0
75,326,750,4,0.0,1.0,0.0,0.0,0.0,0.0,1.0,0.0,0.0,0.0,1,1,ULFA,1,1.0,1.0,2,1,1,0.0,0,0.0,0.645,0.1619847,28,2.0,1,1,1,1.0,0.0,1983.0,2010.0
76,327,850,3,0.0,0.0,1.0,0.0,0.0,0.0,1.0,0.0,0.0,0.0,1,2,GAM,1,1.0,1.0,2,0,0,0.0,0,0.0,0.192,0.5477274,17,1.0,0,1,1,1.0,0.0,1989.0,2005.0
77,328,910,3,0.0,0.0,1.0,1.0,0.0,0.0,0.0,0.0,0.0,0.0,1,3,BRA,1,1.0,0.0,2,0,0,0.0,0,0.0,0.533,0.3504426,8,1.0,0,0,1,2.0,1.0,1989.0,1996.0
78,329,360,4,0.0,0.0,0.0,0.0,0.0,0.0,0.0,0.0,1.0,0.0,0,5,NSF,0,0.0,,1,1,1,0.0,0,0.0,0.186,0.8321159,1,1.0,0,0,1,1.0,0.0,1989.0,1989.0
79,330,365,2,0.0,0.0,0.0,0.0,0.0,0.0,1.0,0.0,0.0,0.0,1,3,Republic of Armenia,0,1.0,0.0,1,1,0,0.0,0,0.0,0.235,1.227865,2,2.0,0,0,1,0.0,0.0,1990.0,1991.0
80,331,365,4,0.0,1.0,0.0,0.0,0.0,0.0,1.0,0.0,0.0,0.0,1,1,APF,1,0.0,0.0,3,1,0,0.0,0,0.0,0.235,1.227865,1,1.0,1,0,1,2.0,1.0,1990.0,1990.0
81,332,372,1,0.0,0.0,0.0,0.0,0.0,0.0,1.0,0.0,0.0,0.0,0,3,National Guard and Mkhedrioni,0,0.0,1.0,1,0,0,0.0,0,0.0,0.326,0.8986735,1,0.0,0,0,1,1.0,0.0,1991.0,1991.0
82,333,372,4,0.0,0.0,0.0,0.0,0.0,1.0,1.0,0.0,1.0,0.0,0,2,Zviadists,1,1.0,0.0,3,1,0,0.0,0,0.0,0.257,0.6961399,2,3.0,1,0,1,2.0,1.0,1992.0,1993.0
83,334,640,4,0.0,1.0,0.0,0.0,0.0,0.0,0.0,0.0,0.0,1.0,0,1,Devrimci Sol,0,0.0,1.0,1,1,1,0.0,0,0.0,0.427,0.9707836,17,1.0,0,0,1,0.0,0.0,1987.0,1995.0
84,335,640,4,0.0,1.0,0.0,0.0,0.0,0.0,0.0,1.0,1.0,,0,2,MKP,1,0.0,0.0,3,1,1,0.0,0,0.0,0.427,0.9707836,19,1.0,0,1,1,2.0,1.0,1987.0,2005.0
85,336,345,4,0.0,0.0,0.0,0.0,0.0,0.0,1.0,0.0,0.0,0.0,1,2,Republic of Slovenia,0,1.0,0.0,1,1,0,0.0,0,0.0,0.164,0.8409275,1,1.0,0,0,1,0.0,0.0,1991.0,1991.0
86,337,345,4,0.0,0.0,0.0,0.0,0.0,0.0,1.0,0.0,0.0,0.0,1,2,Republic of Croatia,0,1.0,1.0,1,1,0,0.0,0,1.0,0.164,0.8409275,2,1.0,0,0,2,0.0,0.0,1991.0,1992.0
87,338,373,2,0.0,0.0,0.0,0.0,0.0,0.0,1.0,0.0,0.0,0.0,1,3,Republic of Nagorno-Karabakh,0,1.0,0.0,1,1,0,1.0,0,1.0,0.182,0.880118,30,1.0,0,1,2,0.0,0.0,1991.0,2020.0
88,339,346,3,0.0,0.0,0.0,0.0,0.0,0.0,1.0,0.0,0.0,0.0,1,3,Serbian Republic of Bosnia-Herzegovina,0,1.0,1.0,1,1,0,1.0,0,1.0,0.255,0.3294254,4,1.0,0,0,2,0.0,0.0,1992.0,1995.0
89,340,344,4,0.0,0.0,0.0,0.0,0.0,0.0,1.0,0.0,0.0,0.0,1,2,Serbian Republic of Krajina,0,1.0,1.0,1,1,0,0.0,0,1.0,0.298,1.036281,4,1.0,0,0,1,0.0,0.0,1992.0,1995.0
90,341,651,3,0.0,0.0,0.0,0.0,0.0,0.0,0.0,0.0,0.0,0.0,0,2,al-Gama'a al-Islamiyya,0,0.0,0.0,1,0,0,0.0,1,0.0,0.191,0.4097959,18,1.0,0,0,3,0.0,0.0,1981.0,1998.0
91,342,372,4,0.0,0.0,0.0,0.0,0.0,0.0,1.0,0.0,0.0,0.0,1,2,Republic of Abkhazia,0,1.0,0.0,1,1,0,1.0,0,1.0,0.257,0.6961399,2,1.0,0,0,3,0.0,0.0,1992.0,1993.0
92,343,372,4,0.0,0.0,0.0,1.0,0.0,0.0,1.0,0.0,0.0,0.0,1,2,Republic of South Ossetia,1,1.0,0.0,2,1,0,0.0,0,1.0,0.257,0.6961399,17,1.0,0,1,3,1.0,0.0,1992.0,2008.0
93,344,359,2,0.0,0.0,0.0,0.0,0.0,0.0,1.0,0.0,0.0,1.0,1,3,PMR,0,1.0,0.0,1,0,0,0.0,0,0.0,0.502,0.6643094,1,1.0,0,0,3,0.0,0.0,1992.0,1992.0
94,345,702,1,0.0,0.0,0.0,0.0,0.0,0.0,1.0,0.0,0.0,1.0,0,2,UTO,1,0.0,1.0,2,1,0,0.0,1,1.0,0.276,0.5024041,7,1.0,1,0,3,1.0,0.0,1992.0,1998.0
95,346,702,0,,,,,,,,,,0.0,0,2,Forces of Khudoberdiyev,0,0.0,0.0,0,0,0,0.0,0,1.0,0.18,0.1836207,2,,0,0,3,0.0,0.0,1997.0,1998.0
96,349,346,3,0.0,0.0,0.0,0.0,0.0,1.0,0.0,0.0,1.0,0.0,0,1,Autonomous Province of Western Bosnia,1,1.0,0.0,2,1,0,0.0,0,0.0,0.255,0.3294254,4,0.0,0,0,3,2.0,1.0,1992.0,1995.0
97,350,346,1,0.0,0.0,0.0,0.0,0.0,0.0,1.0,0.0,0.0,1.0,1,3,Croatian Republic of Bosnia-Herzegovina,0,1.0,1.0,1,1,0,1.0,0,1.0,0.255,0.3294254,3,1.0,0,0,3,0.0,0.0,1992.0,1994.0
98,351,365,4,0.0,1.0,0.0,0.0,0.0,1.0,0.0,0.0,1.0,,0,1,Parliamentary Forces,1,0.0,0.0,3,0,1,0.0,0,0.0,0.479,1.142666,1,1.0,0,0,3,2.0,1.0,1993.0,1993.0
99,352,365,3,0.0,0.0,0.0,1.0,0.0,0.0,1.0,0.0,0.0,1.0,1,2,Chechen Republic of Ichkeria,1,1.0,1.0,3,0,0,0.0,1,1.0,0.477,1.094023,14,1.0,1,1,3,2.0,1.0,1994.0,2007.0
100,353,679,4,0.0,0.0,0.0,0.0,0.0,0.0,1.0,0.0,0.0,0.0,1,2,Democratic Republic of Yemen,0,1.0,0.0,1,0,1,0.0,0,0.0,0.323,,1,1.0,0,0,3,0.0,0.0,1994.0,1994.0
101,354,770,4,0.0,0.0,0.0,0.0,0.0,0.0,1.0,0.0,0.0,0.0,0,2,MQM,0,0.0,0.0,1,0,0,0.0,0,0.0,0.373,0.4413751,7,0.0,0,0,3,0.0,0.0,1990.0,1996.0
102,356,770,3,0.0,0.0,0.0,1.0,0.0,0.0,0.0,1.0,1.0,1.0,0,3,TTP,1,0.0,1.0,4,1,0,0.0,1,0.0,0.352,0.5757415,14,1.0,1,1,3,3.0,1.0,2007.0,2020.0
103,357,345,3,0.0,0.0,0.0,1.0,0.0,0.0,1.0,0.0,0.0,0.0,1,2,UCK,1,1.0,1.0,2,0,1,1.0,0,1.0,0.296,0.7497372,4,2.0,0,0,4,1.0,0.0,1996.0,1999.0
104,358,365,4,0.0,0.0,0.0,0.0,0.0,0.0,1.0,1.0,0.0,1.0,1,2,Wahhabi movement of the Buinaksk district,1,1.0,1.0,3,1,0,0.0,1,1.0,0.462,1.052934,1,1.0,1,0,4,2.0,1.0,1999.0,1999.0
105,359,704,3,0.0,0.0,0.0,0.0,0.0,0.0,0.0,0.0,1.0,1.0,0,2,IMU,1,0.0,1.0,2,0,0,0.0,1,1.0,0.158,0.6336677,16,2.0,0,1,4,1.0,0.0,1999.0,2014.0
106,360,704,4,0.0,0.0,0.0,0.0,0.0,0.0,0.0,0.0,0.0,1.0,0,2,JIG,0,0.0,0.0,1,0,0,0.0,1,1.0,0.156,0.7093894,1,2.0,0,1,4,0.0,0.0,2004.0,2004.0
107,361,343,4,0.0,0.0,0.0,0.0,0.0,0.0,1.0,0.0,0.0,1.0,1,1,UCK,0,0.0,1.0,1,0,0,0.0,0,1.0,0.44,0.8964335,2,1.0,0,0,4,0.0,0.0,2000.0,2001.0
108,362,750,4,0.0,0.0,0.0,0.0,0.0,0.0,1.0,0.0,0.0,0.0,1,1,ABSU,0,0.0,0.0,1,1,0,0.0,0,0.0,0.664,0.2390975,2,1.0,0,0,4,0.0,0.0,1989.0,1990.0
109,363,750,4,1.0,0.0,0.0,0.0,0.0,0.0,1.0,0.0,0.0,0.0,1,1,NDFB,1,0.0,1.0,2,1,0,0.0,0,0.0,0.727,0.2807129,13,1.0,0,1,4,1.0,0.0,1992.0,2004.0
110,364,775,3,0.0,0.0,0.0,0.0,0.0,0.0,1.0,0.0,1.0,1.0,0,1,UWSA,1,1.0,1.0,2,1,1,0.0,0,0.0,0.095,0.07740918,1,2.0,1,0,4,1.0,0.0,1997.0,1997.0
111,365,800,4,0.0,0.0,0.0,0.0,0.0,0.0,1.0,1.0,0.0,0.0,1,2,Patani insurgents,1,0.0,0.0,3,0,0,0.0,1,0.0,0.111,0.2379051,56,1.0,1,1,4,2.0,1.0,1965.0,2020.0
112,366,666,2,0.0,0.0,0.0,0.0,0.0,0.0,1.0,1.0,0.0,0.0,0,1,Hezbollah,1,0.0,1.0,3,1,0,1.0,1,0.0,0.762,1.31166,21,1.0,1,1,4,2.0,1.0,1986.0,2006.0
113,367,365,4,0.0,0.0,0.0,1.0,0.0,0.0,0.0,0.0,0.0,1.0,1,1,Forces of the Caucasus Emirate,1,0.0,0.0,2,1,0,0.0,1,1.0,0.312,1.321919,9,2.0,0,1,4,1.0,0.0,2007.0,2015.0
114,369,750,4,0.0,0.0,0.0,0.0,0.0,0.0,0.0,0.0,0.0,0.0,1,1,PULF,0,0.0,1.0,1,1,0,0.0,1,0.0,0.726,0.4249144,9,1.0,0,1,4,0.0,0.0,2000.0,2008.0
115,370,345,1,0.0,0.0,0.0,0.0,0.0,0.0,1.0,0.0,0.0,0.0,1,1,Croatian irregulars,0,0.0,1.0,1,1,0,0.0,0,1.0,0.164,0.8409275,4,,0,0,4,0.0,0.0,1991.0,1994.0
116,371,344,2,0.0,0.0,0.0,0.0,1.0,0.0,1.0,0.0,0.0,0.0,1,2,Serbian irregulars,1,0.0,1.0,2,1,0,1.0,0,1.0,0.298,1.036281,4,,0,0,1,1.0,0.0,1992.0,1995.0
117,414,530,4,0.0,1.0,0.0,0.0,0.0,0.0,1.0,0.0,0.0,0.0,0,2,EPRDF,1,1.0,0.0,2,1,1,0.0,0,0.0,0.149,-0.09541003,3,1.0,1,0,1,1.0,0.0,1989.0,1991.0
118,416,530,4,0.0,0.0,0.0,0.0,1.0,0.0,1.0,0.0,0.0,1.0,0,2,EPLF,1,1.0,0.0,2,1,1,1.0,0,,0.094,-0.09044286,19,2.0,0,0,1,1.0,0.0,1973.0,1991.0
119,422,490,0,,,,,,,,,,1.0,0,3,AFDL,0,1.0,1.0,0,0,1,1.0,0,1.0,0.177,-0.1301502,2,1.0,0,0,1,0.0,0.0,1996.0,1997.0
120,423,490,2,1.0,0.0,0.0,0.0,0.0,0.0,0.0,1.0,0.0,1.0,0,2,MLC,1,1.0,1.0,2,1,0,1.0,0,0.0,0.151,-0.1859818,3,0.0,0,0,1,2.0,1.0,1998.0,2000.0
121,424,490,0,,,,,,,,,,1.0,0,3,RCD,0,1.0,1.0,0,1,0,1.0,0,0.0,0.151,-0.1859818,4,0.0,0,0,1,0.0,0.0,1998.0,2001.0
122,426,490,1,0.0,0.0,0.0,0.0,0.0,0.0,1.0,0.0,0.0,1.0,0,2,CNDP,0,1.0,1.0,1,0,0,0.0,0,0.0,0.256,-0.2126125,3,1.0,0,1,1,0.0,0.0,2006.0,2008.0
123,430,516,4,0.0,0.0,0.0,0.0,0.0,0.0,1.0,0.0,0.0,0.0,0,2,Palipehutu,0,0.0,0.0,1,0,0,0.0,0,0.0,0.089,0.04759663,2,0.0,0,0,1,0.0,0.0,1991.0,1992.0
124,431,516,3,0.0,0.0,0.0,0.0,0.0,0.0,1.0,0.0,0.0,1.0,0,2,CNDD,0,0.0,1.0,1,0,0,0.0,0,0.0,0.239,-0.001342074,5,0.0,0,0,1,1.0,0.0,1994.0,1998.0
125,432,516,4,0.0,0.0,0.0,0.0,0.0,0.0,1.0,0.0,0.0,0.0,0,2,Palipehutu-FNL,0,0.0,1.0,1,1,0,0.0,0,0.0,0.19,-0.08113355,12,0.0,0,1,1,0.0,0.0,1997.0,2008.0
126,433,516,4,0.0,0.0,0.0,0.0,0.0,0.0,1.0,0.0,0.0,0.0,0,1,Frolina,0,0.0,1.0,1,0,0,0.0,0,0.0,0.089,0.04374296,8,0.0,0,0,1,1.0,0.0,1990.0,1997.0
127,434,516,3,0.0,0.0,0.0,0.0,0.0,0.0,1.0,0.0,0.0,1.0,0,2,CNDD-FDD,0,0.0,1.0,1,1,0,1.0,0,0.0,0.189,-0.07976391,6,0.0,0,0,1,1.0,0.0,1998.0,2003.0
128,442,483,1,0.0,0.0,0.0,0.0,0.0,0.0,1.0,0.0,0.0,1.0,0,2,Islamic Legion,1,0.0,0.0,2,1,0,0.0,1,1.0,0.08,0.01122279,4,1.0,1,0,1,1.0,0.0,1987.0,1990.0
129,444,483,1,0.0,0.0,0.0,0.0,0.0,0.0,1.0,0.0,1.0,0.0,0,2,MOSANAT,1,0.0,,2,0,0,0.0,0,1.0,0.08,0.02495484,2,0.0,1,0,1,2.0,1.0,1988.0,1989.0
130,445,483,3,0.0,0.0,0.0,1.0,0.0,0.0,1.0,0.0,0.0,1.0,0,2,MPS,1,0.0,0.0,3,1,0,1.0,0,1.0,0.127,0.03056773,1,0.0,1,0,1,3.0,1.0,1990.0,1990.0
131,446,483,2,0.0,0.0,0.0,0.0,0.0,0.0,0.0,0.0,1.0,1.0,0,1,MDD,0,0.0,0.0,1,1,0,0.0,0,0.0,0.169,0.03614389,7,0.0,0,0,1,1.0,0.0,1991.0,1997.0
132,448,483,3,0.0,0.0,1.0,0.0,0.0,0.0,1.0,0.0,1.0,0.0,0,2,CSNPD,1,0.0,0.0,3,1,0,0.0,0,0.0,0.175,0.03431639,3,0.0,1,0,1,3.0,1.0,1992.0,1994.0
133,451,483,3,0.0,0.0,0.0,0.0,0.0,0.0,1.0,0.0,1.0,0.0,0,1,FARF,1,0.0,0.0,2,1,0,0.0,0,0.0,0.175,0.01688715,5,0.0,1,0,1,2.0,1.0,1994.0,1998.0
134,452,483,3,0.0,0.0,0.0,0.0,0.0,0.0,1.0,0.0,0.0,1.0,0,1,MDJT,0,0.0,0.0,1,0,0,0.0,0,0.0,0.281,0.01473881,5,0.0,0,0,1,1.0,0.0,1999.0,2003.0
135,453,483,3,0.0,0.0,0.0,0.0,0.0,0.0,1.0,0.0,1.0,1.0,0,2,FUCD,1,0.0,0.0,2,0,0,0.0,0,1.0,0.278,0.1974866,2,0.0,1,1,1,2.0,1.0,2005.0,2006.0
136,454,483,3,0.0,0.0,0.0,0.0,0.0,0.0,0.0,0.0,1.0,0.0,0,2,RAFD,0,0.0,0.0,1,1,0,0.0,0,1.0,0.28,0.2077584,1,0.0,0,1,1,1.0,0.0,2006.0,2006.0
137,456,483,0,,,,,,,,,,1.0,0,2,UFDD,0,0.0,0.0,0,1,0,0.0,0,0.0,0.28,0.2077584,2,0.0,0,1,1,0.0,0.0,2006.0,2007.0
138,466,625,2,0.0,0.0,0.0,0.0,1.0,0.0,0.0,0.0,1.0,1.0,0,2,SPLM/A,1,1.0,1.0,2,0,1,1.0,0,,0.184,0.3178371,22,1.0,0,1,2,2.0,1.0,1983.0,2004.0
139,467,625,2,0.0,0.0,0.0,0.0,1.0,0.0,0.0,0.0,1.0,1.0,0,1,NDA,1,1.0,0.0,2,1,0,0.0,0,0.0,0.099,0.281172,6,1.0,0,0,2,2.0,1.0,1996.0,2001.0
140,468,625,3,0.0,0.0,0.0,1.0,0.0,0.0,1.0,0.0,1.0,1.0,0,2,JEM,1,1.0,0.0,3,1,0,1.0,1,1.0,0.176,0.3911064,9,1.0,1,1,2,2.0,1.0,2003.0,2011.0
141,469,625,4,0.0,0.0,0.0,0.0,0.0,0.0,1.0,0.0,0.0,1.0,0,2,SLM/A,0,1.0,1.0,1,1,0,1.0,0,1.0,0.176,0.3911064,18,0.0,0,1,2,1.0,0.0,2003.0,2020.0
142,470,625,3,0.0,0.0,0.0,0.0,0.0,0.0,1.0,0.0,0.0,1.0,0,2,NRF,0,0.0,0.0,1,1,0,0.0,0,0.0,0.209,0.4806238,1,0.0,0,1,2,1.0,0.0,2006.0,2006.0
143,471,625,4,0.0,0.0,0.0,0.0,0.0,0.0,1.0,0.0,0.0,0.0,0,2,SLM/A - MM,0,1.0,0.0,1,1,0,0.0,0,1.0,0.209,0.4806238,1,0.0,0,1,2,1.0,0.0,2006.0,2006.0
144,472,625,4,0.0,0.0,0.0,0.0,0.0,0.0,1.0,0.0,0.0,0.0,0,2,SLM/A-Unity,0,1.0,0.0,1,1,0,0.0,0,1.0,0.209,0.5070805,2,0.0,0,1,2,1.0,0.0,2007.0,2008.0
145,486,500,1,0.0,0.0,0.0,0.0,0.0,0.0,1.0,0.0,1.0,0.0,0,2,UPA,1,1.0,0.0,2,1,0,0.0,0,0.0,0.126,-0.05520913,6,1.0,1,0,2,1.0,0.0,1987.0,1992.0
146,489,500,2,0.0,0.0,0.0,0.0,0.0,0.0,1.0,0.0,0.0,1.0,0,2,ADF,1,0.0,1.0,2,1,0,0.0,1,0.0,0.308,0.05171084,24,1.0,1,1,2,1.0,0.0,1996.0,2019.0
147,490,500,0,,,,,,,,,,1.0,0,1,WNBF,0,0.0,0.0,0,1,0,0.0,0,0.0,0.301,0.03819731,2,0.0,0,0,3,0.0,0.0,1995.0,1996.0
148,491,500,3,0.0,0.0,0.0,0.0,0.0,0.0,1.0,0.0,1.0,0.0,0,2,UNRF II,1,0.0,0.0,3,1,0,0.0,0,0.0,0.308,0.05171084,2,0.0,1,0,3,3.0,1.0,1996.0,1997.0
149,495,531,4,0.0,0.0,0.0,0.0,0.0,0.0,0.0,0.0,1.0,1.0,0,1,EIJM - AS,1,0.0,0.0,2,0,0,1.0,1,0.0,0.1,1.17886,11,1.0,0,0,3,1.0,0.0,1993.0,2003.0
150,497,530,4,0.0,0.0,1.0,1.0,1.0,0.0,1.0,0.0,0.0,0.0,1,1,ONLF,1,0.0,0.0,4,1,0,1.0,0,0.0,0.194,-0.1801157,23,1.0,0,1,3,3.0,1.0,1994.0,2016.0
151,498,541,1,1.0,0.0,0.0,0.0,0.0,0.0,1.0,0.0,1.0,1.0,0,3,Renamo,1,1.0,1.0,3,0,0,1.0,0,,0.081,-0.05096506,40,1.0,1,1,2,2.0,1.0,1977.0,2016.0
152,500,520,3,0.0,0.0,0.0,0.0,0.0,0.0,1.0,0.0,0.0,0.0,0,2,SNM,1,1.0,0.0,2,1,0,0.0,0,,0.145,0.003364916,10,0.0,1,0,2,1.0,0.0,1982.0,1991.0
153,501,520,3,0.0,0.0,0.0,1.0,0.0,0.0,1.0,0.0,1.0,0.0,0,2,SPM,1,0.0,0.0,3,1,0,0.0,0,0.0,0.144,0.004442154,3,1.0,1,0,3,2.0,1.0,1989.0,1991.0
154,502,520,3,0.0,0.0,0.0,0.0,0.0,0.0,1.0,0.0,0.0,0.0,0,1,USC/SSA,0,0.0,0.0,1,1,0,0.0,0,0.0,0.146,0.005443384,2,0.0,0,0,3,0.0,0.0,1990.0,1991.0
155,503,520,3,0.0,0.0,0.0,0.0,0.0,0.0,1.0,0.0,0.0,0.0,0,3,USC/SNA,0,1.0,0.0,1,1,0,1.0,0,1.0,0.136,0.00494771,6,0.0,0,0,3,0.0,0.0,1991.0,1996.0
156,504,520,3,0.0,0.0,0.0,0.0,0.0,0.0,1.0,0.0,0.0,0.0,0,2,SRRC,0,0.0,0.0,1,0,0,0.0,0,1.0,0.176,0.003122196,2,0.0,0,0,3,1.0,0.0,2001.0,2002.0
157,505,520,3,0.0,0.0,0.0,0.0,0.0,0.0,1.0,1.0,0.0,0.0,0,2,ARS/UIC,1,0.0,1.0,3,0,0,1.0,1,1.0,0.184,0.002152247,3,1.0,1,1,3,2.0,1.0,2006.0,2008.0
158,507,450,1,0.0,0.0,0.0,0.0,0.0,1.0,1.0,0.0,0.0,1.0,0,5,NPFL,1,1.0,1.0,2,0,0,1.0,0,1.0,0.221,0.1313932,2,0.0,1,0,3,2.0,1.0,1989.0,1990.0
159,508,450,1,0.0,0.0,0.0,0.0,0.0,0.0,0.0,0.0,1.0,1.0,0,4,INPFL,0,1.0,0.0,1,1,0,0.0,0,1.0,0.168,-0.01443371,1,0.0,0,0,3,1.0,0.0,1990.0,1990.0
160,509,450,2,0.0,0.0,0.0,1.0,0.0,0.0,0.0,0.0,1.0,1.0,0,2,LURD,1,0.0,1.0,2,0,0,0.0,0,1.0,0.344,-0.03808172,4,0.0,0,0,3,2.0,1.0,2000.0,2003.0
161,510,450,3,0.0,0.0,0.0,0.0,0.0,0.0,1.0,0.0,1.0,1.0,0,2,MODEL,1,1.0,0.0,2,1,0,1.0,0,1.0,0.308,-0.08430362,1,0.0,1,0,3,2.0,1.0,2003.0,2003.0
162,520,530,4,0.0,0.0,0.0,0.0,0.0,0.0,1.0,0.0,0.0,0.0,0,2,ARDUF,0,0.0,0.0,1,1,0,0.0,0,0.0,0.244,-0.1540497,1,1.0,0,0,3,0.0,0.0,1996.0,1996.0
163,521,432,4,0.0,0.0,0.0,0.0,0.0,0.0,1.0,0.0,0.0,1.0,0,2,MPA,0,0.0,0.0,1,0,0,0.0,0,0.0,0.201,-0.02114393,1,0.0,0,0,3,0.0,0.0,1990.0,1990.0
164,522,432,4,0.0,0.0,0.0,0.0,0.0,0.0,1.0,0.0,0.0,0.0,0,2,FIAA,1,0.0,0.0,2,0,0,0.0,0,0.0,0.207,-0.00059494,4,0.0,1,0,3,1.0,0.0,1991.0,1994.0
165,523,432,1,0.0,0.0,0.0,0.0,0.0,1.0,1.0,0.0,0.0,0.0,0,1,ATNMC,1,0.0,1.0,2,0,0,0.0,0,1.0,0.609,0.233386,3,0.0,1,1,4,1.0,0.0,2007.0,2009.0
166,524,436,4,0.0,0.0,1.0,0.0,0.0,0.0,1.0,0.0,1.0,0.0,0,2,FLAA,1,1.0,0.0,3,0,0,0.0,0,0.0,0.385,0.02878084,2,1.0,1,0,4,2.0,1.0,1991.0,1992.0
167,525,436,4,0.0,0.0,1.0,0.0,0.0,0.0,1.0,0.0,0.0,0.0,0,2,CRA,1,0.0,0.0,2,0,0,0.0,0,0.0,0.541,-0.00407076,1,0.0,0,0,4,2.0,1.0,1994.0,1994.0
168,527,517,4,0.0,0.0,0.0,0.0,0.0,0.0,1.0,0.0,1.0,1.0,0,4,FPR,1,0.0,0.0,2,0,0,0.0,0,1.0,0.221,0.04717477,5,0.0,1,0,4,1.0,0.0,1990.0,1994.0
169,528,517,0,,,,,,,,,,1.0,0,2,FDLR,0,0.0,1.0,0,0,0,0.0,0,1.0,0.114,0.02186012,20,0.0,0,1,4,0.0,0.0,2001.0,2020.0
170,529,433,4,0.0,0.0,0.0,0.0,0.0,0.0,1.0,0.0,0.0,1.0,1,2,MFDC,0,1.0,1.0,1,0,0,0.0,0,0.0,0.494,0.3764329,24,1.0,0,1,4,0.0,0.0,1988.0,2011.0
171,530,522,4,0.0,0.0,0.0,1.0,0.0,0.0,1.0,0.0,1.0,0.0,0,3,FRUD,1,1.0,0.0,3,0,0,0.0,0,0.0,0.177,0.3992164,4,0.0,1,0,4,3.0,1.0,1991.0,1994.0
172,531,522,4,0.0,0.0,0.0,1.0,0.0,0.0,1.0,0.0,1.0,0.0,0,2,FRUD - AD,1,,0.0,3,0,0,0.0,0,0.0,0.24,0.3983091,3,0.0,1,0,4,3.0,1.0,1997.0,1999.0
173,532,451,1,0.0,0.0,0.0,0.0,0.0,0.0,0.0,0.0,1.0,1.0,0,2,RUF,0,1.0,1.0,1,0,0,1.0,0,1.0,0.196,0.1812111,11,0.0,0,0,4,1.0,0.0,1991.0,2001.0
174,533,451,1,0.0,0.0,0.0,0.0,0.0,0.0,0.0,0.0,1.0,1.0,0,3,AFRC,0,0.0,1.0,1,1,0,0.0,0,0.0,0.293,0.04836237,3,0.0,0,0,4,1.0,0.0,1997.0,1999.0
175,534,451,3,0.0,0.0,0.0,0.0,0.0,0.0,1.0,0.0,1.0,1.0,0,3,Kamajors,1,0.0,0.0,2,1,0,0.0,0,0.0,0.293,0.04836237,2,0.0,1,0,4,2.0,1.0,1997.0,1998.0
176,535,451,1,0.0,0.0,0.0,0.0,0.0,1.0,0.0,0.0,0.0,1.0,0,1,WSB,0,0.0,1.0,1,1,0,0.0,0,0.0,0.23,-0.001662767,1,0.0,0,0,4,1.0,0.0,2000.0,2000.0
177,536,615,4,0.0,0.0,0.0,0.0,0.0,0.0,0.0,0.0,0.0,1.0,0,1,Takfir wa'l Hijra,0,0.0,0.0,1,0,0,0.0,1,0.0,0.354,0.9329589,2,1.0,0,0,4,0.0,0.0,1990.0,1991.0
178,537,615,4,0.0,0.0,0.0,1.0,0.0,0.0,0.0,0.0,1.0,0.0,0,2,AIS,1,0.0,0.0,3,0,0,1.0,1,0.0,0.208,1.019164,13,1.0,0,0,4,2.0,1.0,1985.0,1997.0
179,538,615,4,0.0,0.0,0.0,0.0,0.0,0.0,0.0,0.0,1.0,0.0,0,1,GIA,1,0.0,1.0,2,1,0,1.0,1,1.0,0.19,0.9149279,12,1.0,0,0,4,1.0,0.0,1992.0,2003.0
180,539,615,3,0.0,0.0,0.0,0.0,0.0,0.0,0.0,1.0,0.0,1.0,0,1,AQIM,1,0.0,1.0,2,1,0,0.0,1,1.0,0.318,0.9196208,23,1.0,0,1,2,1.0,0.0,1998.0,2020.0
181,540,540,4,0.0,0.0,0.0,0.0,0.0,0.0,1.0,0.0,0.0,1.0,1,1,FLEC-R,0,0.0,0.0,1,1,0,0.0,0,0.0,0.084,0.4719318,12,0.0,0,0,2,0.0,0.0,1991.0,2002.0
182,541,540,4,0.0,0.0,0.0,0.0,0.0,0.0,1.0,0.0,0.0,0.0,1,1,FLEC-FAC,0,0.0,0.0,1,1,0,0.0,0,0.0,0.074,0.4852752,18,0.0,0,1,2,0.0,0.0,1989.0,2009.0
183,542,530,3,0.0,0.0,0.0,0.0,0.0,0.0,0.0,0.0,1.0,0.0,0,1,AIAI,1,0.0,0.0,2,0,1,1.0,1,1.0,0.232,-0.1788984,7,1.0,0,0,2,1.0,0.0,1993.0,1999.0
184,543,436,4,0.0,0.0,0.0,0.0,0.0,0.0,1.0,0.0,0.0,0.0,0,2,FDR,0,,0.0,1,0,0,0.0,0,0.0,0.537,-0.01213575,1,2.0,0,0,2,0.0,0.0,1995.0,1995.0
185,544,581,4,0.0,0.0,0.0,1.0,0.0,0.0,1.0,0.0,1.0,0.0,1,4,MPA/Republic of Anjouan,1,1.0,0.0,3,1,0,0.0,0,0.0,0.442,0.3573039,1,0.0,1,0,2,2.0,1.0,1997.0,1997.0
186,546,484,2,1.0,0.0,0.0,0.0,0.0,0.0,1.0,0.0,0.0,1.0,0,2,Ninjas,1,0.0,1.0,2,0,0,0.0,0,0.0,0.465,0.4566024,6,0.0,0,0,2,2.0,1.0,1993.0,1998.0
187,547,484,0,,,,,,,,,,1.0,0,2,Cocoyes,0,0.0,0.0,0,1,0,0.0,0,0.0,0.245,0.4182024,3,0.0,0,0,2,0.0,0.0,1997.0,1999.0
188,548,484,4,1.0,0.0,0.0,0.0,0.0,0.0,0.0,0.0,0.0,1.0,0,2,Ntsiloulous,0,0.0,0.0,1,1,0,0.0,0,0.0,0.165,0.4068243,19,0.0,0,1,2,0.0,0.0,1998.0,2016.0
189,551,530,4,0.0,0.0,0.0,0.0,0.0,0.0,1.0,0.0,0.0,0.0,1,2,OLF,0,1.0,0.0,1,0,0,1.0,0,1.0,0.086,-0.09264726,43,1.0,0,1,2,0.0,0.0,1974.0,2016.0
190,554,482,1,0.0,0.0,0.0,0.0,0.0,0.0,1.0,0.0,1.0,1.0,0,2,UFDR,1,0.0,1.0,3,0,0,0.0,0,0.0,0.339,-0.02571703,8,0.0,1,1,2,2.0,1.0,2006.0,2013.0
191,555,437,0,,,,,,,,,,1.0,0,1,MJP,0,1.0,0.0,0,1,0,0.0,0,1.0,0.451,0.3847683,2,0.0,0,0,2,0.0,0.0,2002.0,2003.0
192,556,437,3,0.0,0.0,0.0,0.0,0.0,0.0,1.0,0.0,1.0,1.0,0,3,MPCI,1,1.0,0.0,2,1,0,0.0,0,1.0,0.451,0.3847683,1,0.0,1,0,2,2.0,1.0,2002.0,2002.0
193,557,437,0,,,,,,,,,,1.0,0,1,MPIGO,0,1.0,1.0,0,1,0,0.0,0,1.0,0.451,0.3847683,2,0.0,0,0,2,0.0,0.0,2002.0,2003.0
194,558,437,1,0.0,0.0,0.0,0.0,0.0,0.0,1.0,0.0,1.0,1.0,0,3,FRCI,1,1.0,1.0,2,0,0,0.0,0,1.0,0.451,0.3652556,8,0.0,1,1,2,2.0,1.0,2004.0,2011.0
195,559,475,3,0.0,0.0,0.0,0.0,0.0,0.0,0.0,0.0,0.0,0.0,1,2,Ahlul Sunnah Jamaa,0,0.0,0.0,1,0,0,0.0,1,0.0,0.434,0.3852821,2,1.0,0,1,2,0.0,0.0,2003.0,2004.0
196,560,475,4,0.0,0.0,0.0,0.0,0.0,0.0,0.0,0.0,1.0,1.0,1,2,NDPVF,0,0.0,1.0,1,1,0,0.0,0,0.0,0.418,0.4347571,1,0.0,0,1,1,1.0,0.0,2004.0,2004.0
197,561,490,4,1.0,0.0,1.0,0.0,0.0,0.0,1.0,0.0,1.0,0.0,1,2,BDK,1,1.0,0.0,4,1,0,0.0,0,0.0,0.151,-0.1859818,23,1.0,1,1,1,3.0,1.0,1998.0,2020.0
198,562,436,3,0.0,0.0,1.0,0.0,0.0,0.0,1.0,0.0,1.0,1.0,0,2,MNJ,1,1.0,1.0,3,0,1,0.0,0,0.0,0.579,-0.01828548,2,2.0,1,1,1,2.0,1.0,2007.0,2008.0
199,563,600,4,0.0,0.0,0.0,0.0,0.0,0.0,1.0,0.0,0.0,1.0,1,2,POLISARIO,0,1.0,,1,0,1,1.0,0,,0.131,0.4850007,15,2.0,0,0,1,0.0,0.0,1975.0,1989.0
200,567,540,3,0.0,0.0,0.0,0.0,0.0,0.0,0.0,0.0,1.0,1.0,0,3,UNITA,0,1.0,1.0,1,1,1,1.0,0,1.0,0.009,0.4674604,28,2.0,0,0,1,0.0,0.0,1966.0,2002.0
201,716,483,0,,,,,,,,,,1.0,0,2,AN,0,0.0,0.0,0,0,0,1.0,0,0.0,0.282,0.2298901,1,0.0,0,1,1,0.0,0.0,2008.0,2008.0
202,717,520,2,0.0,0.0,1.0,0.0,0.0,0.0,0.0,1.0,0.0,1.0,0,3,Al-Shabaab,1,1.0,1.0,3,1,0,1.0,1,1.0,0.184,0.00207668,13,1.0,1,1,1,2.0,1.0,2008.0,2020.0
203,732,90,2,1.0,1.0,0.0,0.0,0.0,0.0,1.0,0.0,0.0,1.0,0,2,URNG,1,0.0,0.0,3,0,1,0.0,0,,0.109,0.6684278,14,2.0,1,0,1,2.0,1.0,1982.0,1995.0
204,743,100,3,0.0,1.0,0.0,0.0,0.0,1.0,0.0,0.0,0.0,1.0,0,2,FARC,1,1.0,1.0,2,0,1,1.0,0,,0.359,0.632416,52,1.0,0,1,3,1.0,0.0,1964.0,2015.0
205,744,100,3,0.0,1.0,0.0,0.0,0.0,0.0,0.0,0.0,0.0,1.0,0,1,ELN,0,1.0,1.0,1,1,1,0.0,0,,0.359,0.6355492,55,2.0,0,1,3,0.0,0.0,1965.0,2019.0
206,746,100,4,0.0,1.0,0.0,0.0,0.0,0.0,0.0,0.0,0.0,,0,1,EPL,0,1.0,0.0,1,1,1,0.0,0,0.0,0.358,0.662443,23,1.0,0,0,3,0.0,0.0,1968.0,1990.0
207,750,135,4,0.0,1.0,0.0,0.0,0.0,0.0,0.0,0.0,1.0,0.0,0,1,Sendero Luminoso,1,0.0,1.0,2,0,1,0.0,0,0.0,0.669,0.7290315,30,1.0,0,1,3,1.0,0.0,1981.0,2010.0
208,751,135,3,0.0,1.0,0.0,0.0,0.0,0.0,0.0,1.0,0.0,1.0,0,1,MRTA,1,0.0,1.0,2,1,1,0.0,0,0.0,0.666,0.7230861,7,1.0,0,0,3,1.0,0.0,1987.0,1993.0
209,755,92,4,0.0,1.0,0.0,0.0,0.0,0.0,0.0,0.0,0.0,,0,2,FMLN,0,1.0,0.0,1,0,1,1.0,0,,0.103,0.3284646,12,1.0,0,0,3,0.0,0.0,1980.0,1991.0
210,759,93,4,0.0,0.0,0.0,0.0,0.0,0.0,0.0,0.0,1.0,1.0,0,2,Contras/FDN,0,0.0,0.0,1,0,0,1.0,0,,0.17,0.6485908,9,1.0,0,0,3,0.0,0.0,1982.0,1990.0
211,766,41,0,,,,,,,,,,0.0,0,2,OP Lavalas (Chimres),0,0.0,0.0,0,1,0,0.0,0,0.0,0.244,0.2038795,1,0.0,0,1,3,0.0,0.0,2004.0,2004.0
212,767,70,4,0.0,1.0,0.0,0.0,0.0,0.0,1.0,0.0,0.0,1.0,0,2,EZLN,1,1.0,0.0,2,0,1,0.0,0,0.0,0.474,1.086802,1,2.0,1,0,3,1.0,0.0,1994.0,1994.0
213,768,70,3,0.0,0.0,0.0,0.0,0.0,0.0,0.0,0.0,1.0,,0,2,EPR,0,0.0,0.0,1,0,1,0.0,0,0.0,0.515,1.083787,1,2.0,0,0,3,1.0,0.0,1996.0,1996.0
214,769,2,3,0.0,0.0,0.0,0.0,0.0,0.0,0.0,1.0,0.0,1.0,0,1,al-Qaida,1,0.0,0.0,2,0,0,,1,1.0,0.827,1.70469,19,,0,1,3,1.0,0.0,2001.0,2019.0
215,880,775,1,0.0,0.0,0.0,0.0,0.0,0.0,1.0,0.0,0.0,1.0,0,1,MNDAA,0,1.0,1.0,1,1,0,0.0,0,0.0,0.097,0.5438758,9,0.0,0,1,3,0.0,0.0,2009.0,2017.0
216,881,679,3,0.0,0.0,0.0,0.0,0.0,1.0,0.0,1.0,1.0,1.0,0,2,AQAP,1,0.0,1.0,4,0,0,0.0,1,1.0,0.292,,10,2.0,1,1,3,3.0,1.0,2009.0,2018.0
217,1004,520,4,0.0,0.0,0.0,0.0,0.0,0.0,1.0,0.0,0.0,0.0,0,2,Hizbul Islam,1,0.0,0.0,2,1,0,1.0,1,0.0,0.185,0.002682767,2,1.0,1,1,3,1.0,0.0,2009.0,2010.0
218,1051,475,2,0.0,0.0,0.0,1.0,0.0,0.0,0.0,0.0,0.0,1.0,0,1,Jama'atu Ahlis Sunna Lidda'awati wal-Jihad,1,0.0,1.0,2,0,0,0.0,1,1.0,0.419,0.5849455,12,1.0,0,1,3,1.0,0.0,2009.0,2020.0
219,1053,482,3,0.0,0.0,0.0,0.0,0.0,0.0,1.0,0.0,0.0,0.0,0,3,CPJP,0,0.0,1.0,1,0,0,0.0,0,1.0,0.339,-0.003216988,3,0.0,0,1,1,1.0,0.0,2009.0,2011.0
220,1066,750,4,0.0,0.0,0.0,0.0,0.0,0.0,1.0,0.0,0.0,0.0,1,1,NDFB - RD,0,0.0,0.0,1,1,0,0.0,0,0.0,0.684,0.6327232,2,1.0,0,1,1,0.0,0.0,2009.0,2010.0
221,1069,483,3,0.0,0.0,0.0,0.0,0.0,0.0,0.0,0.0,1.0,1.0,0,2,UFR,0,0.0,0.0,1,0,0,0.0,0,0.0,0.281,0.2370497,1,0.0,0,1,1,1.0,0.0,2009.0,2009.0
222,1107,775,1,0.0,0.0,0.0,0.0,0.0,1.0,0.0,0.0,0.0,0.0,0,1,DKBA 5,0,0.0,0.0,1,1,0,0.0,0,0.0,0.118,0.5785075,4,1.0,0,1,1,1.0,0.0,2010.0,2013.0
223,1108,625,1,0.0,0.0,0.0,0.0,0.0,0.0,1.0,0.0,0.0,1.0,0,1,SSDM/A,0,0.0,0.0,1,1,0,0.0,0,,0.227,0.5690063,2,0.0,0,1,1,1.0,0.0,2010.0,2011.0
224,1123,625,4,0.0,0.0,0.0,0.0,1.0,0.0,1.0,0.0,1.0,1.0,0,2,SPLM/A-North,1,0.0,0.0,3,1,0,0.0,0,0.0,0.227,0.5853705,6,0.0,1,1,1,2.0,1.0,2011.0,2016.0
225,1124,625,3,0.0,0.0,0.0,0.0,0.0,0.0,1.0,0.0,0.0,0.0,1,2,SSLM/A,0,1.0,0.0,1,1,0,0.0,0,0.0,0.227,0.5853705,2,1.0,0,1,1,0.0,0.0,2011.0,2012.0
226,1125,437,0,,,,,,,,,,1.0,0,2,FDSI-CI,0,1.0,0.0,0,1,0,0.0,0,0.0,0.428,0.3901361,1,0.0,0,1,1,0.0,0.0,2011.0,2011.0
227,1126,620,3,0.0,0.0,0.0,1.0,0.0,0.0,0.0,0.0,1.0,1.0,0,2,NTC,1,1.0,0.0,2,1,0,0.0,0,1.0,0.179,1.095595,1,0.0,0,1,1,2.0,1.0,2011.0,2011.0
228,1127,620,0,,,,,,,,,,1.0,0,2,Forces of Muammar Gaddafi,0,1.0,0.0,0,1,0,0.0,0,0.0,0.179,1.095595,1,0.0,0,1,1,0.0,0.0,2011.0,2011.0
229,1128,517,3,0.0,0.0,0.0,0.0,0.0,0.0,1.0,0.0,0.0,0.0,0,2,ALiR,0,0.0,0.0,1,0,0,0.0,0,1.0,0.105,-0.0710043,5,0.0,0,0,1,0.0,0.0,1996.0,2000.0
230,1129,625,2,0.0,0.0,0.0,0.0,1.0,0.0,0.0,0.0,1.0,1.0,1,3,Republic of South Sudan,1,1.0,,2,1,0,0.0,0,0.0,0.227,0.5853705,1,1.0,0,1,1,2.0,1.0,2011.0,2011.0
231,5659,645,3,0.0,0.0,0.0,0.0,0.0,0.0,0.0,1.0,0.0,0.0,0,2,al-Mahdi Army,1,1.0,0.0,2,1,0,0.0,1,0.0,0.215,0.7699264,5,2.0,0,1,1,1.0,0.0,2004.0,2008.0
