,cow_code,donor_code,amount_usd,country,iso_code,str_partnership,taiwan,gdp_per_capita_log,total_deaths_log,chinese_exports,chinese_exports_log,democracy,amount_usd_log,customs,customs_log,agree_us,agree_cn,total_china,total_china_ln
0,58.0,6,0.0,Antigua and Barbuda,ATG,0,0,9.975431,0.0,0.0,0.0,2.0,-2.3025851,0.0,-4.6051702,0.20930232558139536,0.8809523809523809,0.202,0.18398684
1,58.0,5,0.0,Antigua and Barbuda,ATG,0,0,9.975431,0.0,0.0,0.0,2.0,-2.3025851,0.0,-4.6051702,0.20930232558139536,0.8809523809523809,0.202,0.18398684
2,58.0,7,0.102,Antigua and Barbuda,ATG,0,0,9.975431,0.0,0.0,0.0,2.0,-1.5994875,0.0,-4.6051702,0.20930232558139536,0.8809523809523809,0.202,0.18398684
3,58.0,2,0.0,Antigua and Barbuda,ATG,0,0,9.975431,0.0,0.0,0.0,2.0,-2.3025851,0.0,-4.6051702,0.20930232558139536,0.8809523809523809,0.202,0.18398684
4,58.0,8,0.0,Antigua and Barbuda,ATG,0,0,9.975431,0.0,0.0,0.0,2.0,-2.3025851,0.0,-4.6051702,0.20930232558139536,0.8809523809523809,0.202,0.18398684
5,58.0,100,0.0,Antigua and Barbuda,ATG,0,0,9.975431,0.0,0.0,0.0,2.0,-2.3025851,0.0,-4.6051702,0.20930232558139536,0.8809523809523809,,
6,58.0,4,0.0,Antigua and Barbuda,ATG,0,0,9.975431,0.0,0.0,0.0,2.0,-2.3025851,0.0,-4.6051702,0.20930232558139536,0.8809523809523809,0.202,0.18398684
7,58.0,1,0.1,Antigua and Barbuda,ATG,0,0,9.975431,0.0,0.0,0.0,2.0,-1.609438,0.0,-4.6051702,0.20930232558139536,0.8809523809523809,0.202,0.18398684
8,58.0,3,0.0,Antigua and Barbuda,ATG,0,0,9.975431,0.0,0.0,0.0,2.0,-2.3025851,0.0,-4.6051702,0.20930232558139536,0.8809523809523809,0.202,0.18398684
9,160.0,2,0.127536,Argentina,ARG,3,0,9.8487625,4.7458014,6.883198,15.744594,2.0,-1.4804468,0.96,-0.030459229,0.27472527472527475,0.8539325842696629,5.453177,1.8645725
10,160.0,3,0.143844,Argentina,ARG,3,0,9.8487625,4.7458014,6.883198,15.744594,2.0,-1.4112266,0.96,-0.030459229,0.27472527472527475,0.8539325842696629,5.453177,1.8645725
11,160.0,4,0.0,Argentina,ARG,3,0,9.8487625,4.7458014,6.883198,15.744594,2.0,-2.3025851,0.96,-0.030459229,0.27472527472527475,0.8539325842696629,5.453177,1.8645725
12,160.0,5,0.3733209999999999,Argentina,ARG,3,0,9.8487625,6.1326756,6.883198,15.744594,2.0,-0.7479815,0.96,-0.030459229,0.27472527472527475,0.8539325842696629,5.453177,1.8645725
13,160.0,8,0.0,Argentina,ARG,3,0,9.8487625,4.7458014,6.883198,15.744594,2.0,-2.3025851,0.96,-0.030459229,0.27472527472527475,0.8539325842696629,5.453177,1.8645725
14,160.0,7,2.0999999999999996,Argentina,ARG,3,0,9.8487625,4.7458014,6.883198,15.744594,2.0,0.78845733,0.96,-0.030459229,0.27472527472527475,0.8539325842696629,5.453177,1.8645725
15,160.0,100,0.0,Argentina,ARG,3,0,9.8487625,4.59512,6.883198,15.744594,2.0,-2.3025851,0.96,-0.030459229,0.27472527472527475,0.8539325842696629,,
16,160.0,1,2.708476,Argentina,ARG,3,0,9.8487625,3.412246,6.883198,15.744594,2.0,1.032642,0.96,-0.030459229,0.27472527472527475,0.8539325842696629,5.453177,1.8645725
17,160.0,6,0.0,Argentina,ARG,3,0,9.8487625,4.7458014,6.883198,15.744594,2.0,-2.3025851,0.96,-0.030459229,0.27472527472527475,0.8539325842696629,5.453177,1.8645725
18,31.0,8,0.0,Bahamas,BHS,0,0,10.229866,2.120263,0.355614,12.781604,2.0,-2.3025851,0.0,-4.6051702,0.25,0.8488372093023255,0.134925,0.12656656
19,31.0,5,0.0,Bahamas,BHS,0,0,10.229866,2.120263,0.355614,12.781604,2.0,-2.3025851,0.0,-4.6051702,0.25,0.8488372093023255,0.134925,0.12656656
20,31.0,100,0.0,Bahamas,BHS,0,0,10.229866,2.120263,0.355614,12.781604,2.0,-2.3025851,0.0,-4.6051702,0.25,0.8488372093023255,,
21,31.0,3,0.0,Bahamas,BHS,0,0,10.229866,2.120263,0.355614,12.781604,2.0,-2.3025851,0.0,-4.6051702,0.25,0.8488372093023255,0.134925,0.12656656
22,31.0,7,0.0,Bahamas,BHS,0,0,10.229866,2.120263,0.355614,12.781604,2.0,-2.3025851,0.0,-4.6051702,0.25,0.8488372093023255,0.134925,0.12656656
23,31.0,2,0.0,Bahamas,BHS,0,0,10.229866,2.120263,0.355614,12.781604,2.0,-2.3025851,0.0,-4.6051702,0.25,0.8488372093023255,0.134925,0.12656656
24,31.0,6,0.0,Bahamas,BHS,0,0,10.229866,2.120263,0.355614,12.781604,2.0,-2.3025851,0.0,-4.6051702,0.25,0.8488372093023255,0.134925,0.12656656
25,31.0,4,0.0,Bahamas,BHS,0,0,10.229866,2.120263,0.355614,12.781604,2.0,-2.3025851,0.0,-4.6051702,0.25,0.8488372093023255,0.134925,0.12656656
26,31.0,1,0.134925,Bahamas,BHS,0,0,10.229866,2.120263,0.355614,12.781604,2.0,-1.448489,0.0,-4.6051702,0.25,0.8488372093023255,0.134925,0.12656656
27,53.0,7,0.19416,Barbados,BRB,0,0,9.739738,1.0986123,0.155688,11.955616,2.0,-1.2236315,0.0,-4.6051702,0.2529411764705882,0.8373493975903614,0.35412,0.3031518
28,53.0,4,0.0,Barbados,BRB,0,0,9.739738,1.0986123,0.155688,11.955616,2.0,-2.3025851,0.0,-4.6051702,0.2529411764705882,0.8373493975903614,0.35412,0.3031518
29,53.0,3,0.0,Barbados,BRB,0,0,9.739738,1.0986123,0.155688,11.955616,2.0,-2.3025851,0.0,-4.6051702,0.2529411764705882,0.8373493975903614,0.35412,0.3031518
30,53.0,8,0.0,Barbados,BRB,0,0,9.739738,1.0986123,0.155688,11.955616,2.0,-2.3025851,0.0,-4.6051702,0.2529411764705882,0.8373493975903614,0.35412,0.3031518
31,53.0,2,0.03125,Barbados,BRB,0,0,9.739738,1.0986123,0.155688,11.955616,2.0,-2.0306513,0.0,-4.6051702,0.2529411764705882,0.8373493975903614,0.35412,0.3031518
32,53.0,100,0.0,Barbados,BRB,0,0,9.739738,1.0986123,0.155688,11.955616,2.0,-2.3025851,0.0,-4.6051702,0.2529411764705882,0.8373493975903614,,
33,53.0,1,0.12871,Barbados,BRB,0,0,9.739738,1.0986123,0.155688,11.955616,2.0,-1.4753004,0.0,-4.6051702,0.2529411764705882,0.8373493975903614,0.35412,0.3031518
34,53.0,6,0.0,Barbados,BRB,0,0,9.739738,1.0986123,0.155688,11.955616,2.0,-2.3025851,0.0,-4.6051702,0.2529411764705882,0.8373493975903614,0.35412,0.3031518
35,53.0,5,0.0,Barbados,BRB,0,0,9.739738,1.0986123,0.155688,11.955616,2.0,-2.3025851,0.0,-4.6051702,0.2529411764705882,0.8373493975903614,0.35412,0.3031518
36,80.0,3,0.0,Belize,BLZ,0,1,8.965125,1.0647107,0.116803,11.668253,2.0,-2.3025851,0.0,-4.6051702,0.2388888888888889,0.8465909090909091,0.0,0.0
37,80.0,5,0.0,Belize,BLZ,0,1,8.965125,1.0647107,0.116803,11.668253,2.0,-2.3025851,0.0,-4.6051702,0.2388888888888889,0.8465909090909091,0.0,0.0
38,80.0,2,0.0,Belize,BLZ,0,1,8.965125,1.0647107,0.116803,11.668253,2.0,-2.3025851,0.0,-4.6051702,0.2388888888888889,0.8465909090909091,0.0,0.0
39,80.0,7,0.0,Belize,BLZ,0,1,8.965125,1.0647107,0.116803,11.668253,2.0,-2.3025851,0.0,-4.6051702,0.2388888888888889,0.8465909090909091,0.0,0.0
40,80.0,4,0.0,Belize,BLZ,0,1,8.965125,1.0647107,0.116803,11.668253,2.0,-2.3025851,0.0,-4.6051702,0.2388888888888889,0.8465909090909091,0.0,0.0
41,80.0,1,0.0,Belize,BLZ,0,1,8.965125,1.0647107,0.116803,11.668253,2.0,-2.3025851,0.0,-4.6051702,0.2388888888888889,0.8465909090909091,0.0,0.0
42,80.0,8,0.0,Belize,BLZ,0,1,8.965125,1.0647107,0.116803,11.668253,2.0,-2.3025851,0.0,-4.6051702,0.2388888888888889,0.8465909090909091,0.0,0.0
43,80.0,6,0.0,Belize,BLZ,0,1,8.965125,1.0647107,0.116803,11.668253,2.0,-2.3025851,0.0,-4.6051702,0.2388888888888889,0.8465909090909091,0.0,0.0
44,80.0,100,2.146535,Belize,BLZ,0,1,8.965125,1.0647107,0.116803,11.668253,2.0,0.80938905,0.0,-4.6051702,0.2388888888888889,0.8465909090909091,,
45,145.0,2,0.0,Bolivia,BOL,0,0,8.837366,3.5263605,0.0,0.0,2.0,-2.3025851,0.04,-2.9957323,0.1875,0.8782051282051282,1.52218,0.9251236
46,145.0,7,1.465,Bolivia,BOL,0,0,8.837366,4.8121843,0.0,0.0,2.0,0.4478858,0.04,-2.9957323,0.1875,0.8782051282051282,1.52218,0.9251236
47,145.0,8,0.0,Bolivia,BOL,0,0,8.837366,3.5263605,0.0,0.0,2.0,-2.3025851,0.04,-2.9957323,0.1875,0.8782051282051282,1.52218,0.9251236
48,145.0,4,0.0,Bolivia,BOL,0,0,8.837366,3.5263605,0.0,0.0,2.0,-2.3025851,0.04,-2.9957323,0.1875,0.8782051282051282,1.52218,0.9251236
49,145.0,3,0.0,Bolivia,BOL,0,0,8.837366,5.247024,0.0,0.0,2.0,-2.3025851,0.04,-2.9957323,0.1875,0.8782051282051282,1.52218,0.9251236
50,145.0,100,1.0268,Bolivia,BOL,0,0,8.837366,3.5263605,0.0,0.0,2.0,0.119381756,0.04,-2.9957323,0.1875,0.8782051282051282,,
51,145.0,6,0.0,Bolivia,BOL,0,0,8.837366,3.5263605,0.0,0.0,2.0,-2.3025851,0.04,-2.9957323,0.1875,0.8782051282051282,1.52218,0.9251236
52,145.0,5,0.03525,Bolivia,BOL,0,0,8.837366,2.1972246,0.0,0.0,2.0,-2.0006304,0.04,-2.9957323,0.1875,0.8782051282051282,1.52218,0.9251236
53,145.0,1,0.021929999999999998,Bolivia,BOL,0,0,8.837366,3.5263605,0.0,0.0,2.0,-2.1043081,0.04,-2.9957323,0.1875,0.8782051282051282,1.52218,0.9251236
54,140.0,1,0.397791,Brazil,BRA,3,0,9.554249,8.344267,35.476983,17.384396,2.0,-0.697575,1.7,0.5364934,0.38461538461538464,0.7303370786516854,23.17234,3.185209
55,140.0,7,0.1,Brazil,BRA,3,0,9.554249,9.771703,35.476983,17.384396,2.0,-1.609438,1.7,0.5364934,0.38461538461538464,0.7303370786516854,23.17234,3.185209
56,140.0,5,22.0114,Brazil,BRA,3,0,9.554249,8.344267,35.476983,17.384396,2.0,3.0960934,1.7,0.5364934,0.38461538461538464,0.7303370786516854,23.17234,3.185209
57,140.0,6,0.005,Brazil,BRA,3,0,9.554249,8.344267,35.476983,17.384396,2.0,-2.253795,1.7,0.5364934,0.38461538461538464,0.7303370786516854,23.17234,3.185209
58,140.0,2,0.0604,Brazil,BRA,3,0,9.554249,8.344267,35.476983,17.384396,2.0,-1.8300846,1.7,0.5364934,0.38461538461538464,0.7303370786516854,23.17234,3.185209
59,140.0,3,0.13740000000000002,Brazil,BRA,3,0,9.554249,8.344267,35.476983,17.384396,2.0,-1.4380088,1.7,0.5364934,0.38461538461538464,0.7303370786516854,23.17234,3.185209
60,140.0,100,0.16,Brazil,BRA,3,0,9.554249,8.344267,35.476983,17.384396,2.0,-1.3470737,1.7,0.5364934,0.38461538461538464,0.7303370786516854,,
61,140.0,4,0.0,Brazil,BRA,3,0,9.554249,8.344267,35.476983,17.384396,2.0,-2.3025851,1.7,0.5364934,0.38461538461538464,0.7303370786516854,23.17234,3.185209
62,140.0,8,0.46035000000000004,Brazil,BRA,3,0,9.554249,8.344267,35.476983,17.384396,2.0,-0.5791937,1.7,0.5364934,0.38461538461538464,0.7303370786516854,23.17234,3.185209
63,155.0,1,0.023,Chile,CHL,3,0,10.033112,7.54009,14.687691,16.50252,3.0,-2.095571,0.27,-1.2729657,0.24725274725274726,0.848314606741573,9.9577,2.3940425
64,155.0,8,0.0507,Chile,CHL,3,0,10.033112,7.54009,14.687691,16.50252,3.0,-1.8924642,0.27,-1.2729657,0.24725274725274726,0.848314606741573,9.9577,2.3940425
65,155.0,5,6.819500000000001,Chile,CHL,3,0,10.033112,5.2832036,14.687691,16.50252,3.0,1.9343435,0.27,-1.2729657,0.24725274725274726,0.848314606741573,9.9577,2.3940425
66,155.0,100,0.13394,Chile,CHL,3,0,10.033112,5.2832036,14.687691,16.50252,3.0,-1.4526906,0.27,-1.2729657,0.24725274725274726,0.848314606741573,,
67,155.0,7,0.0,Chile,CHL,3,0,10.033112,7.54009,14.687691,16.50252,3.0,-2.3025851,0.27,-1.2729657,0.24725274725274726,0.848314606741573,9.9577,2.3940425
68,155.0,2,0.0,Chile,CHL,3,0,10.033112,5.8493247,14.687691,16.50252,3.0,-2.3025851,0.27,-1.2729657,0.24725274725274726,0.848314606741573,9.9577,2.3940425
69,155.0,3,0.10400000000000001,Chile,CHL,3,0,10.033112,7.54009,14.687691,16.50252,3.0,-1.5896353,0.27,-1.2729657,0.24725274725274726,0.848314606741573,9.9577,2.3940425
70,155.0,4,2.9605,Chile,CHL,3,0,10.033112,5.2832036,14.687691,16.50252,3.0,1.1185783,0.27,-1.2729657,0.24725274725274726,0.848314606741573,9.9577,2.3940425
71,155.0,6,0.0,Chile,CHL,3,0,10.033112,7.54009,14.687691,16.50252,3.0,-2.3025851,0.27,-1.2729657,0.24725274725274726,0.848314606741573,9.9577,2.3940425
72,100.0,1,2.47142,Colombia,COL,0,0,9.492198,6.149536,9.225688,16.037502,2.0,0.94445825,0.25,-1.3470737,0.3021978021978022,0.7808988764044944,2.95771,1.3756655
73,100.0,5,0.323,Colombia,COL,0,0,9.492198,4.6728287,9.225688,16.037502,2.0,-0.8603831,0.25,-1.3470737,0.3021978021978022,0.7808988764044944,2.95771,1.3756655
74,100.0,2,0.0101,Colombia,COL,0,0,9.492198,4.6728287,9.225688,16.037502,2.0,-2.2063663,0.25,-1.3470737,0.3021978021978022,0.7808988764044944,2.95771,1.3756655
75,100.0,6,0.0,Colombia,COL,0,0,9.492198,4.6728287,9.225688,16.037502,2.0,-2.3025851,0.25,-1.3470737,0.3021978021978022,0.7808988764044944,2.95771,1.3756655
76,100.0,8,0.0,Colombia,COL,0,0,9.492198,4.6728287,9.225688,16.037502,2.0,-2.3025851,0.25,-1.3470737,0.3021978021978022,0.7808988764044944,2.95771,1.3756655
77,100.0,4,0.0,Colombia,COL,0,0,9.492198,4.6728287,9.225688,16.037502,2.0,-2.3025851,0.25,-1.3470737,0.3021978021978022,0.7808988764044944,2.95771,1.3756655
78,100.0,7,0.14119000000000004,Colombia,COL,0,0,9.492198,4.6728287,9.225688,16.037502,2.0,-1.4221703,0.25,-1.3470737,0.3021978021978022,0.7808988764044944,2.95771,1.3756655
79,100.0,3,0.012,Colombia,COL,0,0,9.492198,4.6728287,9.225688,16.037502,2.0,-2.1892564,0.25,-1.3470737,0.3021978021978022,0.7808988764044944,2.95771,1.3756655
80,100.0,100,0.008,Colombia,COL,0,0,9.492198,6.0726595,9.225688,16.037502,2.0,-2.225624,0.25,-1.3470737,0.3021978021978022,0.7808988764044944,,
81,94.0,5,0.2425,Costa Rica,CRI,2,0,9.650271,1.9459101,1.518533,14.233256,3.0,-1.0714836,0.08,-2.4079456,0.24719101123595505,0.8390804597701149,4.773802,1.7533307
82,94.0,3,0.2525,Costa Rica,CRI,2,0,9.650271,1.9459101,1.518533,14.233256,3.0,-1.0427047,0.08,-2.4079456,0.24719101123595505,0.8390804597701149,4.773802,1.7533307
83,94.0,2,0.2425,Costa Rica,CRI,2,0,9.650271,1.9459101,1.518533,14.233256,3.0,-1.0714836,0.08,-2.4079456,0.24719101123595505,0.8390804597701149,4.773802,1.7533307
84,94.0,8,0.055,Costa Rica,CRI,2,0,9.650271,1.0986123,1.518533,14.233256,3.0,-1.8643302,0.08,-2.4079456,0.24719101123595505,0.8390804597701149,4.773802,1.7533307
85,94.0,100,0.0,Costa Rica,CRI,2,0,9.650271,1.9459101,1.518533,14.233256,3.0,-2.3025851,0.08,-2.4079456,0.24719101123595505,0.8390804597701149,,
86,94.0,7,0.8698,Costa Rica,CRI,2,0,9.650271,1.9459101,1.518533,14.233256,3.0,-0.030665414,0.08,-2.4079456,0.24719101123595505,0.8390804597701149,4.773802,1.7533307
87,94.0,1,3.1115019999999998,Costa Rica,CRI,2,0,9.650271,1.9459101,1.518533,14.233256,3.0,1.1667387,0.08,-2.4079456,0.24719101123595505,0.8390804597701149,4.773802,1.7533307
88,94.0,4,0.0,Costa Rica,CRI,2,0,9.650271,1.9459101,1.518533,14.233256,3.0,-2.3025851,0.08,-2.4079456,0.24719101123595505,0.8390804597701149,4.773802,1.7533307
89,94.0,6,0.0,Costa Rica,CRI,2,0,9.650271,2.1972246,1.518533,14.233256,3.0,-2.3025851,0.08,-2.4079456,0.24719101123595505,0.8390804597701149,4.773802,1.7533307
90,40.0,1,6.497980000000001,Cuba,CUB,0,0,8.987322,4.248495,0.79043,13.580334,0.0,1.8867636,0.06,-2.65926,0.16853932584269662,0.9090909090909091,8.89859,2.2923923
91,40.0,5,1.969905,Cuba,CUB,0,0,8.987322,3.7841897,0.79043,13.580334,0.0,0.7275027,0.06,-2.65926,0.16853932584269662,0.9090909090909091,8.89859,2.2923923
92,40.0,2,0.372905,Cuba,CUB,0,0,8.987322,4.248495,0.79043,13.580334,0.0,-0.7488608,0.06,-2.65926,0.16853932584269662,0.9090909090909091,8.89859,2.2923923
93,40.0,8,0.036,Cuba,CUB,0,0,8.987322,3.7256935,0.79043,13.580334,0.0,-1.9951004,0.06,-2.65926,0.16853932584269662,0.9090909090909091,8.89859,2.2923923
94,40.0,100,0.0,Cuba,CUB,0,0,8.987322,3.7841897,0.79043,13.580334,0.0,-2.3025851,0.06,-2.65926,0.16853932584269662,0.9090909090909091,,
95,40.0,6,0.0,Cuba,CUB,0,0,8.987322,3.2484345,0.79043,13.580334,0.0,-2.3025851,0.06,-2.65926,0.16853932584269662,0.9090909090909091,8.89859,2.2923923
96,40.0,4,0.0,Cuba,CUB,0,0,8.987322,3.7256935,0.79043,13.580334,0.0,-2.3025851,0.06,-2.65926,0.16853932584269662,0.9090909090909091,8.89859,2.2923923
97,40.0,7,0.0218,Cuba,CUB,0,0,8.987322,3.7256935,0.79043,13.580334,0.0,-2.1053748,0.06,-2.65926,0.16853932584269662,0.9090909090909091,8.89859,2.2923923
98,40.0,3,0.0,Cuba,CUB,0,0,8.987322,3.7256935,0.79043,13.580334,0.0,-2.3025851,0.06,-2.65926,0.16853932584269662,0.9090909090909091,8.89859,2.2923923
99,54.0,8,0.0,Dominica,DMA,0,0,9.177236,0.0,0.033896,10.431082,2.0,-2.3025851,0.0,-4.6051702,0.3071211,0.9444444444444444,0.77916,0.57614136
100,54.0,2,0.0,Dominica,DMA,0,0,9.177236,0.0,0.033896,10.431082,2.0,-2.3025851,0.0,-4.6051702,0.3071211,0.9444444444444444,0.77916,0.57614136
101,54.0,3,0.0,Dominica,DMA,0,0,9.177236,0.0,0.033896,10.431082,2.0,-2.3025851,0.0,-4.6051702,0.3071211,0.9444444444444444,0.77916,0.57614136
102,54.0,1,0.675,Dominica,DMA,0,0,9.177236,0.0,0.033896,10.431082,2.0,-0.25489226,0.0,-4.6051702,0.3071211,0.9444444444444444,0.77916,0.57614136
103,54.0,6,0.0,Dominica,DMA,0,0,9.177236,0.0,0.033896,10.431082,2.0,-2.3025851,0.0,-4.6051702,0.3071211,0.9444444444444444,0.77916,0.57614136
104,54.0,7,0.10416,Dominica,DMA,0,0,9.177236,0.0,0.033896,10.431082,2.0,-1.5888513,0.0,-4.6051702,0.3071211,0.9444444444444444,0.77916,0.57614136
105,54.0,100,0.0,Dominica,DMA,0,0,9.177236,0.0,0.033896,10.431082,2.0,-2.3025851,0.0,-4.6051702,0.3071211,0.9444444444444444,,
106,54.0,4,0.0,Dominica,DMA,0,0,9.177236,0.0,0.033896,10.431082,2.0,-2.3025851,0.0,-4.6051702,0.3071211,0.9444444444444444,0.77916,0.57614136
107,54.0,5,0.0,Dominica,DMA,0,0,9.177236,0.0,0.033896,10.431082,2.0,-2.3025851,0.0,-4.6051702,0.3071211,0.9444444444444444,0.77916,0.57614136
108,42.0,1,0.957104,Dominican Republic,DOM,0,0,9.588907,3.7612002,2.393011,14.688064,2.0,0.055533092,0.0,-4.6051702,0.24725274725274726,0.848314606741573,2.502594,1.2535038
109,42.0,8,0.0,Dominican Republic,DOM,0,0,9.588907,3.7612002,2.393011,14.688064,2.0,-2.3025851,0.0,-4.6051702,0.24725274725274726,0.848314606741573,2.502594,1.2535038
110,42.0,5,0.31999999999999995,Dominican Republic,DOM,0,0,9.588907,3.7612002,2.393011,14.688064,2.0,-0.86750054,0.0,-4.6051702,0.24725274725274726,0.848314606741573,2.502594,1.2535038
111,42.0,100,0.0,Dominican Republic,DOM,0,0,9.588907,3.7612002,2.393011,14.688064,2.0,-2.3025851,0.0,-4.6051702,0.24725274725274726,0.848314606741573,,
112,42.0,6,0.0,Dominican Republic,DOM,0,0,9.588907,6.216606,2.393011,14.688064,2.0,-2.3025851,0.0,-4.6051702,0.24725274725274726,0.848314606741573,2.502594,1.2535038
113,42.0,3,0.0,Dominican Republic,DOM,0,0,9.588907,3.7612002,2.393011,14.688064,2.0,-2.3025851,0.0,-4.6051702,0.24725274725274726,0.848314606741573,2.502594,1.2535038
114,42.0,7,1.16549,Dominican Republic,DOM,0,0,9.588907,4.6084976,2.393011,14.688064,2.0,0.2354594,0.0,-4.6051702,0.24725274725274726,0.848314606741573,2.502594,1.2535038
115,42.0,2,0.0,Dominican Republic,DOM,0,0,9.588907,5.8213997,2.393011,14.688064,2.0,-2.3025851,0.0,-4.6051702,0.24725274725274726,0.848314606741573,2.502594,1.2535038
116,42.0,4,0.06,Dominican Republic,DOM,0,0,9.588907,3.7612002,2.393011,14.688064,2.0,-1.8325815,0.0,-4.6051702,0.24725274725274726,0.848314606741573,2.502594,1.2535038
117,130.0,1,0.29122500000000007,Ecuador,ECU,3,0,9.266994,4.7957907,3.632436,15.105414,2.0,-0.93847245,0.08,-2.4079456,0.24725274725274726,0.8595505617977528,2.990765,1.383983
118,130.0,3,0.08,Ecuador,ECU,3,0,9.266994,4.7957907,3.632436,15.105414,2.0,-1.7147985,0.08,-2.4079456,0.24725274725274726,0.8595505617977528,2.990765,1.383983
119,130.0,2,0.0478,Ecuador,ECU,3,0,9.266994,6.9514275,3.632436,15.105414,2.0,-1.9118953,0.08,-2.4079456,0.24725274725274726,0.8595505617977528,2.990765,1.383983
120,130.0,7,1.465,Ecuador,ECU,3,0,9.266994,4.7957907,3.632436,15.105414,2.0,0.4478858,0.08,-2.4079456,0.24725274725274726,0.8595505617977528,2.990765,1.383983
121,130.0,100,0.616325,Ecuador,ECU,3,0,9.266994,4.7957907,3.632436,15.105414,2.0,-0.3336213,0.08,-2.4079456,0.24725274725274726,0.8595505617977528,,
122,130.0,4,0.0,Ecuador,ECU,3,0,9.266994,4.7957907,3.632436,15.105414,2.0,-2.3025851,0.08,-2.4079456,0.24725274725274726,0.8595505617977528,2.990765,1.383983
123,130.0,5,1.0319399999999999,Ecuador,ECU,3,0,9.266994,4.7957907,3.632436,15.105414,2.0,0.12393297,0.08,-2.4079456,0.24725274725274726,0.8595505617977528,2.990765,1.383983
124,130.0,8,0.0748,Ecuador,ECU,3,0,9.266994,4.7957907,3.632436,15.105414,2.0,-1.7441128,0.08,-2.4079456,0.24725274725274726,0.8595505617977528,2.990765,1.383983
125,130.0,6,0.0,Ecuador,ECU,3,0,9.266994,4.7957907,3.632436,15.105414,2.0,-2.3025851,0.08,-2.4079456,0.24725274725274726,0.8595505617977528,2.990765,1.383983
126,92.0,2,0.0,El Salvador,SLV,0,0,8.894733,2.4849067,1.001324,13.816834,2.0,-2.3025851,0.0,-4.6051702,0.23626373626373626,0.848314606741573,1.4052,0.87763304
127,92.0,3,0.0,El Salvador,SLV,0,0,8.894733,2.4849067,1.001324,13.816834,2.0,-2.3025851,0.0,-4.6051702,0.23626373626373626,0.848314606741573,1.4052,0.87763304
128,92.0,7,0.8698,El Salvador,SLV,0,0,8.894733,2.4849067,1.001324,13.816834,2.0,-0.030665414,0.0,-4.6051702,0.23626373626373626,0.848314606741573,1.4052,0.87763304
129,92.0,6,0.0,El Salvador,SLV,0,0,8.894733,2.4849067,1.001324,13.816834,2.0,-2.3025851,0.0,-4.6051702,0.23626373626373626,0.848314606741573,1.4052,0.87763304
130,92.0,4,0.0,El Salvador,SLV,0,0,8.894733,2.4849067,1.001324,13.816834,2.0,-2.3025851,0.0,-4.6051702,0.23626373626373626,0.848314606741573,1.4052,0.87763304
131,92.0,5,0.0,El Salvador,SLV,0,0,8.894733,2.4849067,1.001324,13.816834,2.0,-2.3025851,0.0,-4.6051702,0.23626373626373626,0.848314606741573,1.4052,0.87763304
132,92.0,1,0.5267000000000001,El Salvador,SLV,0,0,8.894733,2.4849067,1.001324,13.816834,2.0,-0.46728733,0.0,-4.6051702,0.23626373626373626,0.848314606741573,1.4052,0.87763304
133,92.0,100,0.0,El Salvador,SLV,0,0,8.894733,2.4849067,1.001324,13.816834,2.0,-2.3025851,0.0,-4.6051702,0.23626373626373626,0.848314606741573,,
134,92.0,8,0.0087,El Salvador,SLV,0,0,8.894733,2.4849067,1.001324,13.816834,2.0,-2.2191634,0.0,-4.6051702,0.23626373626373626,0.848314606741573,1.4052,0.87763304
135,55.0,6,0.0,Grenada,GRD,0,0,9.51745,0.0,0.014567,9.586582,2.0,-2.3025851,0.0,-4.6051702,0.189873417721519,0.8717948717948718,0.105975,0.1007273
136,55.0,100,0.0,Grenada,GRD,0,0,9.51745,0.0,0.014567,9.586582,2.0,-2.3025851,0.0,-4.6051702,0.189873417721519,0.8717948717948718,,
137,55.0,7,0.0939,Grenada,GRD,0,0,9.51745,0.0,0.014567,9.586582,2.0,-1.6404127,0.0,-4.6051702,0.189873417721519,0.8717948717948718,0.105975,0.1007273
138,55.0,8,0.0,Grenada,GRD,0,0,9.51745,0.0,0.014567,9.586582,2.0,-2.3025851,0.0,-4.6051702,0.189873417721519,0.8717948717948718,0.105975,0.1007273
139,55.0,3,0.0,Grenada,GRD,0,0,9.51745,0.0,0.014567,9.586582,2.0,-2.3025851,0.0,-4.6051702,0.189873417721519,0.8717948717948718,0.105975,0.1007273
140,55.0,1,0.012075,Grenada,GRD,0,0,9.51745,0.0,0.014567,9.586582,2.0,-2.188587,0.0,-4.6051702,0.189873417721519,0.8717948717948718,0.105975,0.1007273
141,55.0,4,0.0,Grenada,GRD,0,0,9.51745,0.0,0.014567,9.586582,2.0,-2.3025851,0.0,-4.6051702,0.189873417721519,0.8717948717948718,0.105975,0.1007273
142,55.0,2,0.0,Grenada,GRD,0,0,9.51745,0.0,0.014567,9.586582,2.0,-2.3025851,0.0,-4.6051702,0.189873417721519,0.8717948717948718,0.105975,0.1007273
143,55.0,5,0.0,Grenada,GRD,0,0,9.51745,0.0,0.014567,9.586582,2.0,-2.3025851,0.0,-4.6051702,0.189873417721519,0.8717948717948718,0.105975,0.1007273
144,90.0,6,0.0,Guatemala,GTM,0,1,8.912582,3.700178,2.401423,14.691572,2.0,-2.3025851,0.0,-4.6051702,0.3626373626373626,0.7303370786516854,0.0,0.0
145,90.0,2,0.0,Guatemala,GTM,0,1,8.912582,3.700178,2.401423,14.691572,2.0,-2.3025851,0.0,-4.6051702,0.3626373626373626,0.7303370786516854,0.0,0.0
146,90.0,8,0.0,Guatemala,GTM,0,1,8.912582,3.700178,2.401423,14.691572,2.0,-2.3025851,0.0,-4.6051702,0.3626373626373626,0.7303370786516854,0.0,0.0
147,90.0,7,0.0,Guatemala,GTM,0,1,8.912582,3.700178,2.401423,14.691572,2.0,-2.3025851,0.0,-4.6051702,0.3626373626373626,0.7303370786516854,0.0,0.0
148,90.0,5,0.0,Guatemala,GTM,0,1,8.912582,3.700178,2.401423,14.691572,2.0,-2.3025851,0.0,-4.6051702,0.3626373626373626,0.7303370786516854,0.0,0.0
149,90.0,100,1.28169,Guatemala,GTM,0,1,8.912582,3.700178,2.401423,14.691572,2.0,0.3233074,0.0,-4.6051702,0.3626373626373626,0.7303370786516854,,
150,90.0,3,0.0,Guatemala,GTM,0,1,8.912582,3.700178,2.401423,14.691572,2.0,-2.3025851,0.0,-4.6051702,0.3626373626373626,0.7303370786516854,0.0,0.0
151,90.0,4,0.0,Guatemala,GTM,0,1,8.912582,3.700178,2.401423,14.691572,2.0,-2.3025851,0.0,-4.6051702,0.3626373626373626,0.7303370786516854,0.0,0.0
152,90.0,1,0.0,Guatemala,GTM,0,1,8.912582,3.700178,2.401423,14.691572,2.0,-2.3025851,0.0,-4.6051702,0.3626373626373626,0.7303370786516854,0.0,0.0
153,110.0,3,0.017258,Guyana,GUY,0,0,8.914095,2.4849067,0.273031,12.517344,2.0,-2.1433787,0.0,-4.6051702,0.24157303370786518,0.8448275862068966,0.141899,0.13269266
154,110.0,6,0.0,Guyana,GUY,0,0,8.914095,2.3978953,0.273031,12.517344,2.0,-2.3025851,0.0,-4.6051702,0.24157303370786518,0.8448275862068966,0.141899,0.13269266
155,110.0,5,0.0,Guyana,GUY,0,0,8.914095,2.3978953,0.273031,12.517344,2.0,-2.3025851,0.0,-4.6051702,0.24157303370786518,0.8448275862068966,0.141899,0.13269266
156,110.0,4,0.0,Guyana,GUY,0,0,8.914095,2.3978953,0.273031,12.517344,2.0,-2.3025851,0.0,-4.6051702,0.24157303370786518,0.8448275862068966,0.141899,0.13269266
157,110.0,100,0.0,Guyana,GUY,0,0,8.914095,2.3978953,0.273031,12.517344,2.0,-2.3025851,0.0,-4.6051702,0.24157303370786518,0.8448275862068966,,
158,110.0,8,0.0,Guyana,GUY,0,0,8.914095,2.3978953,0.273031,12.517344,2.0,-2.3025851,0.0,-4.6051702,0.24157303370786518,0.8448275862068966,0.141899,0.13269266
159,110.0,1,0.015223,Guyana,GUY,0,0,8.914095,2.3978953,0.273031,12.517344,2.0,-2.1608858,0.0,-4.6051702,0.24157303370786518,0.8448275862068966,0.141899,0.13269266
160,110.0,7,0.109418,Guyana,GUY,0,0,8.914095,2.3978953,0.273031,12.517344,2.0,-1.563423,0.0,-4.6051702,0.24157303370786518,0.8448275862068966,0.141899,0.13269266
161,110.0,2,0.0,Guyana,GUY,0,0,8.914095,2.3025851,0.273031,12.517344,2.0,-2.3025851,0.0,-4.6051702,0.24157303370786518,0.8448275862068966,0.141899,0.13269266
162,41.0,100,2.192,Haiti,HTI,0,1,7.4110546,1.9459101,0.561068,13.237599,2.0,0.8294248,0.0,-4.6051702,0.4116667,0.7758620689655172,,
163,41.0,1,0.0,Haiti,HTI,0,1,7.4110546,1.9459101,0.561068,13.237599,2.0,-2.3025851,0.0,-4.6051702,0.4116667,0.7758620689655172,0.0,0.0
164,41.0,6,0.0,Haiti,HTI,0,1,7.4110546,1.9459101,0.561068,13.237599,2.0,-2.3025851,0.0,-4.6051702,0.4116667,0.7758620689655172,0.0,0.0
165,41.0,7,0.0,Haiti,HTI,0,1,7.4110546,1.9459101,0.561068,13.237599,2.0,-2.3025851,0.0,-4.6051702,0.4116667,0.7758620689655172,0.0,0.0
166,41.0,3,0.0,Haiti,HTI,0,1,7.4110546,1.9459101,0.561068,13.237599,2.0,-2.3025851,0.0,-4.6051702,0.4116667,0.7758620689655172,0.0,0.0
167,41.0,5,0.0,Haiti,HTI,0,1,7.4110546,1.9459101,0.561068,13.237599,2.0,-2.3025851,0.0,-4.6051702,0.4116667,0.7758620689655172,0.0,0.0
168,41.0,2,0.0,Haiti,HTI,0,1,7.4110546,1.9459101,0.561068,13.237599,2.0,-2.3025851,0.0,-4.6051702,0.4116667,0.7758620689655172,0.0,0.0
169,41.0,4,0.0,Haiti,HTI,0,1,7.4110546,2.0794415,0.561068,13.237599,2.0,-2.3025851,0.0,-4.6051702,0.4116667,0.7758620689655172,0.0,0.0
170,41.0,8,0.0,Haiti,HTI,0,1,7.4110546,1.9459101,0.561068,13.237599,2.0,-2.3025851,0.0,-4.6051702,0.4116667,0.7758620689655172,0.0,0.0
171,91.0,2,0.0,Honduras,HND,0,1,8.421297,5.0887194,0.940485,13.754152,2.0,-2.3025851,0.01,-3.912023,0.34615384615384615,0.7471910112359551,0.0,0.0
172,91.0,7,0.0,Honduras,HND,0,1,8.421297,5.0887194,0.940485,13.754152,2.0,-2.3025851,0.01,-3.912023,0.34615384615384615,0.7471910112359551,0.0,0.0
173,91.0,8,0.0,Honduras,HND,0,1,8.421297,5.0887194,0.940485,13.754152,2.0,-2.3025851,0.01,-3.912023,0.34615384615384615,0.7471910112359551,0.0,0.0
174,91.0,6,0.0,Honduras,HND,0,1,8.421297,5.0887194,0.940485,13.754152,2.0,-2.3025851,0.01,-3.912023,0.34615384615384615,0.7471910112359551,0.0,0.0
175,91.0,3,0.0,Honduras,HND,0,1,8.421297,5.0887194,0.940485,13.754152,2.0,-2.3025851,0.01,-3.912023,0.34615384615384615,0.7471910112359551,0.0,0.0
176,91.0,100,2.9043799999999997,Honduras,HND,0,1,8.421297,5.0887194,0.940485,13.754152,2.0,1.1000712,0.01,-3.912023,0.34615384615384615,0.7471910112359551,,
177,91.0,1,0.0,Honduras,HND,0,1,8.421297,5.0887194,0.940485,13.754152,2.0,-2.3025851,0.01,-3.912023,0.34615384615384615,0.7471910112359551,0.0,0.0
178,91.0,4,0.0,Honduras,HND,0,1,8.421297,5.0887194,0.940485,13.754152,2.0,-2.3025851,0.01,-3.912023,0.34615384615384615,0.7471910112359551,0.0,0.0
179,91.0,5,0.0,Honduras,HND,0,1,8.421297,5.0887194,0.940485,13.754152,2.0,-2.3025851,0.01,-3.912023,0.34615384615384615,0.7471910112359551,0.0,0.0
180,51.0,5,0.0,Jamaica,JAM,1,0,9.011227,2.0794415,0.670393,13.415621,2.0,-2.3025851,0.05,-2.8134108,0.2222222222222222,0.8636363636363636,0.494855,0.40202922
181,51.0,1,0.112325,Jamaica,JAM,1,0,9.011227,1.9459101,0.670393,13.415621,2.0,-1.5496372,0.05,-2.8134108,0.2222222222222222,0.8636363636363636,0.494855,0.40202922
182,51.0,100,0.0,Jamaica,JAM,1,0,9.011227,1.7917595,0.670393,13.415621,2.0,-2.3025851,0.05,-2.8134108,0.2222222222222222,0.8636363636363636,,
183,51.0,8,0.005265,Jamaica,JAM,1,0,9.011227,1.7917595,0.670393,13.415621,2.0,-2.2512743,0.05,-2.8134108,0.2222222222222222,0.8636363636363636,0.494855,0.40202922
184,51.0,3,0.005265,Jamaica,JAM,1,0,9.011227,1.7917595,0.670393,13.415621,2.0,-2.2512743,0.05,-2.8134108,0.2222222222222222,0.8636363636363636,0.494855,0.40202922
185,51.0,7,0.372,Jamaica,JAM,1,0,9.011227,1.7346016,0.670393,13.415621,2.0,-0.7507763,0.05,-2.8134108,0.2222222222222222,0.8636363636363636,0.494855,0.40202922
186,51.0,2,0.0,Jamaica,JAM,1,0,9.011227,1.7917595,0.670393,13.415621,2.0,-2.3025851,0.05,-2.8134108,0.2222222222222222,0.8636363636363636,0.494855,0.40202922
187,51.0,6,0.0,Jamaica,JAM,1,0,9.011227,1.7917595,0.670393,13.415621,2.0,-2.3025851,0.05,-2.8134108,0.2222222222222222,0.8636363636363636,0.494855,0.40202922
188,51.0,4,0.0,Jamaica,JAM,1,0,9.011227,1.7917595,0.670393,13.415621,2.0,-2.3025851,0.05,-2.8134108,0.2222222222222222,0.8636363636363636,0.494855,0.40202922
189,70.0,6,0.0,Mexico,MEX,3,0,9.760627,8.127404,46.377886,17.652334,2.0,-2.3025851,1.5,0.41210964,0.2802197802197802,0.8258426966292135,4.059892,1.6213452
190,70.0,7,3.265,Mexico,MEX,3,0,9.760627,8.127404,46.377886,17.652334,2.0,1.213428,1.5,0.41210964,0.2802197802197802,0.8258426966292135,4.059892,1.6213452
191,70.0,2,0.02,Mexico,MEX,3,0,9.760627,8.127404,46.377886,17.652334,2.0,-2.1202636,1.5,0.41210964,0.2802197802197802,0.8258426966292135,4.059892,1.6213452
192,70.0,8,0.24221199999999998,Mexico,MEX,3,0,9.760627,8.127404,46.377886,17.652334,2.0,-1.0723249,1.5,0.41210964,0.2802197802197802,0.8258426966292135,4.059892,1.6213452
193,70.0,5,0.06768,Mexico,MEX,3,0,9.760627,8.127404,46.377886,17.652334,2.0,-1.7856979,1.5,0.41210964,0.2802197802197802,0.8258426966292135,4.059892,1.6213452
194,70.0,1,0.425,Mexico,MEX,3,0,9.760627,8.127404,46.377886,17.652334,2.0,-0.644357,1.5,0.41210964,0.2802197802197802,0.8258426966292135,4.059892,1.6213452
195,70.0,3,0.04,Mexico,MEX,3,0,9.760627,9.267882,46.377886,17.652334,2.0,-1.9661129,1.5,0.41210964,0.2802197802197802,0.8258426966292135,4.059892,1.6213452
196,70.0,4,0.0,Mexico,MEX,3,0,9.760627,8.127404,46.377886,17.652334,2.0,-2.3025851,1.5,0.41210964,0.2802197802197802,0.8258426966292135,4.059892,1.6213452
197,70.0,100,0.15493,Mexico,MEX,3,0,9.760627,8.127404,46.377886,17.652334,2.0,-1.3667663,1.5,0.41210964,0.2802197802197802,0.8258426966292135,,
198,93.0,1,0.0,Nicaragua,NIC,0,1,8.579687,2.6583486,0.501836,13.126031,1.0,-2.3025851,0.0,-4.6051702,0.15730337078651685,0.9204545454545454,0.0,0.0
199,93.0,5,0.0,Nicaragua,NIC,0,1,8.579687,2.6583486,0.501836,13.126031,1.0,-2.3025851,0.0,-4.6051702,0.15730337078651685,0.9204545454545454,0.0,0.0
200,93.0,7,0.0,Nicaragua,NIC,0,1,8.579687,2.6583486,0.501836,13.126031,1.0,-2.3025851,0.0,-4.6051702,0.15730337078651685,0.9204545454545454,0.0,0.0
201,93.0,3,0.0,Nicaragua,NIC,0,1,8.579687,2.6583486,0.501836,13.126031,1.0,-2.3025851,0.0,-4.6051702,0.15730337078651685,0.9204545454545454,0.0,0.0
202,93.0,6,0.0,Nicaragua,NIC,0,1,8.579687,2.6583486,0.501836,13.126031,1.0,-2.3025851,0.0,-4.6051702,0.15730337078651685,0.9204545454545454,0.0,0.0
203,93.0,4,0.0,Nicaragua,NIC,0,1,8.579687,2.6583486,0.501836,13.126031,1.0,-2.3025851,0.0,-4.6051702,0.15730337078651685,0.9204545454545454,0.0,0.0
204,93.0,8,0.0,Nicaragua,NIC,0,1,8.579687,2.6583486,0.501836,13.126031,1.0,-2.3025851,0.0,-4.6051702,0.15730337078651685,0.9204545454545454,0.0,0.0
205,93.0,2,0.0,Nicaragua,NIC,0,1,8.579687,2.6583486,0.501836,13.126031,1.0,-2.3025851,0.0,-4.6051702,0.15730337078651685,0.9204545454545454,0.0,0.0
206,93.0,100,4.411755,Nicaragua,NIC,0,1,8.579687,2.6583486,0.501836,13.126031,1.0,1.5066862,0.0,-4.6051702,0.15730337078651685,0.9204545454545454,,
207,95.0,5,0.45467,Panama,PAN,0,0,10.010906,4.477337,7.948178,15.8884535,2.0,-0.58938193,0.21,-1.5141277,0.2777777777777778,0.8181818181818182,1.96337,1.0863271
208,95.0,4,0.0003,Panama,PAN,0,0,10.010906,4.477337,7.948178,15.8884535,2.0,-2.2995896,0.21,-1.5141277,0.2777777777777778,0.8181818181818182,1.96337,1.0863271
209,95.0,6,0.001,Panama,PAN,0,0,10.010906,4.477337,7.948178,15.8884535,2.0,-2.2926347,0.21,-1.5141277,0.2777777777777778,0.8181818181818182,1.96337,1.0863271
210,95.0,1,1.1951499999999997,Panama,PAN,0,0,10.010906,4.689631,7.948178,15.8884535,2.0,0.25862652,0.21,-1.5141277,0.2777777777777778,0.8181818181818182,1.96337,1.0863271
211,95.0,3,0.030199999999999998,Panama,PAN,0,0,10.010906,4.477337,7.948178,15.8884535,2.0,-2.0386837,0.21,-1.5141277,0.2777777777777778,0.8181818181818182,1.96337,1.0863271
212,95.0,2,0.011940000000000001,Panama,PAN,0,0,10.010906,4.477337,7.948178,15.8884535,2.0,-2.1897922,0.21,-1.5141277,0.2777777777777778,0.8181818181818182,1.96337,1.0863271
213,95.0,8,0.26710999999999996,Panama,PAN,0,0,10.010906,4.477337,7.948178,15.8884535,2.0,-1.0020938,0.21,-1.5141277,0.2777777777777778,0.8181818181818182,1.96337,1.0863271
214,95.0,7,0.003,Panama,PAN,0,0,10.010906,4.477337,7.948178,15.8884535,2.0,-2.2730262,0.21,-1.5141277,0.2777777777777778,0.8181818181818182,1.96337,1.0863271
215,95.0,100,0.0,Panama,PAN,0,0,10.010906,4.477337,7.948178,15.8884535,2.0,-2.3025851,0.21,-1.5141277,0.2777777777777778,0.8181818181818182,,
216,150.0,3,0.0,Paraguay,PRY,0,1,9.085685,2.4849067,1.431003,14.173887,2.0,-2.3025851,0.07,-2.5257287,0.2811111,0.8352272727272727,0.053295,0.051923346
217,150.0,7,0.0,Paraguay,PRY,0,1,9.085685,2.4849067,1.431003,14.173887,2.0,-2.3025851,0.07,-2.5257287,0.2811111,0.8352272727272727,0.053295,0.051923346
218,150.0,100,7.0767999999999995,Paraguay,PRY,0,1,9.085685,2.6390574,1.431003,14.173887,2.0,1.9708536,0.07,-2.5257287,0.2811111,0.8352272727272727,,
219,150.0,2,0.0,Paraguay,PRY,0,1,9.085685,2.4849067,1.431003,14.173887,2.0,-2.3025851,0.07,-2.5257287,0.2811111,0.8352272727272727,0.053295,0.051923346
220,150.0,6,0.0,Paraguay,PRY,0,1,9.085685,2.6390574,1.431003,14.173887,2.0,-2.3025851,0.07,-2.5257287,0.2811111,0.8352272727272727,0.053295,0.051923346
221,150.0,8,0.0,Paraguay,PRY,0,1,9.085685,2.4849067,1.431003,14.173887,2.0,-2.3025851,0.07,-2.5257287,0.2811111,0.8352272727272727,0.053295,0.051923346
222,150.0,5,0.0,Paraguay,PRY,0,1,9.085685,2.4849067,1.431003,14.173887,2.0,-2.3025851,0.07,-2.5257287,0.2811111,0.8352272727272727,0.053295,0.051923346
223,150.0,4,0.0,Paraguay,PRY,0,1,9.085685,2.4849067,1.431003,14.173887,2.0,-2.3025851,0.07,-2.5257287,0.2811111,0.8352272727272727,0.053295,0.051923346
224,150.0,1,0.053295,Paraguay,PRY,0,1,9.085685,2.0794415,1.431003,14.173887,2.0,-1.8753911,0.07,-2.5257287,0.2811111,0.8352272727272727,0.053295,0.051923346
225,135.0,7,1.5050000000000001,Peru,PER,3,0,9.412276,6.350886,8.508588,15.956587,2.0,0.47312376,0.6,-0.49429628,0.25824175824175827,0.8370786516853933,6.857606,2.061482
226,135.0,1,1.835,Peru,PER,3,0,9.412276,6.350886,8.508588,15.956587,2.0,0.6601073,0.6,-0.49429628,0.25824175824175827,0.8370786516853933,6.857606,2.061482
227,135.0,8,0.01,Peru,PER,3,0,9.412276,6.350886,8.508588,15.956587,2.0,-2.207275,0.6,-0.49429628,0.25824175824175827,0.8370786516853933,6.857606,2.061482
228,135.0,3,0.0815,Peru,PER,3,0,9.412276,7.222566,8.508588,15.956587,2.0,-1.7064996,0.6,-0.49429628,0.25824175824175827,0.8370786516853933,6.857606,2.061482
229,135.0,100,0.03764,Peru,PER,3,0,9.412276,5.962293,8.508588,15.956587,2.0,-1.9831136,0.6,-0.49429628,0.25824175824175827,0.8370786516853933,,
230,135.0,6,0.0,Peru,PER,3,0,9.412276,6.350886,8.508588,15.956587,2.0,-2.3025851,0.6,-0.49429628,0.25824175824175827,0.8370786516853933,6.857606,2.061482
231,135.0,2,0.0,Peru,PER,3,0,9.412276,6.350886,8.508588,15.956587,2.0,-2.3025851,0.6,-0.49429628,0.25824175824175827,0.8370786516853933,6.857606,2.061482
232,135.0,4,0.0,Peru,PER,3,0,9.412276,7.222566,8.508588,15.956587,2.0,-2.3025851,0.6,-0.49429628,0.25824175824175827,0.8370786516853933,6.857606,2.061482
233,135.0,5,3.426106,Peru,PER,3,0,9.412276,6.350886,8.508588,15.956587,2.0,1.2601942,0.6,-0.49429628,0.25824175824175827,0.8370786516853933,6.857606,2.061482
234,60.0,1,0.0,Saint Kitts and Nevis,KNA,0,1,10.112751,0.0,0.0,0.0,2.0,-2.3025851,0.0,-4.6051702,0.23170731707317074,0.8625,0.0,0.0
235,60.0,2,0.0,Saint Kitts and Nevis,KNA,0,1,10.112751,0.0,0.0,0.0,2.0,-2.3025851,0.0,-4.6051702,0.23170731707317074,0.8625,0.0,0.0
236,60.0,100,0.25625000000000003,Saint Kitts and Nevis,KNA,0,1,10.112751,0.0,0.0,0.0,2.0,-1.0321225,0.0,-4.6051702,0.23170731707317074,0.8625,,
237,60.0,6,0.0,Saint Kitts and Nevis,KNA,0,1,10.112751,0.0,0.0,0.0,2.0,-2.3025851,0.0,-4.6051702,0.23170731707317074,0.8625,0.0,0.0
238,60.0,4,0.0,Saint Kitts and Nevis,KNA,0,1,10.112751,0.0,0.0,0.0,2.0,-2.3025851,0.0,-4.6051702,0.23170731707317074,0.8625,0.0,0.0
239,60.0,7,0.0,Saint Kitts and Nevis,KNA,0,1,10.112751,0.0,0.0,0.0,2.0,-2.3025851,0.0,-4.6051702,0.23170731707317074,0.8625,0.0,0.0
240,60.0,5,0.0,Saint Kitts and Nevis,KNA,0,1,10.112751,0.0,0.0,0.0,2.0,-2.3025851,0.0,-4.6051702,0.23170731707317074,0.8625,0.0,0.0
241,60.0,8,0.0,Saint Kitts and Nevis,KNA,0,1,10.112751,0.0,0.0,0.0,2.0,-2.3025851,0.0,-4.6051702,0.23170731707317074,0.8625,0.0,0.0
242,60.0,3,0.0,Saint Kitts and Nevis,KNA,0,1,10.112751,0.0,0.0,0.0,2.0,-2.3025851,0.0,-4.6051702,0.23170731707317074,0.8625,0.0,0.0
243,56.0,5,0.0,Saint Lucia,LCA,0,1,9.469068,0.0,0.0,0.0,2.0,-2.3025851,0.0,-4.6051702,0.21348314606741572,0.8620689655172413,0.0,0.0
244,56.0,8,0.0,Saint Lucia,LCA,0,1,9.469068,0.0,0.0,0.0,2.0,-2.3025851,0.0,-4.6051702,0.21348314606741572,0.8620689655172413,0.0,0.0
245,56.0,4,0.0,Saint Lucia,LCA,0,1,9.469068,0.0,0.0,0.0,2.0,-2.3025851,0.0,-4.6051702,0.21348314606741572,0.8620689655172413,0.0,0.0
246,56.0,2,0.0,Saint Lucia,LCA,0,1,9.469068,0.0,0.0,0.0,2.0,-2.3025851,0.0,-4.6051702,0.21348314606741572,0.8620689655172413,0.0,0.0
247,56.0,3,0.0,Saint Lucia,LCA,0,1,9.469068,0.0,0.0,0.0,2.0,-2.3025851,0.0,-4.6051702,0.21348314606741572,0.8620689655172413,0.0,0.0
248,56.0,7,0.0,Saint Lucia,LCA,0,1,9.469068,0.0,0.0,0.0,2.0,-2.3025851,0.0,-4.6051702,0.21348314606741572,0.8620689655172413,0.0,0.0
249,56.0,1,0.0,Saint Lucia,LCA,0,1,9.469068,0.0,0.0,0.0,2.0,-2.3025851,0.0,-4.6051702,0.21348314606741572,0.8620689655172413,0.0,0.0
250,56.0,100,0.07187500000000001,Saint Lucia,LCA,0,1,9.469068,0.0,0.0,0.0,2.0,-1.7609878,0.0,-4.6051702,0.21348314606741572,0.8620689655172413,,
251,56.0,6,0.0,Saint Lucia,LCA,0,1,9.469068,0.0,0.0,0.0,2.0,-2.3025851,0.0,-4.6051702,0.21348314606741572,0.8620689655172413,0.0,0.0
252,57.0,8,0.0,Saint Vincent and the Granadines,VCT,0,1,9.305741,0.0,0.0,0.0,2.0,-2.3025851,0.0,-4.6051702,0.19886363636363635,0.877906976744186,0.0,0.0
253,57.0,5,0.0,Saint Vincent and the Granadines,VCT,0,1,9.305741,0.0,0.0,0.0,2.0,-2.3025851,0.0,-4.6051702,0.19886363636363635,0.877906976744186,0.0,0.0
254,57.0,7,0.0,Saint Vincent and the Granadines,VCT,0,1,9.305741,0.0,0.0,0.0,2.0,-2.3025851,0.0,-4.6051702,0.19886363636363635,0.877906976744186,0.0,0.0
255,57.0,4,0.0,Saint Vincent and the Granadines,VCT,0,1,9.305741,0.0,0.0,0.0,2.0,-2.3025851,0.0,-4.6051702,0.19886363636363635,0.877906976744186,0.0,0.0
256,57.0,2,0.0,Saint Vincent and the Granadines,VCT,0,1,9.305741,0.0,0.0,0.0,2.0,-2.3025851,0.0,-4.6051702,0.19886363636363635,0.877906976744186,0.0,0.0
257,57.0,100,0.354,Saint Vincent and the Granadines,VCT,0,1,9.305741,0.0,0.0,0.0,2.0,-0.78965807,0.0,-4.6051702,0.19886363636363635,0.877906976744186,,
258,57.0,3,0.0,Saint Vincent and the Granadines,VCT,0,1,9.305741,0.0,0.0,0.0,2.0,-2.3025851,0.0,-4.6051702,0.19886363636363635,0.877906976744186,0.0,0.0
259,57.0,1,0.0,Saint Vincent and the Granadines,VCT,0,1,9.305741,0.0,0.0,0.0,2.0,-2.3025851,0.0,-4.6051702,0.19886363636363635,0.877906976744186,0.0,0.0
260,57.0,6,0.0,Saint Vincent and the Granadines,VCT,0,1,9.305741,0.0,0.0,0.0,2.0,-2.3025851,0.0,-4.6051702,0.19886363636363635,0.877906976744186,0.0,0.0
261,115.0,3,0.0,Suriname,SUR,0,0,9.530109,0.6931472,0.234717,12.36614,2.0,-2.3025851,0.02,-3.506558,0.2011211,0.8908045977011494,0.24065,0.21563543
262,115.0,2,0.0,Suriname,SUR,0,0,9.530109,0.22314355,0.234717,12.36614,2.0,-2.3025851,0.02,-3.506558,0.2011211,0.8908045977011494,0.24065,0.21563543
263,115.0,5,0.0086,Suriname,SUR,0,0,9.530109,0.22314355,0.234717,12.36614,2.0,-2.220084,0.02,-3.506558,0.2011211,0.8908045977011494,0.24065,0.21563543
264,115.0,1,0.0045,Suriname,SUR,0,0,9.530109,0.6931472,0.234717,12.36614,2.0,-2.2585683,0.02,-3.506558,0.2011211,0.8908045977011494,0.24065,0.21563543
265,115.0,4,0.0,Suriname,SUR,0,0,9.530109,0.6931472,0.234717,12.36614,2.0,-2.3025851,0.02,-3.506558,0.2011211,0.8908045977011494,0.24065,0.21563543
266,115.0,8,0.00555,Suriname,SUR,0,0,9.530109,0.6931472,0.234717,12.36614,2.0,-2.2485704,0.02,-3.506558,0.2011211,0.8908045977011494,0.24065,0.21563543
267,115.0,7,0.222,Suriname,SUR,0,0,9.530109,0.22314355,0.234717,12.36614,2.0,-1.1332037,0.02,-3.506558,0.2011211,0.8908045977011494,0.24065,0.21563543
268,115.0,6,0.0,Suriname,SUR,0,0,9.530109,0.6931472,0.234717,12.36614,2.0,-2.3025851,0.02,-3.506558,0.2011211,0.8908045977011494,0.24065,0.21563543
269,115.0,100,0.0,Suriname,SUR,0,0,9.530109,0.6931472,0.234717,12.36614,2.0,-2.3025851,0.02,-3.506558,0.2011211,0.8908045977011494,,
270,52.0,8,0.0,Trinidad and Tobago,TTO,0,0,10.266883,2.1972246,0.363467,12.803447,2.0,-2.3025851,0.0,-4.6051702,0.25,0.8533333333333334,0.87606,0.6291738
271,52.0,5,0.0,Trinidad and Tobago,TTO,0,0,10.266883,2.1972246,0.363467,12.803447,2.0,-2.3025851,0.0,-4.6051702,0.25,0.8533333333333334,0.87606,0.6291738
272,52.0,4,0.0,Trinidad and Tobago,TTO,0,0,10.266883,2.1972246,0.363467,12.803447,2.0,-2.3025851,0.0,-4.6051702,0.25,0.8533333333333334,0.87606,0.6291738
273,52.0,6,0.0,Trinidad and Tobago,TTO,0,0,10.266883,2.1972246,0.363467,12.803447,2.0,-2.3025851,0.0,-4.6051702,0.25,0.8533333333333334,0.87606,0.6291738
274,52.0,2,0.00359,Trinidad and Tobago,TTO,0,0,10.266883,2.1972246,0.363467,12.803447,2.0,-2.2673144,0.0,-4.6051702,0.25,0.8533333333333334,0.87606,0.6291738
275,52.0,100,0.0,Trinidad and Tobago,TTO,0,0,10.266883,2.1812239,0.363467,12.803447,2.0,-2.3025851,0.0,-4.6051702,0.25,0.8533333333333334,,
276,52.0,3,0.00359,Trinidad and Tobago,TTO,0,0,10.266883,2.1972246,0.363467,12.803447,2.0,-2.2673144,0.0,-4.6051702,0.25,0.8533333333333334,0.87606,0.6291738
277,52.0,7,0.0,Trinidad and Tobago,TTO,0,0,10.266883,2.1972246,0.363467,12.803447,2.0,-2.3025851,0.0,-4.6051702,0.25,0.8533333333333334,0.87606,0.6291738
278,52.0,1,0.8688799999999999,Trinidad and Tobago,TTO,0,0,10.266883,2.1972246,0.363467,12.803447,2.0,-0.031614512,0.0,-4.6051702,0.25,0.8533333333333334,0.87606,0.6291738
279,165.0,7,1.244,Uruguay,URY,2,0,9.930733,2.3782222,1.949787,14.483232,3.0,0.29565024,0.0,-4.6051702,0.23626373626373626,0.8595505617977528,1.71037,0.99708515
280,165.0,6,0.0,Uruguay,URY,2,0,9.930733,2.3782222,1.949787,14.483232,3.0,-2.3025851,0.0,-4.6051702,0.23626373626373626,0.8595505617977528,1.71037,0.99708515
281,165.0,8,0.0,Uruguay,URY,2,0,9.930733,2.6827323,1.949787,14.483232,3.0,-2.3025851,0.0,-4.6051702,0.23626373626373626,0.8595505617977528,1.71037,0.99708515
282,165.0,5,0.23638000000000003,Uruguay,URY,2,0,9.930733,3.0910425,1.949787,14.483232,3.0,-1.0895138,0.0,-4.6051702,0.23626373626373626,0.8595505617977528,1.71037,0.99708515
283,165.0,100,0.0,Uruguay,URY,2,0,9.930733,2.3782222,1.949787,14.483232,3.0,-2.3025851,0.0,-4.6051702,0.23626373626373626,0.8595505617977528,,
284,165.0,4,0.0,Uruguay,URY,2,0,9.930733,2.8332133,1.949787,14.483232,3.0,-2.3025851,0.0,-4.6051702,0.23626373626373626,0.8595505617977528,1.71037,0.99708515
285,165.0,2,0.045520000000000005,Uruguay,URY,2,0,9.930733,2.3782222,1.949787,14.483232,3.0,-1.9274417,0.0,-4.6051702,0.23626373626373626,0.8595505617977528,1.71037,0.99708515
286,165.0,3,0.148,Uruguay,URY,2,0,9.930733,2.3782222,1.949787,14.483232,3.0,-1.3943266,0.0,-4.6051702,0.23626373626373626,0.8595505617977528,1.71037,0.99708515
287,165.0,1,0.03647,Uruguay,URY,2,0,9.930733,2.3782222,1.949787,14.483232,3.0,-1.9916505,0.0,-4.6051702,0.23626373626373626,0.8595505617977528,1.71037,0.99708515
288,101.0,1,41.229907000000004,Venezuela,VEN,3,0,9.725915,1.8718022,0.0,0.0,1.0,3.7215865,0.11,-2.1202636,0.16292134831460675,0.9034090909090909,45.549522,3.8405168
289,101.0,3,0.0,Venezuela,VEN,3,0,9.725915,2.3978953,0.0,0.0,1.0,-2.3025851,0.11,-2.1202636,0.16292134831460675,0.9034090909090909,45.549522,3.8405168
290,101.0,7,0.0,Venezuela,VEN,3,0,9.725915,2.1972246,0.0,0.0,1.0,-2.3025851,0.11,-2.1202636,0.16292134831460675,0.9034090909090909,45.549522,3.8405168
291,101.0,6,0.0,Venezuela,VEN,3,0,9.725915,2.1972246,0.0,0.0,1.0,-2.3025851,0.11,-2.1202636,0.16292134831460675,0.9034090909090909,45.549522,3.8405168
292,101.0,5,2.134907,Venezuela,VEN,3,0,9.725915,2.3978953,0.0,0.0,1.0,0.80419964,0.11,-2.1202636,0.16292134831460675,0.9034090909090909,45.549522,3.8405168
293,101.0,4,0.0,Venezuela,VEN,3,0,9.725915,2.3978953,0.0,0.0,1.0,-2.3025851,0.11,-2.1202636,0.16292134831460675,0.9034090909090909,45.549522,3.8405168
294,101.0,8,2.184707,Venezuela,VEN,3,0,9.725915,2.3978953,0.0,0.0,1.0,0.8262378,0.11,-2.1202636,0.16292134831460675,0.9034090909090909,45.549522,3.8405168
295,101.0,100,0.0085,Venezuela,VEN,3,0,9.725915,2.3978953,0.0,0.0,1.0,-2.2210052,0.11,-2.1202636,0.16292134831460675,0.9034090909090909,,
296,101.0,2,0.0,Venezuela,VEN,3,0,9.725915,2.1972246,0.0,0.0,1.0,-2.3025851,0.11,-2.1202636,0.16292134831460675,0.9034090909090909,45.549522,3.8405168
