school_id,academic_year,e_learning_implemented,average_test_score,average_class_size,school_funding,urban_location,high_school_level
1,0,0,45.71931995857825,6,9,1,1
1,1,0,47.52374836303493,6,9,1,1
1,2,0,47.83655139942847,6,9,1,1
1,3,0,48.34266158748264,6,9,1,1
1,4,1,51.9877485142361,6,9,1,1
1,5,1,56.71201648882662,6,9,1,1
1,6,1,56.417439582665935,6,9,1,1
1,7,1,54.624949181030495,6,9,1,1
1,8,1,56.42615967202035,6,9,1,1
1,9,1,55.0575867383353,6,9,1,1
2,0,0,48.56523740029824,4,9,0,1
2,1,0,48.90564975759949,4,9,0,1
2,2,0,48.18874770141876,4,9,0,1
2,3,0,48.04782705188629,4,9,0,1
2,4,0,44.695146934188095,4,9,0,1
2,5,0,49.112326969132006,4,9,0,1
2,6,0,46.93170426149978,4,9,0,1
2,7,0,46.72882948451437,4,9,0,1
2,8,0,48.44451396275692,4,9,0,1
2,9,1,58.82024299721764,4,9,0,1
3,0,0,48.33355142265353,2,12,1,1
3,1,0,48.22598252342097,2,12,1,1
3,2,0,48.03292541834466,2,12,1,1
3,3,1,56.655468454905055,2,12,1,1
3,4,1,52.57285060961201,2,12,1,1
3,5,1,57.81261736585508,2,12,1,1
3,6,1,54.98894151685941,2,12,1,1
3,7,1,56.7498865710232,2,12,1,1
3,8,1,57.02876652906653,2,12,1,1
3,9,1,55.81627143049381,2,12,1,1
4,0,0,44.49105755739763,3,11,1,1
4,1,0,46.91236893061533,3,11,1,1
4,2,0,46.444561413416224,3,11,1,1
4,3,0,49.26373801654229,3,11,1,1
4,4,0,43.01623451985907,3,11,1,1
4,5,0,47.42011464856177,3,11,1,1
4,6,0,45.2365775328479,3,11,1,1
4,7,0,45.19074638638397,3,11,1,1
4,8,0,46.67860185410117,3,11,1,1
4,9,0,45.95743372433135,3,11,1,1
5,0,0,43.73050105078456,5,10,1,0
5,1,0,46.56669236905313,5,10,1,0
5,2,1,53.50447980932079,5,10,1,0
5,3,1,55.17172852078973,5,10,1,0
5,4,1,50.17064226583315,5,10,1,0
5,5,1,54.53733570368345,5,10,1,0
5,6,1,51.50407369132187,5,10,1,0
5,7,1,54.79903463459583,5,10,1,0
5,8,1,53.3699181823829,5,10,1,0
5,9,1,52.75831008491886,5,10,1,0
6,0,0,46.46731345074262,5,6,1,0
6,1,0,45.39235901389164,5,6,1,0
6,2,0,48.23221035614274,5,6,1,0
6,3,0,46.602018353926375,5,6,1,0
6,4,0,43.56729059028213,5,6,1,0
6,5,0,48.5299694050631,5,6,1,0
6,6,0,44.98915908962378,5,6,1,0
6,7,0,46.462218980583565,5,6,1,0
6,8,0,46.46934369512768,5,6,1,0
6,9,1,54.1838892045712,5,6,1,0
7,0,0,47.13164971918974,7,6,0,1
7,1,0,46.84412372516796,7,6,0,1
7,2,0,47.52061368805333,7,6,0,1
7,3,0,48.62613341603978,7,6,0,1
7,4,0,46.1808792618136,7,6,0,1
7,5,0,45.81030835681805,7,6,0,1
7,6,1,54.11308637517508,7,6,0,1
7,7,1,55.81727171799063,7,6,0,1
7,8,1,56.086600692928776,7,6,0,1
7,9,1,55.09289134364699,7,6,0,1
8,0,0,48.08588192850303,6,7,0,1
8,1,0,47.6674772376842,6,7,0,1
8,2,0,47.67532310196735,6,7,0,1
8,3,1,57.65377067097931,6,7,0,1
8,4,1,52.6966401593791,6,7,0,1
8,5,1,58.2637091072044,6,7,0,1
8,6,1,57.458537537173626,6,7,0,1
8,7,1,55.13936047678717,6,7,0,1
8,8,1,56.41170777927749,6,7,0,1
8,9,1,57.68552437126358,6,7,0,1
9,0,0,46.97393401600808,2,5,1,0
9,1,0,47.73501432093973,2,5,1,0
9,2,0,47.17603032574522,2,5,1,0
9,3,0,48.56001620068523,2,5,1,0
9,4,0,42.61830667886385,2,5,1,0
9,5,0,48.17949712393854,2,5,1,0
9,6,0,46.34927920168565,2,5,1,0
9,7,0,45.48833616891958,2,5,1,0
9,8,1,57.62857660576594,2,5,1,0
9,9,1,54.942052195823166,2,5,1,0
10,0,0,47.599684655123205,6,6,0,1
10,1,0,48.26378849800571,6,6,0,1
10,2,0,46.25227074087872,6,6,0,1
10,3,0,46.32745862187267,6,6,0,1
10,4,0,47.14425483387518,6,6,0,1
10,5,0,47.41369076504551,6,6,0,1
10,6,0,45.57107535082911,6,6,0,1
10,7,0,48.0244485690597,6,6,0,1
10,8,0,47.637883525876845,6,6,0,1
10,9,0,46.109144906661,6,6,0,1
11,0,0,47.91615496398728,4,7,0,1
11,1,0,48.85179523097083,4,7,0,1
11,2,0,49.97047891692176,4,7,0,1
11,3,1,58.69792251383288,4,7,0,1
11,4,1,51.62014866828624,4,7,0,1
11,5,1,57.9118651120942,4,7,0,1
11,6,1,57.538065357011774,4,7,0,1
11,7,1,56.53667239243349,4,7,0,1
11,8,1,56.64980133217998,4,7,0,1
11,9,1,56.03086523906024,4,7,0,1
12,0,0,47.96450930462411,0,14,1,1
12,1,0,48.60264539751696,0,14,1,1
12,2,0,48.27152150129079,0,14,1,1
12,3,0,48.8504793638705,0,14,1,1
12,4,0,46.19398016357377,0,14,1,1
12,5,0,48.0845883988383,0,14,1,1
12,6,0,48.28227984773368,0,14,1,1
12,7,0,45.99591301140239,0,14,1,1
12,8,0,49.50946787299745,0,14,1,1
12,9,0,47.11847445039815,0,14,1,1
13,0,0,47.29506502764291,5,5,1,0
13,1,0,48.29031523819009,5,5,1,0
13,2,0,47.73725630203899,5,5,1,0
13,3,0,49.35109091621612,5,5,1,0
13,4,0,42.267623447038574,5,5,1,0
13,5,0,46.69482240959256,5,5,1,0
13,6,0,47.795006563130265,5,5,1,0
13,7,0,47.79418456775772,5,5,1,0
13,8,0,49.28096625801379,5,5,1,0
13,9,0,49.64241446248766,5,5,1,0
14,0,0,47.50687540913408,7,9,1,0
14,1,0,48.83186954008053,7,9,1,0
14,2,0,49.13475272837337,7,9,1,0
14,3,0,49.18871299928271,7,9,1,0
14,4,0,47.66172295180127,7,9,1,0
14,5,0,48.72233011294536,7,9,1,0
14,6,0,47.9759381430891,7,9,1,0
14,7,0,48.14867261078521,7,9,1,0
14,8,1,56.95452423809049,7,9,1,0
14,9,1,56.52202774341925,7,9,1,0
15,0,0,45.95255538748695,3,6,0,1
15,1,0,47.06710224468181,3,6,0,1
15,2,0,47.17796900036207,3,6,0,1
15,3,0,45.86242045426927,3,6,0,1
15,4,0,42.171319287114734,3,6,0,1
15,5,0,47.69836285831947,3,6,0,1
15,6,0,44.01073709201453,3,6,0,1
15,7,0,45.46589686858599,3,6,0,1
15,8,0,47.0881233942756,3,6,0,1
15,9,0,46.40412574673945,3,6,0,1
16,0,0,47.50881630859551,4,8,0,0
16,1,0,48.20396804457925,4,8,0,0
16,2,0,47.72383725063716,4,8,0,0
16,3,0,51.19231975948088,4,8,0,0
16,4,0,45.208874235730114,4,8,0,0
16,5,1,57.05252415392575,4,8,0,0
16,6,1,55.028670404389565,4,8,0,0
16,7,1,55.20533860107398,4,8,0,0
16,8,1,55.874408794832895,4,8,0,0
16,9,1,56.442309226137866,4,8,0,0
17,0,0,48.27018629335104,3,6,1,1
17,1,0,48.2930680184144,3,6,1,1
17,2,1,57.26909094373747,3,6,1,1
17,3,1,57.247068071025566,3,6,1,1
17,4,1,52.706791411897925,3,6,1,1
17,5,1,56.98378777168209,3,6,1,1
17,6,1,54.92317783719211,3,6,1,1
17,7,1,55.31431182796011,3,6,1,1
17,8,1,55.19918696253063,3,6,1,1
17,9,1,54.45704061282118,3,6,1,1
18,0,0,48.29291584197552,2,9,0,0
18,1,0,47.84894792564205,2,9,0,0
18,2,0,47.981249385677714,2,9,0,0
18,3,0,47.61144958903573,2,9,0,0
18,4,0,46.14439918139087,2,9,0,0
18,5,0,50.2881721728471,2,9,0,0
18,6,1,55.56728790728812,2,9,0,0
18,7,1,56.13061130102137,2,9,0,0
18,8,1,55.13865512320616,2,9,0,0
18,9,1,57.3625262695282,2,9,0,0
19,0,0,46.89960632427529,1,8,1,1
19,1,0,47.08069477499834,1,8,1,1
19,2,0,46.969001902620526,1,8,1,1
19,3,0,47.808657696884566,1,8,1,1
19,4,0,45.28015156407757,1,8,1,1
19,5,0,47.72048678582123,1,8,1,1
19,6,0,46.07757934435226,1,8,1,1
19,7,0,46.27742476467272,1,8,1,1
19,8,0,46.60746970913188,1,8,1,1
19,9,0,45.95624688159717,1,8,1,1
20,0,0,46.14833890512546,2,13,1,0
20,1,0,48.60722695785604,2,13,1,0
20,2,0,49.88016293834406,2,13,1,0
20,3,0,48.170540805997966,2,13,1,0
20,4,0,45.55368088533949,2,13,1,0
20,5,0,48.62991176711573,2,13,1,0
20,6,0,47.70056078585868,2,13,1,0
20,7,0,48.1856174293006,2,13,1,0
20,8,0,47.44716543022689,2,13,1,0
20,9,1,55.055631740169545,2,13,1,0
21,0,0,48.495912475059534,3,12,1,0
21,1,0,48.51304873193443,3,12,1,0
21,2,0,47.82835313983168,3,12,1,0
21,3,0,51.658421163777454,3,12,1,0
21,4,0,46.272419786531465,3,12,1,0
21,5,0,48.796603015244656,3,12,1,0
21,6,0,48.28136711683751,3,12,1,0
21,7,0,49.11674553612616,3,12,1,0
21,8,0,49.45288921731229,3,12,1,0
21,9,1,56.89010274621222,3,12,1,0
22,0,0,48.92355506711852,5,8,1,1
22,1,0,49.458622328876224,5,8,1,1
22,2,0,48.61406646178485,5,8,1,1
22,3,1,59.806923603457655,5,8,1,1
22,4,1,53.69285946347454,5,8,1,1
22,5,1,57.508790236207375,5,8,1,1
22,6,1,57.93749598318827,5,8,1,1
22,7,1,56.6987612853144,5,8,1,1
22,8,1,58.01110930809779,5,8,1,1
22,9,1,57.42573178375396,5,8,1,1
23,0,0,50.4425808313715,3,10,1,1
23,1,0,50.508251307673696,3,10,1,1
23,2,0,48.96332335222072,3,10,1,1
23,3,0,48.78965286536064,3,10,1,1
23,4,0,45.59106700327519,3,10,1,1
23,5,0,49.470944592346726,3,10,1,1
23,6,0,50.48078242394255,3,10,1,1
23,7,0,47.67890798982231,3,10,1,1
23,8,0,49.93826858391061,3,10,1,1
23,9,0,50.03859583644251,3,10,1,1
24,0,0,47.128737697429486,5,8,1,1
24,1,0,47.7403211743925,5,8,1,1
24,2,0,46.77669153252661,5,8,1,1
24,3,0,49.34235170930688,5,8,1,1
24,4,0,44.86507988667292,5,8,1,1
24,5,0,47.76824162644735,5,8,1,1
24,6,0,47.48363729314677,5,8,1,1
24,7,0,46.70021727986159,5,8,1,1
24,8,0,47.72125627811108,5,8,1,1
24,9,0,47.36623085871671,5,8,1,1
25,0,0,45.89159709953256,3,11,1,1
25,1,0,47.029445811335016,3,11,1,1
25,2,0,47.241586777570895,3,11,1,1
25,3,0,48.33894204091222,3,11,1,1
25,4,0,43.322589671618005,3,11,1,1
25,5,1,57.12949408886431,3,11,1,1
25,6,1,54.40983796034995,3,11,1,1
25,7,1,54.33369229700594,3,11,1,1
25,8,1,55.09182491447218,3,11,1,1
25,9,1,55.09139084210727,3,11,1,1
26,0,0,48.0552022386148,4,8,1,0
26,1,0,49.10779970592272,4,8,1,0
26,2,0,48.31426112113285,4,8,1,0
26,3,0,49.50835181833177,4,8,1,0
26,4,0,45.51940628617997,4,8,1,0
26,5,0,47.93721951731547,4,8,1,0
26,6,0,49.57056238009712,4,8,1,0
26,7,0,45.40939078288687,4,8,1,0
26,8,0,47.21147900797619,4,8,1,0
26,9,0,48.18838157014933,4,8,1,0
27,0,0,48.48899006787023,4,7,1,0
27,1,0,48.83564400854012,4,7,1,0
27,2,1,56.57134280743655,4,7,1,0
27,3,1,58.67434027709712,4,7,1,0
27,4,1,54.8751721025883,4,7,1,0
27,5,1,55.91495586174775,4,7,1,0
27,6,1,57.12162885648523,4,7,1,0
27,7,1,56.40483026038533,4,7,1,0
27,8,1,56.30772086593363,4,7,1,0
27,9,1,55.67059042070126,4,7,1,0
28,0,0,45.99273520674583,5,5,1,1
28,1,0,48.51999008641888,5,5,1,1
28,2,0,46.72123450182835,5,5,1,1
28,3,1,57.7546043207634,5,5,1,1
28,4,1,54.121987646216304,5,5,1,1
28,5,1,56.06100499599356,5,5,1,1
28,6,1,55.637919557182,5,5,1,1
28,7,1,56.668216945069005,5,5,1,1
28,8,1,55.39850388039408,5,5,1,1
28,9,1,54.59270153998752,5,5,1,1
29,0,0,44.6676937633327,0,11,1,1
29,1,0,46.55641554266713,0,11,1,1
29,2,0,43.70031571116947,0,11,1,1
29,3,0,44.60787320334076,0,11,1,1
29,4,0,41.535127461733,0,11,1,1
29,5,1,54.63706392200838,0,11,1,1
29,6,1,53.20914638868523,0,11,1,1
29,7,1,52.98233390686695,0,11,1,1
29,8,1,54.779694481640206,0,11,1,1
29,9,1,53.73084237095195,0,11,1,1
30,0,0,48.18585668127849,3,5,1,1
30,1,0,48.42472995291734,3,5,1,1
30,2,0,48.62672748158703,3,5,1,1
30,3,0,47.76441619850193,3,5,1,1
30,4,0,46.487684267727154,3,5,1,1
30,5,0,48.76782536359356,3,5,1,1
30,6,0,45.18072356934032,3,5,1,1
30,7,0,47.725095717350776,3,5,1,1
30,8,0,46.97127740979132,3,5,1,1
30,9,0,47.4083875813833,3,5,1,1
31,0,0,46.24290971127584,1,12,1,0
31,1,0,45.68216788446573,1,12,1,0
31,2,0,46.863734756968,1,12,1,0
31,3,0,47.566189014345376,1,12,1,0
31,4,0,43.404659800796615,1,12,1,0
31,5,0,45.205245002162,1,12,1,0
31,6,0,46.67250578773664,1,12,1,0
31,7,0,46.67853949094032,1,12,1,0
31,8,0,48.12748167729323,1,12,1,0
31,9,0,46.742173525337805,1,12,1,0
32,0,0,49.42244551583312,2,10,1,1
32,1,0,48.89718525847261,2,10,1,1
32,2,0,48.13606515164997,2,10,1,1
32,3,0,48.83852627931372,2,10,1,1
32,4,0,45.337599250429626,2,10,1,1
32,5,0,48.04294525080893,2,10,1,1
32,6,1,56.37900488018192,2,10,1,1
32,7,1,55.10672237658694,2,10,1,1
32,8,1,56.54111938512252,2,10,1,1
32,9,1,56.91489378504218,2,10,1,1
33,0,0,49.44673468200422,4,7,0,0
33,1,0,48.841346728949695,4,7,0,0
33,2,0,50.19669602592084,4,7,0,0
33,3,0,53.42273691997827,4,7,0,0
33,4,0,47.72132470142599,4,7,0,0
33,5,0,50.72454899190327,4,7,0,0
33,6,0,50.58609484140501,4,7,0,0
33,7,0,50.50783588256856,4,7,0,0
33,8,0,49.87049594920114,4,7,0,0
33,9,0,50.55127162720296,4,7,0,0
34,0,0,48.065540454801386,3,4,1,1
34,1,0,46.945462088432926,3,4,1,1
34,2,0,44.822307062207074,3,4,1,1
34,3,0,46.97450713280175,3,4,1,1
34,4,0,45.56206709708563,3,4,1,1
34,5,0,47.37669978547064,3,4,1,1
34,6,0,46.83349427664939,3,4,1,1
34,7,0,47.90562694605054,3,4,1,1
34,8,0,46.83833516734872,3,4,1,1
34,9,0,46.490451643940425,3,4,1,1
35,0,0,48.70389876554293,5,10,1,1
35,1,1,58.21333082479892,5,10,1,1
35,2,1,56.60386105100672,5,10,1,1
35,3,1,57.925503282201895,5,10,1,1
35,4,1,56.15562983606418,5,10,1,1
35,5,1,59.23562090569816,5,10,1,1
35,6,1,57.6598864624116,5,10,1,1
35,7,1,57.35603754559449,5,10,1,1
35,8,1,57.43876635580139,5,10,1,1
35,9,1,55.13939452088423,5,10,1,1
36,0,0,47.25593258795205,2,10,1,1
36,1,0,47.84271535482246,2,10,1,1
36,2,0,47.951252267694265,2,10,1,1
36,3,0,49.057866199212704,2,10,1,1
36,4,0,48.64499061052571,2,10,1,1
36,5,0,49.2492785625664,2,10,1,1
36,6,0,46.50017767764457,2,10,1,1
36,7,1,58.48729267199459,2,10,1,1
36,8,1,58.38146671960462,2,10,1,1
36,9,1,56.37005471243295,2,10,1,1
37,0,0,47.60859798193095,3,9,0,1
37,1,0,49.23146923108527,3,9,0,1
37,2,1,56.98591020339367,3,9,0,1
37,3,1,56.49700161976221,3,9,0,1
37,4,1,54.630441452398834,3,9,0,1
37,5,1,57.16448089058569,3,9,0,1
37,6,1,56.44261856398655,3,9,0,1
37,7,1,56.3262892719426,3,9,0,1
37,8,1,58.11065522678282,3,9,0,1
37,9,1,54.91166994428707,3,9,0,1
38,0,0,50.88316490781157,5,7,1,0
38,1,0,49.271730834726846,5,7,1,0
38,2,0,48.60106309705039,5,7,1,0
38,3,0,50.30031526252905,5,7,1,0
38,4,0,47.44444031064956,5,7,1,0
38,5,0,50.37934903222519,5,7,1,0
38,6,0,48.540676607010965,5,7,1,0
38,7,1,56.61938649379751,5,7,1,0
38,8,1,57.46341299637328,5,7,1,0
38,9,1,56.691159410175366,5,7,1,0
39,0,0,49.06843002687842,4,7,0,1
39,1,0,48.67663612668037,4,7,0,1
39,2,0,48.47093532037948,4,7,0,1
39,3,0,48.70026342388935,4,7,0,1
39,4,0,44.32929034662992,4,7,0,1
39,5,0,49.0264214381634,4,7,0,1
39,6,0,47.54317202737308,4,7,0,1
39,7,0,46.12900486533882,4,7,0,1
39,8,0,48.5783115711035,4,7,0,1
39,9,0,48.58083247136677,4,7,0,1
40,0,0,49.154113667254045,6,5,1,1
40,1,0,49.79526654354002,6,5,1,1
40,2,0,47.78837953910058,6,5,1,1
40,3,0,50.16740440683356,6,5,1,1
40,4,0,45.3386013092061,6,5,1,1
40,5,0,48.17195536889548,6,5,1,1
40,6,0,47.192962424456695,6,5,1,1
40,7,1,55.94172742460549,6,5,1,1
40,8,1,57.625236118480245,6,5,1,1
40,9,1,56.37957283181543,6,5,1,1
41,0,0,43.89870876295775,5,9,1,0
41,1,1,53.84944395770904,5,9,1,0
41,2,1,53.03709442534644,5,9,1,0
41,3,1,54.74457624922984,5,9,1,0
41,4,1,51.106105786840295,5,9,1,0
41,5,1,54.899707022510775,5,9,1,0
41,6,1,52.16125077224729,5,9,1,0
41,7,1,53.75158501211093,5,9,1,0
41,8,1,54.23294914178344,5,9,1,0
41,9,1,53.147498936852976,5,9,1,0
42,0,0,49.12375863650337,8,8,0,1
42,1,0,47.82745150612436,8,8,0,1
42,2,0,49.669186764181454,8,8,0,1
42,3,0,48.437566603691536,8,8,0,1
42,4,0,44.65659670730979,8,8,0,1
42,5,1,57.28725283820548,8,8,0,1
42,6,1,56.93999145435279,8,8,0,1
42,7,1,56.84741212806664,8,8,0,1
42,8,1,57.1872292678932,8,8,0,1
42,9,1,55.93915953851006,8,8,0,1
43,0,0,49.04524346463626,3,5,1,1
43,1,0,52.01255198667253,3,5,1,1
43,2,0,49.07758733012111,3,5,1,1
43,3,0,51.163828864944165,3,5,1,1
43,4,0,46.87947284057645,3,5,1,1
43,5,0,48.988112937888864,3,5,1,1
43,6,0,47.51001336485337,3,5,1,1
43,7,0,48.49678816777015,3,5,1,1
43,8,0,49.63647690946968,3,5,1,1
43,9,0,47.34691229311844,3,5,1,1
44,0,0,48.23727561752528,4,4,1,1
44,1,0,47.58937221069116,4,4,1,1
44,2,0,48.27085865601629,4,4,1,1
44,3,1,58.02392050436659,4,4,1,1
44,4,1,55.45154077179189,4,4,1,1
44,5,1,57.63725596788888,4,4,1,1
44,6,1,56.375591969353,4,4,1,1
44,7,1,55.05349297195043,4,4,1,1
44,8,1,58.19741006941938,4,4,1,1
44,9,1,57.97788601431998,4,4,1,1
45,0,0,47.62259513409606,1,9,1,1
45,1,0,46.53048628399097,1,9,1,1
45,2,0,47.44687299032216,1,9,1,1
45,3,0,48.285539654857374,1,9,1,1
45,4,0,42.62858949379692,1,9,1,1
45,5,0,46.92451752527635,1,9,1,1
45,6,1,54.869847628676936,1,9,1,1
45,7,1,55.41903108983537,1,9,1,1
45,8,1,55.97305829012349,1,9,1,1
45,9,1,54.09948411248406,1,9,1,1
46,0,0,47.9460626108168,4,4,1,1
46,1,0,46.411186944864376,4,4,1,1
46,2,0,47.438506927145305,4,4,1,1
46,3,0,47.87509886307666,4,4,1,1
46,4,0,45.63648590716298,4,4,1,1
46,5,0,49.69722882077168,4,4,1,1
46,6,0,49.14208994223661,4,4,1,1
46,7,0,48.5344487758693,4,4,1,1
46,8,0,47.817551452846686,4,4,1,1
46,9,0,47.63662077080392,4,4,1,1
47,0,0,48.663869468564485,5,6,0,1
47,1,0,49.25210189181578,5,6,0,1
47,2,0,49.35229487423543,5,6,0,1
47,3,0,50.64874553272561,5,6,0,1
47,4,0,45.74459030374721,5,6,0,1
47,5,0,49.05413945936453,5,6,0,1
47,6,0,49.15076035774654,5,6,0,1
47,7,0,46.372687907358745,5,6,0,1
47,8,0,49.671278950637486,5,6,0,1
47,9,0,47.82662430905474,5,6,0,1
48,0,0,47.44865985548787,5,7,1,0
48,1,0,48.83667642005953,5,7,1,0
48,2,0,47.13454986129035,5,7,1,0
48,3,0,48.52740343508772,5,7,1,0
48,4,0,45.52722486770164,5,7,1,0
48,5,1,56.50917494518831,5,7,1,0
48,6,1,56.41988518826241,5,7,1,0
48,7,1,54.49837441921162,5,7,1,0
48,8,1,54.94497392206562,5,7,1,0
48,9,1,56.597595067301945,5,7,1,0
49,0,0,46.276196228818655,5,7,1,1
49,1,1,58.14283377035321,5,7,1,1
49,2,1,55.4781689109418,5,7,1,1
49,3,1,55.65662138632859,5,7,1,1
49,4,1,52.57513548807295,5,7,1,1
49,5,1,56.65351485074402,5,7,1,1
49,6,1,56.70293078397279,5,7,1,1
49,7,1,55.34690766012849,5,7,1,1
49,8,1,56.35008156616818,5,7,1,1
49,9,1,56.71539313499319,5,7,1,1
50,0,0,48.36445813519662,6,5,1,1
50,1,0,50.46055689321338,6,5,1,1
50,2,0,48.12000461856535,6,5,1,1
50,3,0,50.60271433993449,6,5,1,1
50,4,0,48.86272114625668,6,5,1,1
50,5,0,48.332113331139006,6,5,1,1
50,6,0,48.55023336172699,6,5,1,1
50,7,0,49.482068667428464,6,5,1,1
50,8,0,50.80981031777932,6,5,1,1
50,9,0,49.01762318314166,6,5,1,1
51,0,0,49.67966539442845,5,6,1,1
51,1,0,49.916458173124745,5,6,1,1
51,2,0,48.53235243089917,5,6,1,1
51,3,0,48.91420698984004,5,6,1,1
51,4,0,47.15571062895543,5,6,1,1
51,5,0,48.55964798931392,5,6,1,1
51,6,0,48.2530366140116,5,6,1,1
51,7,1,56.38952310684651,5,6,1,1
51,8,1,58.1395605854953,5,6,1,1
51,9,1,56.28090855209315,5,6,1,1
52,0,0,45.81698595407618,2,10,1,1
52,1,0,48.8716503608694,2,10,1,1
52,2,0,48.6396543001362,2,10,1,1
52,3,0,48.17871403722405,2,10,1,1
52,4,0,48.27122330103882,2,10,1,1
52,5,0,48.62277320112098,2,10,1,1
52,6,0,47.64255573932287,2,10,1,1
52,7,0,45.42886141001729,2,10,1,1
52,8,0,48.20209316428418,2,10,1,1
52,9,0,46.85973957148919,2,10,1,1
53,0,0,48.3480717511334,5,9,1,1
53,1,0,49.06113801022467,5,9,1,1
53,2,0,48.71019204979823,5,9,1,1
53,3,0,49.71426222385243,5,9,1,1
53,4,1,53.41557395348432,5,9,1,1
53,5,1,56.263860379962914,5,9,1,1
53,6,1,58.11606510911619,5,9,1,1
53,7,1,57.04192805498071,5,9,1,1
53,8,1,57.21227164004635,5,9,1,1
53,9,1,56.562891691130496,5,9,1,1
54,0,0,45.71738349119377,5,10,1,0
54,1,0,45.31436084825629,5,10,1,0
54,2,0,45.69428046840477,5,10,1,0
54,3,0,48.011456933594296,5,10,1,0
54,4,0,45.32665734182228,5,10,1,0
54,5,0,45.71227688649421,5,10,1,0
54,6,0,46.0416348413857,5,10,1,0
54,7,0,45.565683316618205,5,10,1,0
54,8,0,48.50463518906902,5,10,1,0
54,9,0,46.16443940650014,5,10,1,0
55,0,0,49.40781562903947,6,12,1,0
55,1,0,48.95130876959216,6,12,1,0
55,2,1,56.94597191951307,6,12,1,0
55,3,1,56.82949938356459,6,12,1,0
55,4,1,55.09440099683924,6,12,1,0
55,5,1,59.09082506981067,6,12,1,0
55,6,1,57.512950049942255,6,12,1,0
55,7,1,57.2763331441216,6,12,1,0
55,8,1,56.608906792543074,6,12,1,0
55,9,1,58.20383177299528,6,12,1,0
56,0,0,43.5152361035899,3,8,1,1
56,1,0,43.89087259645502,3,8,1,1
56,2,0,44.70039431067222,3,8,1,1
56,3,0,46.19894453425644,3,8,1,1
56,4,0,42.9880631036852,3,8,1,1
56,5,0,46.30733337414232,3,8,1,1
56,6,1,53.442340953029166,3,8,1,1
56,7,1,51.91146191999764,3,8,1,1
56,8,1,52.97681541105484,3,8,1,1
56,9,1,53.68306181817265,3,8,1,1
57,0,0,45.029536339672696,2,9,0,1
57,1,0,47.57400524245023,2,9,0,1
57,2,0,47.996535496577216,2,9,0,1
57,3,0,44.23199231445773,2,9,0,1
57,4,0,43.80410437432149,2,9,0,1
57,5,0,46.9363772519876,2,9,0,1
57,6,0,46.63289407881491,2,9,0,1
57,7,0,46.76744557018973,2,9,0,1
57,8,0,47.07746338040326,2,9,0,1
57,9,1,53.353479842303,2,9,0,1
58,0,0,47.09232917830256,2,11,0,1
58,1,0,47.46412838921991,2,11,0,1
58,2,0,46.79283544647034,2,11,0,1
58,3,1,57.09456469114434,2,11,0,1
58,4,1,52.1419075944699,2,11,0,1
58,5,1,54.32669172774428,2,11,0,1
58,6,1,54.47222181686534,2,11,0,1
58,7,1,55.53803625415867,2,11,0,1
58,8,1,54.80776605471112,2,11,0,1
58,9,1,54.098847293265486,2,11,0,1
59,0,0,49.61011768966446,4,4,1,1
59,1,0,48.473922010118045,4,4,1,1
59,2,0,49.68170816601848,4,4,1,1
59,3,0,48.984620277794825,4,4,1,1
59,4,0,45.34863891169324,4,4,1,1
59,5,0,49.40201008155732,4,4,1,1
59,6,0,48.96666971685664,4,4,1,1
59,7,0,49.621027319224126,4,4,1,1
59,8,0,49.69294689389891,4,4,1,1
59,9,0,49.3066795365768,4,4,1,1
60,0,0,47.81046920082724,6,5,1,1
60,1,0,49.33286410486413,6,5,1,1
60,2,0,49.94752186485112,6,5,1,1
60,3,0,50.04193699145917,6,5,1,1
60,4,0,46.38132294167189,6,5,1,1
60,5,0,49.75580762369539,6,5,1,1
60,6,0,48.32236352204562,6,5,1,1
60,7,0,47.67645731246888,6,5,1,1
60,8,1,57.45799011188656,6,5,1,1
60,9,1,55.69767436784375,6,5,1,1
61,0,0,49.33374976959245,3,8,1,1
61,1,0,50.42214592889233,3,8,1,1
61,2,0,48.41930394211073,3,8,1,1
61,3,0,48.66297372698286,3,8,1,1
61,4,0,45.6710510971403,3,8,1,1
61,5,1,58.48443591539326,3,8,1,1
61,6,1,56.01875633089414,3,8,1,1
61,7,1,56.90508594596851,3,8,1,1
61,8,1,57.29111421852753,3,8,1,1
61,9,1,55.23354141312311,3,8,1,1
62,0,0,45.26822198418204,1,8,1,1
62,1,1,55.42306778323413,1,8,1,1
62,2,1,53.48368641349679,1,8,1,1
62,3,1,54.49764880995972,1,8,1,1
62,4,1,50.85073637958283,1,8,1,1
62,5,1,54.76375601496272,1,8,1,1
62,6,1,55.33168051937514,1,8,1,1
62,7,1,55.27855355205391,1,8,1,1
62,8,1,53.62296840618668,1,8,1,1
62,9,1,55.90259773228895,1,8,1,1
63,0,0,48.56757749332408,2,14,1,0
63,1,0,48.086099498663984,2,14,1,0
63,2,0,48.43710677541021,2,14,1,0
63,3,0,48.27784859059823,2,14,1,0
63,4,0,46.48658433757777,2,14,1,0
63,5,0,47.90374847885127,2,14,1,0
63,6,0,48.79531812172115,2,14,1,0
63,7,0,49.35061493211619,2,14,1,0
63,8,1,56.4037376853381,2,14,1,0
63,9,1,57.07616356454832,2,14,1,0
64,0,0,48.01767887885373,5,11,1,1
64,1,0,48.10434487185538,5,11,1,1
64,2,0,48.646156661498345,5,11,1,1
64,3,1,57.38969841711763,5,11,1,1
64,4,1,53.859739326581895,5,11,1,1
64,5,1,61.17380340193719,5,11,1,1
64,6,1,56.16057949885656,5,11,1,1
64,7,1,58.00065797700709,5,11,1,1
64,8,1,58.3998446843181,5,11,1,1
64,9,1,55.11682258328143,5,11,1,1
65,0,0,47.2781711206913,1,3,1,0
65,1,0,47.39533744660862,1,3,1,0
65,2,0,47.316733349776754,1,3,1,0
65,3,0,48.76167058148759,1,3,1,0
65,4,0,44.73112484438288,1,3,1,0
65,5,0,50.14803348911389,1,3,1,0
65,6,0,47.88030822526668,1,3,1,0
65,7,0,48.49169024020368,1,3,1,0
65,8,0,48.31910256510346,1,3,1,0
65,9,0,48.93351216604261,1,3,1,0
66,0,0,45.84800468851761,0,15,0,1
66,1,0,47.88264931494586,0,15,0,1
66,2,0,47.23876704271434,0,15,0,1
66,3,0,47.249203696772526,0,15,0,1
66,4,0,44.77592860009816,0,15,0,1
66,5,1,54.32287639103724,0,15,0,1
66,6,1,53.723020965350194,0,15,0,1
66,7,1,54.73379413217517,0,15,0,1
66,8,1,55.08179727515131,0,15,0,1
66,9,1,56.21093372334351,0,15,0,1
67,0,0,49.95387575246318,3,10,0,1
67,1,0,48.69111267358266,3,10,0,1
67,2,0,51.255517831123406,3,10,0,1
67,3,0,50.41116700307287,3,10,0,1
67,4,0,46.801158692983535,3,10,0,1
67,5,0,48.64062030893432,3,10,0,1
67,6,0,48.389025934570704,3,10,0,1
67,7,0,48.66073998627264,3,10,0,1
67,8,0,50.017205497813904,3,10,0,1
67,9,0,48.31807068501156,3,10,0,1
68,0,0,45.94464387575211,2,5,0,1
68,1,0,46.80967173621563,2,5,0,1
68,2,0,46.77834247678698,2,5,0,1
68,3,0,48.7672824813656,2,5,0,1
68,4,0,45.2897554227876,2,5,0,1
68,5,0,46.47792702009364,2,5,0,1
68,6,0,47.04991781481243,2,5,0,1
68,7,0,50.30316363984598,2,5,0,1
68,8,0,46.74695863086914,2,5,0,1
68,9,0,48.37124722489507,2,5,0,1
69,0,0,49.18845179600277,0,9,1,1
69,1,0,50.34424414147328,0,9,1,1
69,2,0,50.3350510391634,0,9,1,1
69,3,0,49.361721712690525,0,9,1,1
69,4,0,46.30341998459264,0,9,1,1
69,5,1,56.75772752713143,0,9,1,1
69,6,1,58.289660437170426,0,9,1,1
69,7,1,57.748657148739895,0,9,1,1
69,8,1,56.61389482476348,0,9,1,1
69,9,1,57.11710139286313,0,9,1,1
70,0,0,49.56283898092171,5,7,1,0
70,1,1,57.83377437011112,5,7,1,0
70,2,1,56.939869160803866,5,7,1,0
70,3,1,58.968306106328704,5,7,1,0
70,4,1,54.46681440471385,5,7,1,0
70,5,1,56.74656683306452,5,7,1,0
70,6,1,59.17633141797753,5,7,1,0
70,7,1,57.89825556579017,5,7,1,0
70,8,1,56.31136318518791,5,7,1,0
70,9,1,57.65708437494836,5,7,1,0
71,0,0,47.63767288332936,3,3,1,0
71,1,0,49.52799586397024,3,3,1,0
71,2,0,48.73579273577129,3,3,1,0
71,3,0,49.01931156893184,3,3,1,0
71,4,0,44.24555909578626,3,3,1,0
71,5,0,49.736744195066166,3,3,1,0
71,6,1,56.60043289062478,3,3,1,0
71,7,1,55.6485014364526,3,3,1,0
71,8,1,56.44652178053064,3,3,1,0
71,9,1,54.84855189990368,3,3,1,0
72,0,0,48.15755485068762,6,6,0,0
72,1,0,48.165379852413615,6,6,0,0
72,2,0,46.87912219962965,6,6,0,0
72,3,0,49.34333124849467,6,6,0,0
72,4,0,45.34516600599583,6,6,0,0
72,5,0,49.24123606705466,6,6,0,0
72,6,0,47.74650160858586,6,6,0,0
72,7,0,47.7809123955647,6,6,0,0
72,8,0,47.56817880210907,6,6,0,0
72,9,0,48.79986734473381,6,6,0,0
73,0,0,43.87981688039445,2,10,0,1
73,1,0,47.709024458750335,2,10,0,1
73,2,0,46.9014872128402,2,10,0,1
73,3,0,49.06630081446473,2,10,0,1
73,4,0,44.01482556909755,2,10,0,1
73,5,0,47.42274555041234,2,10,0,1
73,6,0,45.317168803089565,2,10,0,1
73,7,0,45.01285545631689,2,10,0,1
73,8,0,46.081707382009085,2,10,0,1
73,9,0,44.66649603532844,2,10,0,1
74,0,0,47.50902172000357,6,4,1,0
74,1,0,46.51784027626807,6,4,1,0
74,2,0,46.78272453050029,6,4,1,0
74,3,0,50.10591280553093,6,4,1,0
74,4,0,46.32533423831461,6,4,1,0
74,5,0,49.07770994413858,6,4,1,0
74,6,0,48.20453922111819,6,4,1,0
74,7,0,47.26695704380287,6,4,1,0
74,8,1,56.886056420154944,6,4,1,0
74,9,1,57.650616784904216,6,4,1,0
75,0,0,47.793092739441335,8,9,0,1
75,1,1,53.96626762779921,8,9,0,1
75,2,1,54.39315361782566,8,9,0,1
75,3,1,56.91196074201487,8,9,0,1
75,4,1,52.52495642120522,8,9,0,1
75,5,1,56.14300219964035,8,9,0,1
75,6,1,51.96060322652522,8,9,0,1
75,7,1,54.87018010122092,8,9,0,1
75,8,1,56.01521347557157,8,9,0,1
75,9,1,53.82927148433361,8,9,0,1
76,0,0,47.04200875202609,3,3,0,1
76,1,0,47.843990124708405,3,3,0,1
76,2,0,45.111401619972,3,3,0,1
76,3,1,56.56136233853457,3,3,0,1
76,4,1,51.24441448243,3,3,0,1
76,5,1,55.02669950878941,3,3,0,1
76,6,1,53.2182295001701,3,3,0,1
76,7,1,54.306363583705526,3,3,0,1
76,8,1,54.82833913202912,3,3,0,1
76,9,1,52.2105968749142,3,3,0,1
77,0,0,46.87878879932206,0,9,1,0
77,1,0,49.71094898526446,0,9,1,0
77,2,0,48.56214694312457,0,9,1,0
77,3,0,49.56689687597064,0,9,1,0
77,4,0,44.84446621815088,0,9,1,0
77,5,0,49.49878153448585,0,9,1,0
77,6,0,46.630370953462965,0,9,1,0
77,7,0,45.76475330725621,0,9,1,0
77,8,0,47.73003435767849,0,9,1,0
77,9,0,46.26666389869075,0,9,1,0
78,0,0,43.63792114185915,4,12,0,1
78,1,0,45.14348806805108,4,12,0,1
78,2,0,45.84721281787069,4,12,0,1
78,3,0,45.64146734060354,4,12,0,1
78,4,0,43.24659796452935,4,12,0,1
78,5,0,45.03585590754828,4,12,0,1
78,6,0,44.42792563914566,4,12,0,1
78,7,0,44.21032007322101,4,12,0,1
78,8,0,44.65514049634004,4,12,0,1
78,9,0,42.06266483690968,4,12,0,1
79,0,0,46.97706730552697,5,9,1,1
79,1,0,49.2199157050346,5,9,1,1
79,2,0,49.42068300693057,5,9,1,1
79,3,0,50.42787705551192,5,9,1,1
79,4,0,43.43934979139306,5,9,1,1
79,5,0,49.84209734799356,5,9,1,1
79,6,0,47.8277181451628,5,9,1,1
79,7,0,49.91886795093716,5,9,1,1
79,8,0,47.24274633052751,5,9,1,1
79,9,0,47.227449050165845,5,9,1,1
80,0,0,50.175420587861424,2,9,0,1
80,1,0,49.78211961094939,2,9,0,1
80,2,0,47.80908138762463,2,9,0,1
80,3,0,48.86991007924761,2,9,0,1
80,4,0,48.83889347905181,2,9,0,1
80,5,0,50.38803285959536,2,9,0,1
80,6,1,58.38337793963677,2,9,0,1
80,7,1,56.64831177215262,2,9,0,1
80,8,1,58.01832644993065,2,9,0,1
80,9,1,57.8614078261991,2,9,0,1
81,0,0,50.11852321480191,4,6,1,1
81,1,0,50.31792390895414,4,6,1,1
81,2,0,49.423070304561456,4,6,1,1
81,3,0,50.62387921348624,4,6,1,1
81,4,0,47.33961839022775,4,6,1,1
81,5,0,50.43796987288862,4,6,1,1
81,6,0,49.22592590255084,4,6,1,1
81,7,1,56.06637374675013,4,6,1,1
81,8,1,57.46598773734895,4,6,1,1
81,9,1,56.53778049557301,4,6,1,1
82,0,0,48.48223097809344,2,10,0,1
82,1,0,46.67557507065175,2,10,0,1
82,2,0,48.21835432224552,2,10,0,1
82,3,1,55.230644770804325,2,10,0,1
82,4,1,52.82151203847823,2,10,0,1
82,5,1,56.83990944425826,2,10,0,1
82,6,1,54.972743987529945,2,10,0,1
82,7,1,53.48068690434378,2,10,0,1
82,8,1,55.18716121283451,2,10,0,1
82,9,1,54.18165774945695,2,10,0,1
83,0,0,47.4464767967972,2,11,0,1
83,1,0,48.884549332392815,2,11,0,1
83,2,0,48.564573734290754,2,11,0,1
83,3,0,48.43851776993183,2,11,0,1
83,4,0,45.875067919958674,2,11,0,1
83,5,0,51.55002285806556,2,11,0,1
83,6,0,48.20788917060522,2,11,0,1
83,7,0,46.23478516316945,2,11,0,1
83,8,0,49.34924475187253,2,11,0,1
83,9,0,48.252270626661215,2,11,0,1
84,0,0,47.51773804261728,0,8,1,1
84,1,0,47.617545714730575,0,8,1,1
84,2,0,48.11713491040633,0,8,1,1
84,3,0,48.163973804432125,0,8,1,1
84,4,1,53.35762669101826,0,8,1,1
84,5,1,60.39419302227198,0,8,1,1
84,6,1,58.13723854105654,0,8,1,1
84,7,1,56.23662822019694,0,8,1,1
84,8,1,57.07935880963477,0,8,1,1
84,9,1,56.30304975236118,0,8,1,1
85,0,0,48.736716458337085,3,6,1,1
85,1,0,49.611864899271154,3,6,1,1
85,2,0,47.43331248887771,3,6,1,1
85,3,0,49.559624443677066,3,6,1,1
85,4,0,45.74870480637038,3,6,1,1
85,5,1,57.51769064120697,3,6,1,1
85,6,1,59.6082057594544,3,6,1,1
85,7,1,55.61283583232099,3,6,1,1
85,8,1,56.79021970519103,3,6,1,1
85,9,1,54.210497694052,3,6,1,1
86,0,0,44.92418531526035,0,9,1,0
86,1,0,45.66923600061036,0,9,1,0
86,2,0,46.719486178764,0,9,1,0
86,3,0,47.31744071631527,0,9,1,0
86,4,0,44.990176102971446,0,9,1,0
86,5,1,54.28611830430705,0,9,1,0
86,6,1,55.8292100154376,0,9,1,0
86,7,1,54.14717567268372,0,9,1,0
86,8,1,56.528943190241655,0,9,1,0
86,9,1,54.49536141603153,0,9,1,0
87,0,0,46.03705473450949,0,11,1,1
87,1,0,46.20784336804827,0,11,1,1
87,2,0,45.506433283495255,0,11,1,1
87,3,0,46.6499086492984,0,11,1,1
87,4,0,41.21968939715947,0,11,1,1
87,5,0,47.216943113439946,0,11,1,1
87,6,0,45.17432997176926,0,11,1,1
87,7,0,44.58449263145075,0,11,1,1
87,8,0,43.42969701960933,0,11,1,1
87,9,0,47.91100376354369,0,11,1,1
88,0,0,48.09015135566912,3,8,1,1
88,1,0,47.94771737512952,3,8,1,1
88,2,0,44.96349657174655,3,8,1,1
88,3,0,48.341581609106775,3,8,1,1
88,4,0,44.97356378121343,3,8,1,1
88,5,0,48.12362103516307,3,8,1,1
88,6,0,47.81925905997514,3,8,1,1
88,7,0,47.0331266364308,3,8,1,1
88,8,0,46.83354537963972,3,8,1,1
88,9,0,47.72849346336904,3,8,1,1
89,0,0,46.94630427493801,6,7,1,0
89,1,0,49.13045619235045,6,7,1,0
89,2,0,46.60703039118189,6,7,1,0
89,3,0,49.89171002801517,6,7,1,0
89,4,0,43.44137528864175,6,7,1,0
89,5,0,47.976224570395765,6,7,1,0
89,6,0,47.20289848061632,6,7,1,0
89,7,0,46.25943372548224,6,7,1,0
89,8,0,48.0172264925925,6,7,1,0
89,9,0,47.16594111931951,6,7,1,0
90,0,0,47.65297154730904,4,6,0,1
90,1,0,47.613503684909226,4,6,0,1
90,2,0,47.83460663696782,4,6,0,1
90,3,0,50.36230010656121,4,6,0,1
90,4,0,44.73665495489884,4,6,0,1
90,5,0,46.75476481726714,4,6,0,1
90,6,0,48.10067937477965,4,6,0,1
90,7,0,47.055786120264536,4,6,0,1
90,8,0,47.37138566614004,4,6,0,1
90,9,0,48.73406676625463,4,6,0,1
91,0,0,48.68276454407716,5,11,1,0
91,1,0,47.57685203933949,5,11,1,0
91,2,0,48.80575900522086,5,11,1,0
91,3,0,51.02128795406369,5,11,1,0
91,4,0,46.38203017964425,5,11,1,0
91,5,0,50.43443678048509,5,11,1,0
91,6,0,49.88304566321485,5,11,1,0
91,7,1,57.53592040772928,5,11,1,0
91,8,1,57.43575213609193,5,11,1,0
91,9,1,58.49616333753747,5,11,1,0
92,0,0,47.9412068597489,3,10,1,1
92,1,0,50.81407349305072,3,10,1,1
92,2,0,50.577377444863664,3,10,1,1
92,3,0,49.55169880419301,3,10,1,1
92,4,0,45.84735793316831,3,10,1,1
92,5,0,49.927499947914285,3,10,1,1
92,6,0,49.72102677052646,3,10,1,1
92,7,0,48.32687682717167,3,10,1,1
92,8,1,58.14471780663936,3,10,1,1
92,9,1,58.31816050160464,3,10,1,1
93,0,0,47.05450089193549,8,9,1,1
93,1,0,47.41070783546429,8,9,1,1
93,2,0,47.4058728683952,8,9,1,1
93,3,0,47.83747535948989,8,9,1,1
93,4,0,44.79537728550382,8,9,1,1
93,5,0,48.170798020870166,8,9,1,1
93,6,0,48.16094382522355,8,9,1,1
93,7,0,46.46797133215909,8,9,1,1
93,8,0,47.151248361074565,8,9,1,1
93,9,0,48.08542227444113,8,9,1,1
94,0,0,45.91498434129471,4,9,1,1
94,1,0,47.43976630795333,4,9,1,1
94,2,0,46.88183363095244,4,9,1,1
94,3,0,47.51505332978781,4,9,1,1
94,4,0,43.3759133378089,4,9,1,1
94,5,0,46.82193793702496,4,9,1,1
94,6,0,46.90341514159866,4,9,1,1
94,7,0,46.31713864396175,4,9,1,1
94,8,0,46.87354880731879,4,9,1,1
94,9,0,46.45337176889305,4,9,1,1
95,0,0,45.53452609510528,1,7,1,1
95,1,0,44.88815847998791,1,7,1,1
95,2,0,46.85370029662377,1,7,1,1
95,3,0,49.19493504027592,1,7,1,1
95,4,0,44.29226880776512,1,7,1,1
95,5,0,45.78415071789214,1,7,1,1
95,6,0,47.90943728578116,1,7,1,1
95,7,0,46.01905269289438,1,7,1,1
95,8,0,46.16115148769129,1,7,1,1
95,9,0,49.43346903957711,1,7,1,1
96,0,0,46.279105564060295,5,12,0,0
96,1,0,45.84879109197875,5,12,0,0
96,2,0,45.463370627423615,5,12,0,0
96,3,0,47.04496635488219,5,12,0,0
96,4,0,42.68659017540499,5,12,0,0
96,5,0,45.14274797031491,5,12,0,0
96,6,0,44.68942890300521,5,12,0,0
96,7,0,44.492635515476,5,12,0,0
96,8,0,44.52433476741313,5,12,0,0
96,9,0,46.38149368854959,5,12,0,0
97,0,0,46.32183153531702,3,8,1,0
97,1,0,47.69073144277432,3,8,1,0
97,2,0,48.639727640018805,3,8,1,0
97,3,0,47.57552666046241,3,8,1,0
97,4,0,43.22976482838912,3,8,1,0
97,5,0,47.20200811531087,3,8,1,0
97,6,1,55.62436457032431,3,8,1,0
97,7,1,56.42441423728042,3,8,1,0
97,8,1,55.07318257897505,3,8,1,0
97,9,1,54.50688116587401,3,8,1,0
98,0,0,49.25104182267331,4,11,1,0
98,1,0,49.12082786823618,4,11,1,0
98,2,0,48.17457804438293,4,11,1,0
98,3,0,49.12270309499947,4,11,1,0
98,4,0,47.61024921874903,4,11,1,0
98,5,0,48.34354312961455,4,11,1,0
98,6,0,48.68141055921185,4,11,1,0
98,7,0,47.15736673310819,4,11,1,0
98,8,0,49.46819850500906,4,11,1,0
98,9,0,49.28502078623418,4,11,1,0
99,0,0,47.50651871542277,3,5,1,0
99,1,0,49.03907345872646,3,5,1,0
99,2,0,46.18110589683496,3,5,1,0
99,3,0,48.45184011061748,3,5,1,0
99,4,0,43.03925632092693,3,5,1,0
99,5,0,46.958421583100375,3,5,1,0
99,6,0,46.77280666147387,3,5,1,0
99,7,0,46.6520472851312,3,5,1,0
99,8,0,48.15729057781272,3,5,1,0
99,9,0,45.75099826103156,3,5,1,0
100,0,0,47.54941436188709,3,11,0,1
100,1,1,56.773658607605455,3,11,0,1
100,2,1,56.16105558985991,3,11,0,1
100,3,1,58.26578156796641,3,11,0,1
100,4,1,53.61920821815898,3,11,0,1
100,5,1,56.927557519378446,3,11,0,1
100,6,1,55.591346791267306,3,11,0,1
100,7,1,56.0289311499361,3,11,0,1
100,8,1,55.24331895447194,3,11,0,1
100,9,1,57.24787609195762,3,11,0,1
