age,household_income,gender,urban_residence,participation_in_social_program,social_network_size,life_satisfaction_score
29,14,0,0,1,36.01080417263174,168.43864325332274
35,16,0,0,1,41.35308027986912,187.92436576778516
28,26,1,0,1,45.6706652802522,198.73304422090695
44,27,0,1,1,58.09054971042173,242.43235997565577
34,23,1,0,1,47.29257205798016,203.0755196101702
44,16,0,1,1,49.68475027521764,212.27720643019677
25,29,1,1,1,44.74878675912633,201.11436079946165
33,13,0,1,1,38.611515881739074,177.50967001697097
25,24,0,0,1,38.16096828818896,181.67061591465145
31,18,0,1,1,40.56488460830527,182.1298736231284
26,15,0,1,1,36.1654191984211,166.1883612431318
38,13,1,1,1,43.98282173505794,193.10518618821476
25,26,1,1,1,43.41338399126593,195.72574704646016
23,21,1,0,1,34.98522340883655,168.24799989465188
29,13,1,0,1,35.72136814617575,165.03842948846713
29,19,1,0,1,38.91366181410696,179.4327722874143
30,27,1,0,1,47.06905081037662,205.278588247378
26,12,1,0,1,32.371755253996,156.43818925809182
35,13,0,1,1,41.678426375331306,183.45738344491247
31,16,0,0,1,37.48963583094753,177.42401095462685
20,19,1,0,1,31.81658327295631,160.47715512263872
29,17,1,1,1,40.44708864246565,181.60094155834932
30,15,1,1,1,37.32559339415297,173.48855144143548
23,21,0,1,1,34.32734608802625,166.45332106860496
36,18,0,0,1,45.575387025659374,201.47749840120613
16,25,0,0,1,33.66980491158587,164.69322254784424
26,30,1,0,1,42.98575700871276,202.0222349290076
14,28,1,1,1,35.8362714319433,168.77169887854487
45,14,1,1,1,49.6083999187226,212.8489670371463
20,18,1,0,1,30.039660014487502,153.7224546062614
28,23,0,1,1,41.760398267358326,189.200467411312
11,20,1,1,1,26.683792598505956,138.87210431998258
32,15,0,1,1,39.22564342665896,180.5443369730257
36,20,0,0,1,43.87712701243241,195.83965079736052
13,16,1,0,1,23.065419761103254,130.3366384958128
30,30,0,1,1,49.12280043330213,213.3023313672992
22,19,0,1,1,33.26499539694529,161.23907533832343
27,16,0,1,1,37.019964303926905,173.11844474797132
26,17,0,1,1,35.04740040451178,168.80821814836224
31,27,0,1,1,46.77735820820093,210.08246442540997
27,21,0,0,1,36.69112480255324,176.78365340129773
24,31,1,0,1,44.67249435069201,201.60251805255533
30,24,0,1,1,45.07805933898118,200.1449669144223
38,12,0,0,1,41.76672308215908,185.96121402030312
29,25,0,0,1,43.44718747523556,193.82570157217333
26,13,0,0,1,32.82719728631532,157.034831807092
25,25,0,1,1,42.52538610637985,191.257585004472
24,9,0,0,1,28.15931597318209,141.06915415483553
19,17,0,0,1,29.372001148736224,148.44908837236082
41,18,1,1,1,49.36042739868124,213.83730362504784
26,25,0,0,1,40.60657267654775,185.99851325336925
36,20,1,0,1,45.31431658446287,201.4840701905671
35,26,0,1,1,51.31445071985633,219.0850877652097
24,37,1,1,1,48.42497781708927,217.87156414946676
45,20,0,0,1,51.62167424186077,224.49380938885872
31,21,0,1,1,41.887277480884464,191.0257452256741
27,17,1,1,1,38.016504240371255,174.2959784602162
28,17,0,0,1,36.63785554331226,170.55679002758416
21,24,1,1,1,39.0985567678245,180.8119820091704
16,22,0,0,1,29.743795338024952,152.20193549225934
27,7,1,1,1,29.220986978362447,145.18859722528185
27,22,1,1,1,43.346921869283214,191.9969580535918
42,22,0,1,1,51.85035413067212,225.01185790208208
24,27,0,0,1,41.72909897704878,187.87030980747605
36,26,1,1,1,51.75545455628474,220.8617063450363
44,19,0,1,1,53.675211589320725,226.69755399514085
21,17,0,0,1,32.739935446171295,157.09041743303612
28,17,1,0,1,35.760587201635744,170.1021382347356
30,21,0,1,1,43.8361831006284,193.641340627516
24,15,1,0,1,30.86263959538584,155.92174121340614
33,29,1,0,1,47.76450050999315,214.3572913797329
30,10,1,1,1,33.803694541177215,163.1993568055613
21,31,0,0,1,42.02830691591908,191.36493994189092
36,16,1,0,1,42.70042285775082,188.7044800823045
28,14,0,0,1,34.30352774867372,162.7841338663874
27,12,0,0,1,32.71224270923656,156.6648006900489
19,19,0,0,1,28.99374402603139,151.6255482852592
20,16,1,1,1,31.90157597127836,154.21546181133272
23,21,0,0,1,34.955600494216725,167.93291702565682
23,16,1,0,1,31.658505050238517,156.8969474209179
32,15,1,0,1,38.77085361975582,178.52329005468906
32,25,0,0,1,45.72861745453194,201.256551287152
18,18,0,0,1,27.50026645343616,145.01399849018773
23,18,0,0,1,33.36321145658907,161.63701044600256
29,20,0,0,1,39.7373652380453,182.12151727077807
23,30,0,1,1,43.33423346241799,198.92099685448343
25,16,1,1,1,35.19866393841205,166.9224487630797
26,15,0,1,1,35.03488535167357,164.92361775659091
35,13,0,0,1,38.746268210469296,178.49077716807528
21,31,1,1,1,42.44455591202109,193.5359225191208
28,12,0,0,1,30.73517620428664,153.33576150374145
42,11,1,1,1,47.22836466070091,202.34275542543872
37,18,0,1,1,44.68011291777027,199.9671244437493
35,22,0,1,1,47.19725345324561,205.87098376531992
30,17,1,1,1,40.86336275289138,182.25417849107865
22,21,0,1,1,34.52685664796124,164.87930222193808
32,18,0,1,1,41.878908802364734,189.84146793171564
28,23,0,1,1,41.39693528182146,187.7689390477404
30,26,1,0,1,45.01162957419032,200.0070524217617
46,26,0,0,1,57.7324807051953,243.8898389718208
39,21,0,0,1,49.58530880960078,214.16403407281388
30,21,1,0,1,41.52137094296447,189.1296670522772
28,1,0,0,1,25.34239039051715,129.87327965182925
22,25,0,0,1,38.84286190048663,179.60915107844835
19,18,1,0,1,29.816937306157577,148.48577376507723
28,8,0,1,1,32.85920427110604,155.47761983531296
20,17,0,0,1,29.39337564565078,149.89930257497454
31,14,1,0,1,37.529248022349606,173.1742269770218
39,11,1,1,1,44.34910703139962,191.8126994620669
32,14,1,0,1,38.87572572418892,179.35606365275095
41,18,1,0,1,48.25331702965916,208.70102212056244
36,11,0,0,1,37.54154669240511,173.72340463743777
18,11,0,0,1,23.392999969224167,127.64784888585058
33,18,1,1,1,43.45476977466915,192.3126141252586
33,31,0,0,1,50.28956769537013,222.38935061162604
22,26,0,0,1,39.31322897010817,183.29541014015567
20,22,0,0,1,31.815644488318885,158.89785573590095
14,26,0,0,1,30.10901646809913,157.21313095383445
13,18,0,1,1,26.763356623869623,138.4227416770751
29,20,0,0,1,39.651129434973406,183.25828982592563
23,26,0,1,1,41.40153350766527,188.24274848100103
31,10,0,1,1,34.237751104094706,162.9269160446685
58,21,0,1,1,65.60581400885474,264.7139889339313
12,14,0,0,1,20.40916960952565,121.56487071458676
13,18,0,0,1,24.30382941975169,134.14722066527392
26,26,1,0,1,41.08676896712379,188.1595778855461
30,17,1,0,1,38.656718486983344,177.95981236700638
25,10,1,0,1,31.126678294714868,147.31064335219574
36,27,1,1,1,51.75765219769061,224.6386105120644
29,25,0,1,1,45.05450802787562,200.21329883608848
40,18,0,0,1,48.25477153249643,209.33994760124912
37,24,1,0,1,47.8876832199966,213.67189206704725
39,22,0,0,1,48.56522199710226,210.50788900655985
33,22,0,1,1,47.98178076168413,205.50110367330035
19,21,1,1,1,33.108347125807335,163.94783851464908
36,20,1,0,1,45.79888316536648,201.4963983477344
30,32,0,0,1,49.669343782780544,218.5709373687966
15,18,1,0,1,26.998883466579752,142.24257482058172
31,11,0,1,1,36.17300240048981,164.66393936166773
36,31,0,0,1,52.06250491752963,228.29961689871703
35,21,0,1,1,45.72369787365718,201.806111060378
30,22,1,0,1,42.483800523004255,189.84119203587048
35,17,0,1,1,42.92608856852765,191.7927170705201
33,10,1,0,1,37.25293416574205,168.38254081474042
31,25,1,0,1,44.73538282827927,201.6790860349836
24,8,1,0,1,27.708826932341296,138.46414483310107
55,11,1,1,1,55.639502977204174,231.6871760719053
27,24,1,0,1,41.176487150847805,188.39290021056
29,26,0,1,1,44.58905964266064,201.89343685101449
23,17,0,0,1,30.30951962483817,153.44896374165836
18,12,1,0,1,25.382322377437752,134.22025489246244
31,19,0,0,1,41.882598046504434,187.79236512606872
31,16,1,0,1,37.89048696738531,176.24239391208118
40,23,1,1,1,52.09459071107757,224.53666913311625
43,25,0,1,1,55.68598650679555,233.96102083437464
26,18,0,1,1,37.330043713206855,172.4117207710729
22,22,1,0,1,36.21417480404736,169.75345435784777
34,13,1,1,1,41.83061071195856,184.9681283557059
9,9,0,0,1,14.055674167086494,98.51478521479429
27,22,1,1,1,40.82703352265772,188.00337758971287
37,9,0,1,1,40.88320677437231,178.97011562210972
29,15,0,0,1,36.01671512492028,170.132124956363
41,24,0,1,1,53.84800163250464,228.91972535212133
30,27,0,0,1,46.50716525939798,206.30020042288615
45,31,0,0,1,59.58912426542037,253.4116015267509
39,9,0,0,1,41.43461453761945,181.4713492778852
35,10,0,1,1,38.56361691536295,174.98112607773416
31,15,1,0,1,38.21046483108611,176.934065247276
29,12,1,0,1,34.57003737840563,163.5378856261978
36,20,0,1,1,47.58174066502212,207.1213824465576
32,25,1,0,1,48.30714843721925,212.0441811413538
21,23,0,1,1,36.35622999441231,173.67939531349768
28,18,1,0,1,38.73130863607562,179.18703600213698
30,21,1,0,1,41.30981435460467,188.7740992687289
23,22,1,1,1,37.37447717743092,176.76482664982336
32,10,1,1,1,36.6265262966182,170.3128943577445
16,26,0,0,1,32.67484486892532,162.29565199199183
35,18,0,0,1,42.5804985841267,193.83978362744327
20,25,0,1,1,37.67272571981622,174.98857217828328
31,23,1,1,1,45.58921468853292,202.0910070880288
18,26,1,0,1,35.027253724257974,169.40822315735326
28,20,1,1,1,39.33863798251483,180.4052720126814
43,13,0,1,1,47.682951483527006,204.25681349928848
37,11,0,1,1,39.96632772444304,182.37896099488404
25,19,1,1,1,38.1389722970952,176.53830014560845
27,29,0,1,1,44.86793086239544,202.25618172387303
33,21,1,0,1,44.10547467196733,198.31680650189944
44,33,0,0,1,61.5041458681132,257.1825625065365
27,21,0,0,1,39.4902808573892,184.57474247978976
27,20,0,0,1,37.23426274751864,177.4593676390192
29,19,1,0,1,39.78735293122074,183.31046741268955
33,20,1,1,1,44.93384808057907,199.9094408831193
24,21,1,1,1,37.45456293229204,176.0779048804103
37,21,0,0,1,47.081066870063374,205.54031909531537
26,12,1,1,1,33.7215515521696,160.1652220442579
33,27,1,0,1,47.16151394310171,211.01190038467175
32,19,1,1,1,43.735549810948754,191.72281688342957
36,14,1,0,1,41.64457023229612,190.1255300989751
44,22,0,1,1,55.53369923698659,232.7031579030253
21,17,0,0,1,30.27222835135873,151.30314876693188
28,28,0,1,1,46.75132448544774,204.82747999687572
29,15,0,1,1,37.318651031333935,172.5868554499081
28,15,0,0,1,34.00442411194814,163.9278240154143
41,11,0,1,1,44.36243209039197,191.59060165485877
30,20,0,1,1,41.51061557131979,186.9028542417574
34,21,0,1,1,46.71866561614426,203.57341551710456
36,23,0,1,1,48.02522037464262,211.1699008756366
29,2,0,1,1,27.547577531421755,139.07698047200333
38,20,1,0,1,47.50806131582219,207.77672811492047
22,18,0,1,1,33.729415848943304,163.5263787624037
33,21,1,0,1,44.61572159449504,198.34368568683715
30,20,1,0,1,39.20429556086775,181.62048458752776
30,21,0,1,1,42.89169091309508,192.48341998658248
27,26,1,1,1,44.47091455698831,198.72014029454903
36,20,0,0,1,45.019565408681245,200.16131287658683
30,23,1,0,1,42.887638291070445,192.44104679281327
22,23,1,0,1,34.786038115697224,167.89097805499472
28,8,0,0,1,30.676547516432827,149.33676905358914
34,13,1,1,1,40.37523362172019,180.6894525065977
36,32,1,0,1,55.00176272908123,234.59533110945412
27,24,0,1,1,41.3546131214552,188.18675640447336
36,15,0,0,1,41.813197219578896,187.63041734549432
16,14,1,0,1,24.80567183905477,132.08868571681742
17,17,0,0,1,26.571645134873755,140.1385131307725
25,26,1,0,1,41.655095129088494,188.6708097228456
33,22,1,1,1,44.488306168132524,201.21119086677805
49,22,0,1,1,59.28014116110925,245.80010012573152
23,19,0,0,1,35.395635364321706,166.48463148191342
24,19,0,1,1,38.21183936365568,170.703645109929
28,24,1,1,1,42.54950233033236,191.50829299989283
34,13,1,0,1,38.08409188197571,176.28557732513235
29,22,0,1,1,43.45328670795111,195.51406834268445
38,25,0,0,1,50.9232029172585,218.5805276242309
39,24,1,1,1,53.372767464709696,227.04290453746069
45,19,0,1,1,55.77930536224583,229.47355200209623
29,16,0,0,1,37.46989516504937,175.02764984467993
27,15,1,1,1,36.17131501603774,167.3060517910431
28,35,1,0,1,51.266906457622085,224.08972407335023
33,25,0,1,1,46.14877954518862,204.1949217791108
32,24,0,0,1,44.03180008294492,202.06370789787468
33,6,0,1,1,33.24811447822118,157.85145782372436
24,11,1,1,1,32.85906333720645,157.96616969161312
21,12,0,0,1,28.186462018560405,142.28768934320826
15,17,0,0,1,26.56338407676893,138.0414893663291
31,26,1,0,1,45.91263168829963,205.04049208991603
20,19,1,0,1,32.04573342434755,157.28793419024524
22,21,0,0,1,34.61990421994335,167.28696450521716
23,31,1,1,1,45.10327836215419,202.94661780838624
14,16,0,0,1,24.790457563578663,132.00702441291523
37,13,0,0,1,41.97206870188488,184.9833032791161
27,21,0,0,1,38.95477295541825,180.22874311950503
39,20,1,0,1,48.76788960142007,209.92995192170736
32,19,1,1,1,43.13091001036893,192.87139185415185
26,7,1,1,1,29.63266712801285,146.6208998133861
38,21,1,1,1,49.02355279845232,213.8140146895016
40,14,0,0,1,43.28080864809624,192.6994377777188
20,21,1,0,1,33.856609380088095,161.23185643627372
34,11,0,0,1,36.15489144934621,168.46787913463183
46,9,1,1,1,46.43435007493952,203.45163386190484
21,19,0,1,1,34.29266327876751,162.58363292441018
25,21,1,0,1,35.82183053382455,174.31215966947363
27,23,0,0,1,38.172070400961054,184.24285078882272
25,24,0,0,1,38.86474281219069,181.944597348574
25,26,0,0,1,41.02441131244859,189.365484034198
34,10,0,1,1,38.57076153912962,172.93096879206806
31,19,1,0,1,41.702040318884094,189.15611282562185
31,15,0,0,1,39.93187095573218,176.84799827957136
21,15,0,0,1,28.7647795568034,144.6810937373358
28,21,0,1,1,40.00507770389496,183.9182170322821
46,19,0,0,1,52.70967976848842,222.2520384075573
36,10,0,0,1,36.25514108750673,171.55930719659648
33,18,1,0,1,44.073187543563385,193.88608797306856
29,24,0,0,1,40.12480668675867,189.2370608611607
22,9,1,0,1,25.93155017457275,136.67905185085783
36,11,0,1,1,38.95567952234863,178.88793710553583
27,18,0,0,1,37.45021223543284,174.8892430328671
26,29,1,1,1,44.43051454392157,199.61898045363404
43,24,1,0,1,56.25977412332668,237.7513566539641
30,23,0,0,1,42.7713626434143,194.7000476725059
44,18,0,1,1,53.19527898528812,222.71537492786064
28,18,0,0,1,37.817010089844544,172.76394817326465
33,9,1,0,1,35.66739160917546,164.90056401834806
35,14,0,0,1,37.5396772712202,178.399647653407
32,24,1,0,1,44.80431097162774,200.7738586415664
24,24,0,0,1,38.66149017091038,181.39789437216223
40,11,0,1,1,42.32539773988113,188.47418855036688
26,22,0,0,1,40.41222680194348,182.83288996902172
16,21,0,0,1,29.269671280096027,148.5414269204574
35,22,0,1,1,45.761318273477855,203.1849800175399
41,23,1,1,1,54.83755310214789,229.6103904242044
27,19,0,1,1,37.998840380222056,175.34793990173267
29,24,0,0,1,42.03297862479796,189.2749731762846
35,9,1,0,1,38.72990557027232,174.8455161105292
43,28,0,1,1,60.49562831722025,250.9570049057408
29,11,0,1,1,33.89554278985374,160.6503701157679
32,25,0,0,1,45.15203092794295,203.34180877629328
30,28,1,1,1,47.64842752045269,209.7083735443449
33,15,1,1,1,41.67599898704324,185.90778399626225
16,13,0,1,1,25.69708956536583,133.2483474043487
28,19,1,0,1,40.30952600716774,182.6894903963706
31,16,0,0,1,38.3607110170714,178.54349150158515
28,23,1,1,1,42.72612730494741,193.33124591102867
28,31,1,1,1,48.68033104104537,212.59356697743647
31,25,1,0,1,44.58974559635914,200.70724424849448
26,18,1,0,1,35.71922506013204,169.42346104221826
40,2,1,0,1,37.30860888238361,165.5633734190072
33,35,0,1,1,55.2603553426433,237.55832047217064
30,9,0,1,1,35.52806902892588,165.20973051444545
39,33,0,0,1,58.377062894523256,244.79552053219584
22,18,0,0,1,31.39594891945614,158.02426028757745
40,18,1,1,1,49.66896664198694,211.13273022873489
26,10,0,1,1,30.65723721524536,148.84636798329504
19,16,0,1,1,28.33550789275045,143.5057384490578
37,23,1,0,1,48.145531680583176,211.5489122230235
30,17,0,0,1,39.03955855848329,176.15602165927345
48,26,0,0,1,59.27975223167401,246.65202267609797
22,28,0,1,1,40.37679074272354,187.4572215002817
36,26,1,0,1,51.91039295131256,221.6527637154155
23,19,0,1,1,35.900429543455,169.71417797184293
30,19,0,0,1,39.34620311656788,181.7303071289851
26,14,1,0,1,32.722876999337835,157.16854397223835
23,20,0,1,1,36.84591596399527,172.77312798924874
20,20,0,0,1,32.6044868011741,159.89665075127334
36,13,0,0,1,39.17127745408391,180.3073160977706
38,14,0,0,1,42.96804218544058,189.3115098399693
28,23,0,1,1,41.81188136778998,190.90894238180107
33,19,1,1,1,44.73188657968044,198.01893176729936
29,24,1,0,1,41.82250301885408,193.9126670384355
16,20,1,0,1,29.136653834482107,146.48966374734957
36,18,1,1,1,45.71876209707647,201.02485025237027
20,20,0,1,1,31.830801960847776,160.89325298737603
29,19,0,1,1,40.66228169183164,185.42523785644528
32,29,1,0,1,49.03535553122204,215.80919999185863
35,9,1,1,1,39.12743757225409,175.2704021890703
15,23,0,0,1,31.36783924230943,155.66508653257694
33,24,0,0,1,43.5980603184571,195.5051004314972
14,9,0,1,1,18.77857440192816,112.28556081619638
32,21,1,1,1,42.60937792478262,195.38734234389443
27,20,0,1,1,40.66573117942544,181.54384741483184
29,23,1,1,1,42.19238173568932,191.78996879856024
23,16,0,0,1,32.77348830386287,157.80565998047243
29,9,0,0,1,31.329077875814043,152.8459094494216
22,10,0,0,1,27.8801021702182,140.42419831270624
19,32,1,0,1,40.05513295815067,187.08469715487783
28,19,1,1,1,40.05696647087994,179.8254195274218
45,14,0,1,1,48.87263226704175,211.6824177524556
27,30,0,0,1,44.97793108158788,202.52974116393216
29,24,0,1,1,43.633992530082566,197.4902586850166
51,22,1,0,1,60.65018105436831,246.93420095354287
30,21,0,0,1,41.32904159101203,189.5972402051956
24,9,0,1,1,27.842422862948265,141.01684699358253
22,13,1,1,1,30.8030049959983,153.6540149309367
14,22,1,0,1,30.460317292062133,153.90110567944117
21,21,1,0,1,34.96178148080797,167.31078241942936
43,17,1,0,1,49.74530922982725,212.66521425800937
29,29,0,1,1,45.43231517842912,206.57993047384036
21,27,1,0,1,39.44151359077424,182.83008204592127
12,17,1,1,1,23.894500634444352,132.8036327205649
26,16,0,1,1,34.92772125156285,166.67066881332536
13,26,1,0,1,30.20283322808927,155.92757883236754
41,20,0,1,1,49.36743903890176,214.71912486451131
24,19,1,1,1,35.5726583109421,169.9146932612093
19,30,1,0,1,39.33360131697132,182.50737685339067
42,36,1,0,1,62.387825440173614,259.7283941898335
53,17,1,0,1,58.01645299506594,239.52215762554695
38,24,1,0,1,49.05490071937047,212.1881117928433
31,19,0,0,1,40.11891502035181,185.188558629443
28,20,0,0,1,38.25750711074629,176.42934346530504
36,13,1,0,1,40.16522126378238,182.72937128395023
55,10,0,1,1,54.58214722175921,227.2305213953196
40,15,1,1,1,47.18375448502017,203.6254784944107
29,28,0,0,1,43.44163189521892,202.22553862125432
51,17,0,0,1,55.34380087918162,233.33200699057977
23,22,0,0,1,36.42174832379435,173.49973794115897
32,20,1,0,1,44.01860359929963,193.1372794332539
36,24,1,1,1,49.44744902094935,214.84837674924864
47,21,0,1,1,58.03727688360405,238.3231279217888
35,17,1,1,1,45.12692483508948,199.50302165409215
31,18,1,1,1,42.91632459257739,190.2598311464436
33,14,0,1,1,41.27435878854676,182.38365938249177
41,15,0,1,1,45.88256955397826,202.5703881885821
43,16,0,1,1,48.69623166326126,208.54401554813907
31,22,0,0,1,42.72274443741805,194.78608311873927
43,17,1,0,1,49.2920356560619,212.5792092017702
23,25,0,1,1,38.31026381544054,178.126387397215
21,12,1,0,1,28.49461033185968,141.71161629941457
39,9,0,0,1,38.059742763126096,174.3130785359131
31,23,1,0,1,44.08300034617642,197.2736438692972
41,2,1,0,1,37.80812376736991,169.02940521365022
27,16,0,0,1,34.71292728147348,163.00332850714523
28,22,1,0,1,40.29225615452648,187.86295608877896
25,27,1,0,1,42.92807760437546,193.05276172790576
23,23,0,0,1,37.56349145030532,176.5171123339211
43,18,0,1,1,50.79074523942054,217.45265883344044
24,23,0,0,1,37.9898202537187,179.3680615178857
21,26,0,1,1,38.43048141071228,180.52242222844103
43,23,0,1,1,54.3207870737703,228.76766548849767
39,16,1,0,1,44.91415354899482,198.0509887073438
18,34,1,1,1,41.71130449261408,193.64816002327868
36,16,1,0,1,45.222713799905954,196.25353918389143
44,15,1,1,1,49.28788328680152,210.80718407443783
40,6,0,1,1,41.56112661048006,180.6863383841186
16,20,1,1,1,30.87301452974581,155.04522320254543
36,13,0,0,1,41.984911668740864,186.27479967804425
48,13,1,1,1,54.31101818891101,222.30010384898216
29,26,0,0,1,42.93754733066715,195.96162317915943
46,21,0,1,1,55.56583670649511,232.5741798782588
27,10,1,1,1,32.17208822833044,154.39269344482938
39,23,0,0,1,50.42037198314768,216.30458377323708
38,19,1,1,1,50.21542715499199,211.4276746023201
31,27,1,0,1,46.13828446286394,205.2162768534534
16,14,0,1,1,26.425604810563524,135.374990044596
12,17,1,1,1,25.388193183195444,132.83515449230134
37,16,0,1,1,44.41870750656992,197.2788996361064
19,23,0,1,1,34.21166521976893,166.27138943490834
20,19,0,1,1,32.04330726383508,156.27588165656653
47,21,0,0,1,57.13255934153798,237.3561859447528
18,24,0,0,1,33.97988461581449,166.13625026419126
31,14,1,1,1,38.77233806737267,177.4276514499459
27,23,1,0,1,41.17446875475174,187.19037789071848
21,19,0,1,1,34.653117404834624,166.44113925996444
43,18,1,1,1,51.315062503328456,219.77157157725944
27,10,1,1,1,31.13655966851483,152.9669701341643
40,11,0,0,1,41.99964522652269,188.3955302066661
37,16,0,0,1,44.17175471605188,193.73274970185287
23,2,0,1,1,24.258028916372915,123.60395746822286
33,19,1,0,1,44.08936975310138,195.40471017736093
50,25,1,0,1,59.918602012248606,249.73935181379957
29,15,0,1,1,38.02678809813133,174.62181341351626
27,29,1,1,1,45.88572242911629,203.73417487772437
42,16,0,1,1,49.636551813958185,212.0268641611861
33,21,1,0,1,45.11224442124052,197.77836321686723
16,8,0,1,1,21.37379456575617,118.39962288174996
23,20,1,0,1,34.82050795017448,166.56068970505845
29,22,1,1,1,45.16358850564974,198.30677088536336
33,19,1,0,1,42.769405476550105,191.34527188557055
42,10,0,0,1,43.03612115649295,193.05577726970412
21,13,0,1,1,28.15539263409754,143.70227475255572
37,20,0,1,1,47.31946918797553,207.96867357908928
18,21,1,0,1,34.153043934480905,161.1060522958941
20,21,0,1,1,35.01747724426059,166.14186315180078
24,15,0,1,1,31.98223870833624,156.30035242598146
20,29,0,1,1,40.507141930119246,185.48144571674467
45,14,1,1,1,50.76089058708173,216.27577656748207
6,25,0,1,1,24.716413012703352,135.21846017842827
28,12,1,1,1,33.8887304048742,160.77353768344258
14,22,0,0,1,29.20491877912094,148.1882691122035
29,14,1,1,1,38.16471092919174,173.05813633569147
28,21,0,0,1,38.824962429751984,183.5503375344105
34,23,1,1,1,47.15236059917607,209.2067795757316
28,22,0,1,1,40.43771462355386,185.07285740677807
13,28,0,1,1,33.72335534690898,164.32228733363212
35,19,1,0,1,45.46626720397478,196.72776283034088
26,14,1,1,1,33.99834689358567,164.6387471157294
21,29,0,1,1,40.64834492516479,186.80831240692976
22,21,0,1,1,35.727071298890664,169.07135452271805
27,15,1,0,1,33.79801020059851,164.40352347083774
42,25,0,1,1,54.58061166208238,233.54322898954712
39,28,0,0,1,54.01508766308844,230.43257809290247
25,21,0,1,1,38.308796621918965,178.3737080568867
27,25,0,0,1,40.022279407957896,190.12991671797693
28,34,1,0,1,49.68858804022922,219.34860324953135
40,14,1,1,1,45.78885278318938,199.02780867552
21,11,0,0,1,27.152365133895813,139.44350836754964
14,21,0,1,1,28.635848851021933,148.41483579341855
37,14,0,1,1,45.42389183900776,195.23463668788312
26,21,1,1,1,40.114033223723766,184.2939971823185
34,24,0,0,1,48.62717743325756,211.9308835281548
26,24,0,1,1,41.40534823917853,190.05337953736395
24,19,1,0,1,37.013811821293935,170.60511548834646
27,11,1,0,1,32.73890456953215,157.73780972358475
33,16,0,1,1,42.48141773824916,190.09048770240224
29,23,0,0,1,40.63181763842282,188.4757954733966
33,10,0,0,1,34.8910927080849,164.14512478848582
26,23,1,0,1,39.24987798969409,182.79724229251224
28,15,0,1,1,35.433210634987375,168.9766885057929
21,20,1,0,1,34.018774418742815,164.4756152149178
27,19,1,0,1,36.71995867214856,173.40224670709082
24,20,0,1,1,36.45234075733849,173.55936883504242
20,21,0,0,1,31.867001464937605,160.09134200868496
31,19,0,1,1,41.45500471702386,188.0704300022807
48,20,0,1,1,56.53515123833634,236.0223454842917
29,17,0,1,1,36.755747767272126,173.67213428373557
32,20,1,1,1,44.12347437502705,197.79111118191145
27,24,1,0,1,41.94237756840507,189.03154158099076
19,18,0,0,1,30.147979999327585,151.43536146726296
36,11,0,1,1,39.43491257911898,179.66895114293922
30,16,1,0,1,37.65100296889697,174.43801184427633
21,35,0,1,1,44.67701434756503,203.1813088511379
16,14,0,1,1,26.220168765023605,137.76279537040168
28,23,0,1,1,41.93820796571177,190.58801021741917
31,15,0,1,1,37.444015780710295,173.66207429377937
22,24,0,0,1,36.23973951685652,174.5215591767649
19,18,1,0,1,31.81174477012774,154.30379369476475
29,14,0,0,1,35.71330651096538,167.8729955191111
26,35,1,0,1,47.32574681486621,214.04481351543927
33,5,1,1,1,34.16478322063714,158.04463729748784
43,23,1,0,1,53.00351525471634,227.68383490596565
20,13,1,0,1,25.81386030476068,136.42513545901144
14,19,1,0,1,28.61016615774257,145.72291201779942
25,19,1,1,1,35.893073905806254,170.31553839822823
33,17,0,0,1,39.88960813644828,181.01261150108948
31,21,0,1,1,42.91740720650179,192.67545765933232
35,14,0,1,1,40.38530448902452,181.05566781541117
30,16,1,0,1,38.467395604095486,177.51859015732725
35,25,1,0,1,47.82125370054688,210.37628167386552
12,22,1,0,1,28.608942138546418,144.34446750660817
32,7,0,0,1,32.029637632360135,152.22225545375264
23,27,1,0,1,39.44038150268,184.99801848945475
40,21,0,1,1,49.072436231457786,214.2891474917161
21,10,1,0,1,27.249466949998325,137.07462328483166
41,6,1,0,1,41.09442834388445,182.75661378698965
28,18,0,1,1,38.52932403528081,176.21081525214237
23,20,0,1,1,35.73284574316908,168.04579537071018
29,21,0,0,1,40.357253857876216,184.35124397910477
13,25,1,0,1,29.90491856429454,153.95035980665406
50,21,1,1,1,60.730173026090384,246.8208933270161
25,17,1,1,1,35.1160442937736,169.16910490912838
27,28,0,0,1,41.346545598167374,190.7966536320569
12,17,0,0,1,23.238132092990305,128.57020508932527
41,23,0,0,1,52.79738814399699,225.4730626439694
14,22,0,0,1,27.37484523424288,148.44143845262226
29,13,0,0,1,35.00979251302361,164.0039314761954
18,22,1,0,1,35.56665872208802,166.41396685035508
19,11,0,1,1,26.674393522920035,137.2083453603818
22,32,0,1,1,43.833792969178624,200.83245216238163
27,16,1,1,1,36.75076904566919,171.42595168041072
34,17,1,0,1,42.42531356450624,190.34934116805647
22,24,1,0,1,36.812036337775645,174.68541717611154
29,19,1,0,1,39.89533890928661,179.67888424244993
25,26,0,1,1,42.422063050610674,190.80369608821744
45,18,0,1,1,53.32111989479867,222.27907609367784
27,20,0,0,1,38.2721085381142,176.383340407809
29,15,1,0,1,37.7581108088469,173.83535762730924
35,19,1,0,1,43.37997941331814,196.4707555469365
27,14,1,1,1,37.155442534225706,170.6708692120403
24,20,1,1,1,36.33299620532506,170.7309671739693
23,9,1,0,1,27.94887329769145,140.8746528804839
37,25,0,0,1,50.80532968187585,216.5905552002336
24,22,0,1,1,39.12208962654283,182.9528599321376
33,19,0,1,1,41.7256508447515,190.51965537003227
44,20,0,1,1,50.60791873777159,220.53949516047857
31,23,1,0,1,44.56996789456701,198.60121757617043
31,21,1,0,1,42.04945030224795,191.86633749521445
44,23,0,0,1,54.02120369354101,228.2497132298164
41,9,1,1,1,44.106638435478246,191.4226737381443
30,15,1,0,1,39.346408882921,177.02458610338994
34,25,1,1,1,49.49505481972229,213.0911905940089
27,20,0,0,1,39.33422037596188,180.8452011766532
38,21,0,1,1,49.5686384483179,213.3752076953863
32,23,1,1,1,45.29146200843101,201.824518856409
22,28,0,1,1,41.11368824552641,189.08384802812023
28,24,1,0,1,41.671910987725866,188.079749621948
42,5,1,0,1,39.55749380249389,180.5604272460167
28,19,1,0,1,37.5698819815828,175.4830886587703
26,20,0,1,1,39.2556025026424,179.81283306961052
25,25,0,1,1,42.09728584661083,190.3830357378225
26,18,1,1,1,39.48549077934275,178.66382382944883
27,14,0,0,1,34.30656415089893,163.2046983276798
35,21,1,0,1,46.305235474002,203.5646325282875
33,26,0,0,1,46.26095978207872,209.19840013727764
25,21,0,0,1,37.11673569952627,173.83392069850757
24,23,1,0,1,38.47497022041824,178.1763497255585
32,21,0,1,1,43.42707979223973,195.45126815516176
34,20,1,0,1,43.51722534306924,195.2333416200073
39,16,1,0,1,45.76936698519253,200.93579220551104
28,13,0,1,1,34.69163762889623,163.33603659693796
23,19,1,0,1,34.23489375665387,165.18524881069754
43,22,1,0,1,52.79810134759707,225.42687139873547
34,27,0,1,1,49.56357490273663,217.40494182141003
24,20,1,0,1,34.70049963810406,167.27267126448788
38,18,1,1,1,48.83239751770284,207.31059936516127
29,13,1,0,1,35.6847125518207,166.2502950334168
29,19,0,1,1,39.95208738851498,178.8569931546349
28,13,0,0,1,32.99105146255712,162.3692268698326
22,27,0,0,1,40.66730010297911,186.3747246865678
18,23,0,1,1,34.1445123340354,164.39776857884087
37,26,1,1,1,52.49908119794514,226.50351705960333
27,17,0,1,1,36.03127715330788,170.47863876991508
27,18,1,1,1,38.63144364885624,177.25438213440654
32,13,0,1,1,39.30954139496896,175.557171515837
25,17,0,0,1,35.17306851460346,166.87318376076956
43,17,0,0,1,50.57435610527008,211.1280114722118
26,20,0,0,1,37.3716785372557,175.3177981217436
20,21,1,0,1,34.73943191038097,165.3359411655551
22,5,0,1,1,24.305465187630706,128.7308061146803
46,15,1,1,1,51.10785296553431,219.0370507087694
42,22,0,1,1,52.33590662601393,226.96230382110969
31,30,1,0,1,49.02077547154758,214.89360089807712
24,17,1,0,1,33.179250388523464,160.89002420383596
30,19,0,0,1,40.681771432608095,184.6990719973456
37,24,1,0,1,49.04908804123443,216.72895002713847
27,25,1,0,1,41.17769057907158,192.9641539830574
12,17,0,1,1,25.11849858236023,134.3412886577977
20,11,1,1,1,29.18591013399381,144.13165802535002
29,25,0,0,1,43.01766176983777,196.1482067387316
15,10,1,1,1,22.91287473432505,123.9393258322571
31,14,0,1,1,40.36963335374337,179.25704967789773
25,21,0,0,1,37.41474692245544,173.47010112221298
33,19,0,0,1,42.478900754883256,192.4786068477897
43,21,0,1,1,51.26784775914552,221.17691619785748
25,14,0,0,1,30.902919823394736,153.27154183190493
33,25,0,1,1,47.52631744962565,211.04458514788504
34,25,0,0,1,47.21903667838685,207.14814830251095
37,26,0,1,1,51.8850974286941,223.7427454957233
37,32,0,0,1,56.49410426852595,237.39774157421976
30,28,1,1,1,48.24018921319311,211.90140402842516
36,20,1,0,1,44.87966371753959,201.55848710713036
20,19,1,0,1,32.30615491562339,155.3612119649797
25,13,0,0,1,30.433345754577854,150.69607474030556
22,26,1,1,1,39.04479888344568,181.6834689825169
34,19,1,0,1,45.03348567205806,199.79939819034848
19,26,1,1,1,37.865669554326985,178.4157495785449
44,20,1,0,1,52.66919754084103,224.54837556078868
21,24,0,1,1,38.04414139217218,176.34296202374549
34,21,0,1,1,46.267275586794405,202.56042637029552
21,22,0,0,1,33.492272139851906,166.7638779476588
25,30,0,0,1,44.18755331061485,198.0886693829069
26,17,0,0,1,34.307819128116364,164.09614699984854
33,18,0,1,1,43.58371510641284,194.2317378824457
18,7,0,0,1,20.638286318532217,118.38740702861227
33,24,0,1,1,47.81108164733879,208.86774129469768
28,23,1,0,1,40.047115832638646,185.18916073281284
34,12,0,1,1,40.01926946004255,182.1379113054878
25,11,0,0,1,29.39335456655884,145.5029410208529
23,8,0,0,1,26.42838168588341,134.02114596473297
36,6,1,0,1,37.10404796278161,169.82602969197472
16,16,1,0,1,26.564594483535924,138.92097700751737
25,21,0,1,1,38.89950968795598,180.3853811615792
39,16,1,0,1,43.59192974407941,193.84284260563987
37,15,0,1,1,43.33188156119089,192.6964001934057
50,18,0,0,1,56.60274229179073,234.5726138518529
14,19,1,0,1,28.48063862117647,144.82176273426654
31,19,0,1,1,40.417139241543815,184.2129344984051
14,32,0,1,1,36.79239383484463,176.41715826910135
21,9,1,1,1,26.3323316582916,135.65562853813807
13,17,1,0,1,24.195166892671452,129.49826635414803
32,16,0,0,1,38.00336285399849,177.77347299335366
30,24,1,1,1,46.388156551175165,205.99172619655263
33,18,0,1,1,42.86745428554391,192.8748434026312
29,20,0,0,1,39.14557569013956,180.01678074622177
20,24,0,1,1,37.67083802057532,174.9198653591665
26,22,0,0,1,39.28436798245993,181.05056589831116
36,23,1,0,1,48.119643488179015,209.92071785859756
28,8,0,1,1,32.10227335203664,151.98104948373535
18,20,1,0,1,30.793138149341218,155.1134727646256
35,12,1,0,1,39.81863642336439,179.5080070401338
31,26,0,0,1,46.22516168229895,203.8477327453586
39,12,0,0,1,41.74216766755875,186.92695583649305
16,18,0,0,1,26.244622460182928,139.93151819195447
25,36,0,0,1,46.96617528986,210.55982779500025
30,19,0,1,1,40.13948212926173,182.0371577400256
21,15,1,0,1,29.38945165291001,150.5308031552049
14,21,0,1,1,29.247154629466085,148.51303450575364
28,17,1,0,1,37.48827895922178,174.00044758130588
43,23,1,1,1,54.86617402916684,231.00400776559397
31,19,0,0,1,39.61952298054873,184.75600618929
43,19,0,0,1,51.47425893475898,220.79987648473377
23,27,0,0,1,39.04681220175968,182.0250586794893
33,20,1,1,1,44.21685227312929,196.2291387249774
23,15,1,0,1,30.38039383073412,153.0845216277066
13,26,0,1,1,32.38153766811399,161.16177725487478
22,17,1,0,1,31.741250305731867,154.67486620763736
26,24,0,1,1,41.54453342421974,191.43338292597173
29,10,1,1,1,33.65999701326443,160.50057945476425
43,9,0,0,1,42.86660831478846,189.79344283016167
28,22,0,0,1,40.87982942607532,187.9915018397934
20,23,1,0,1,34.2020965599274,164.53405485740336
38,28,0,0,1,50.06614517698332,222.57855937360225
38,17,0,1,1,46.41542671269699,205.4553051264189
13,26,1,0,1,30.612832994907727,158.8189214818101
38,27,1,1,1,54.57103429696858,232.17906667845432
26,16,1,0,1,35.42686271123576,165.39450098745135
26,27,1,1,1,44.57408046548304,200.22868387564367
36,12,0,0,1,40.03115988848228,180.5557968936428
37,19,0,0,1,44.38497415689333,195.8388494766414
26,15,1,0,1,33.720088720390464,162.73844585541622
27,24,1,1,1,42.49925967343804,190.3115543825605
29,17,1,0,1,39.14951232842687,178.92252859724377
35,27,1,1,1,50.77595182583052,219.13651173400976
43,24,0,1,1,55.12786862119784,233.2562744517291
26,16,1,1,1,35.948607564863934,170.1900600829711
24,20,1,1,1,39.24457002380605,178.75469856609735
41,25,0,0,1,51.81834657715119,225.0137459769009
21,17,1,1,1,35.08797894659862,164.1480437544877
31,10,1,0,1,34.03873618686723,162.25992916182364
37,29,0,0,1,53.56335492995272,228.6464247066332
22,31,1,1,1,43.31967988355861,197.08608753088672
20,24,0,1,1,37.57938647568225,177.8623767470556
19,14,0,0,1,28.32979861435676,144.90586884710524
38,13,0,0,1,42.70475826960304,189.95178171187283
17,11,1,1,1,26.490024555673997,133.78473727901823
35,10,0,0,1,37.1023299600477,172.97241845229777
45,24,1,1,1,58.321927848561465,241.9477489304188
32,12,1,0,1,37.42610459286566,174.35006338311769
29,20,1,0,1,40.11887460812025,182.02997408344663
26,22,1,0,1,38.407906116554,182.31224321417315
12,12,1,0,1,21.655709965034617,119.3153668048052
37,13,0,1,1,42.03760296031218,186.6608706826062
30,21,0,0,1,42.58479551656647,189.25606555920655
47,10,1,0,1,46.625734358102086,203.37017133028428
44,17,0,0,1,49.23840157382805,213.7943165785131
20,23,1,0,1,34.83320205412547,167.92028846323484
34,19,1,0,1,42.44490208438391,191.91891530888145
20,24,1,0,1,33.63800870700726,166.60285843872435
18,22,1,0,1,32.22377167883735,158.48260621572084
18,28,0,1,1,38.71851413640271,182.43552969162303
17,20,0,1,1,30.660043583978307,154.06065659809187
39,18,1,0,1,47.99879520304779,206.86532759878693
30,16,1,1,1,38.43446700573763,177.02284215325437
28,16,0,1,1,38.29534570564293,173.2594030323573
15,15,1,0,1,24.23217040840782,132.24677664438778
24,15,0,1,1,32.10165506083794,156.81148286454754
31,18,1,1,1,41.52825951083221,185.2544452517988
16,15,1,0,1,27.38649338715882,138.78514559410647
31,27,1,0,1,47.04893281516088,207.45834662125088
32,24,1,1,1,47.293617907298135,210.8176590276323
20,22,1,1,1,36.80610612969504,168.94603455993217
11,22,0,1,1,27.68137743888199,142.18166206066036
20,28,0,0,1,39.53876569231327,180.9141769314542
30,20,0,0,1,39.30471037229072,181.8478284366413
39,33,1,1,1,58.07721315872978,244.96406081444024
25,15,1,1,1,33.746666590142915,160.42281667996488
33,18,1,0,1,41.36975173756762,187.5398756741638
32,27,1,1,1,49.38992348581152,214.13370976219332
43,22,0,1,1,53.53180779382414,228.9229651742379
17,14,0,1,1,25.94275083300959,136.63320104755354
38,21,1,1,1,49.38360195056326,213.1486867497967
36,23,0,1,1,48.568890593874585,213.14934288402617
25,28,0,1,1,43.24096873045378,196.1078989479149
26,16,1,1,1,36.43759426974904,169.98564337440283
36,21,1,0,1,46.48311446810383,202.42440320819583
26,10,1,0,1,30.31787280278423,149.79873871385098
38,25,0,0,1,51.6293495435865,221.5418745928847
29,11,0,0,1,34.085317746836,159.46976805273331
26,28,1,1,1,44.97178153841124,198.9247105332161
29,16,1,1,1,38.42488197772068,174.97050762932025
21,23,1,0,1,35.26676926880321,171.58589149381805
27,21,0,0,1,36.09541236175591,175.87702285922063
38,13,1,1,1,44.067558230762685,193.4795917949632
28,25,1,0,1,41.895167259709744,194.85167680168212
11,26,1,1,1,31.65889552781867,159.66535606676973
34,24,1,0,1,49.08177412579504,214.2372799264753
25,17,1,1,1,36.21178867231806,168.10080382761447
18,23,0,0,1,30.963695388865176,157.16052897585314
36,20,1,1,1,46.4821232506361,204.17907053408197
30,12,0,1,1,36.46491144258994,166.8821476333947
44,18,0,0,1,51.014799667583056,215.31677008504968
40,14,1,1,1,44.23649415730952,195.8479213853303
29,19,1,1,1,39.80722688929143,181.8648893867695
44,13,1,1,1,48.81506773876482,207.3121599327241
37,22,1,1,1,48.37441727002093,212.6767759260474
32,22,1,1,1,45.2343797972815,200.0355389704121
45,21,0,0,1,52.8762441133539,227.41782203459752
25,15,0,0,1,35.73357191863901,164.12800726459935
25,30,0,1,1,45.079855822480894,202.69819406799516
36,15,1,0,1,40.64976374109845,185.64643174634816
30,16,0,1,1,38.67128057174903,176.7369844191758
30,13,0,1,1,37.80797176279455,172.37008169705803
28,18,1,0,1,38.56626154609997,174.9445179642855
33,9,1,1,1,36.93003445376845,171.56201095120804
25,17,1,1,1,33.84929844385546,165.66939003156693
38,10,0,0,1,40.80629075162829,181.7266778670872
26,12,1,1,1,33.98447517495117,161.5278662076407
44,8,1,1,1,45.90312393079953,197.26793260906703
30,18,1,1,1,39.982493390303205,182.99226009691864
30,12,0,0,1,35.447742659461355,163.266971313192
32,19,1,1,1,42.849501863902574,190.7943125920852
11,19,0,0,1,26.079962742616708,135.50686445801188
46,24,0,0,1,55.23055025987783,236.4000426738532
21,24,1,0,1,37.18159547651064,179.1995641981377
28,13,1,1,1,35.37983431915857,166.7862538966573
17,14,1,0,1,26.208738925714307,136.46575265866218
34,22,0,1,1,46.9997451650169,205.8583221841372
22,21,1,1,1,37.45749106611203,173.6602094052732
26,15,0,1,1,35.14448586913019,163.7964524200393
22,25,0,1,1,38.336271483982046,181.89341016164505
16,14,0,0,1,26.027027991369497,136.07600235111414
13,26,1,1,1,32.04581261010456,159.29156631464974
30,25,0,0,1,45.10495614788333,197.968689735694
41,21,0,0,1,49.25367148315091,212.3403716800953
35,20,1,1,1,45.23705210887828,200.98849288848768
30,18,0,0,1,38.44590979774733,177.7480162948574
25,30,1,0,1,43.03452714541682,197.4479274254975
33,26,0,1,1,49.28387783233514,214.45773664089236
33,15,1,1,1,43.92307596970704,189.64791505030527
28,24,0,1,1,42.22975049760282,193.70124219210985
27,20,1,1,1,39.43036523729361,180.7217431665741
27,18,1,0,1,36.50869215635068,171.85351424738988
38,10,1,1,1,41.91226212378526,186.0919733269367
36,22,0,1,1,47.77200807357588,209.35743191098769
40,15,0,0,1,45.67081765597836,201.48583733193783
21,18,0,0,1,31.76744263722923,156.2170873973236
25,25,0,0,1,40.2707812728402,185.4285162910622
28,17,0,0,1,37.100742367277206,175.2541458552764
26,31,0,1,1,45.31662765638682,205.26602362651195
36,22,0,0,1,47.06792144859769,207.18001978260293
49,11,0,0,1,51.50177469008272,217.2888403110736
16,22,1,1,1,33.4020974193018,159.30374866417608
38,28,0,0,1,52.00856228350289,224.9598844634528
27,19,1,1,1,39.33321536524961,179.18778779018936
18,20,1,1,1,31.90214342342265,156.372006235288
54,20,1,1,1,62.3238568508019,256.1986277011671
19,22,0,0,1,32.380851116602294,159.31777183668507
29,21,0,0,1,41.90046849657893,189.1935677069349
27,15,1,1,1,37.42197499532671,174.31342658128474
28,16,0,0,1,36.29574874111442,168.22783592023546
30,24,0,1,1,44.0375509092319,197.63483662687955
25,23,1,0,1,37.825582305748526,178.8168622252333
40,16,1,0,1,45.480946275847,200.25018206112028
32,18,1,0,1,43.97205887662136,191.80389017014383
34,17,0,1,1,42.50037440541735,192.21701059027097
17,22,1,1,1,33.88086498973207,164.1911293992233
34,23,0,1,1,47.49281608058583,208.1093005244207
27,34,0,0,1,47.62646889374706,211.14390260187096
25,16,1,1,1,36.78848545458292,170.23444190141117
36,27,1,0,1,51.869537829053954,223.5893600498545
43,16,0,1,1,47.72522513466044,205.7045815970013
26,22,1,0,1,40.16107168877351,183.4801782740589
23,12,1,0,1,30.776393962211944,150.1950746229061
31,24,1,1,1,45.88216288513824,203.13273302133743
30,22,0,0,1,42.81318607448616,191.94683552403137
24,10,0,1,1,29.254697918588622,146.95849215609337
27,12,1,0,1,32.50354530383479,158.8642494742174
16,20,1,1,1,31.502874318014246,156.0775974862227
23,11,1,0,1,27.71873790717501,140.42301970557233
38,24,0,1,1,51.00582929114654,219.217686511949
39,10,0,1,1,40.74143986718994,185.39897664967827
31,23,0,0,1,42.76096341522745,194.516543059129
29,22,1,1,1,42.43772907018424,193.48087326918923
22,26,0,1,1,39.15858993700317,184.01658470461535
29,12,0,1,1,34.45200050865331,163.86985756773743
20,29,1,0,1,39.97575438237093,183.70228471904136
24,22,1,1,1,38.874701053080656,177.30111214782272
40,22,0,0,1,49.67458275856003,215.39344074391133
26,19,0,1,1,37.77029351420758,174.98012775625546
27,18,0,1,1,38.11150345782848,178.7056846920432
23,8,1,1,1,28.52432465021208,145.56325712501362
35,24,1,0,1,46.91412887684784,208.1573371810311
35,17,1,0,1,45.33109726247182,198.55941950813727
26,5,0,1,1,27.973277939644035,138.1160414405893
20,19,0,0,1,31.38380826380128,153.79107799305834
21,17,0,1,1,32.85001619678052,156.29425948983817
52,21,0,1,1,58.468061671311496,244.07647881280863
30,6,1,0,1,28.486646823624664,144.46458856817418
26,21,1,1,1,40.24191352200084,182.54788860318573
28,30,1,1,1,48.253059191923136,212.9266699865949
29,20,0,0,1,38.73397791699716,178.74425721304326
30,19,0,1,1,39.43723687608907,183.59281961057857
29,21,0,0,1,39.83395449622248,182.91536920050453
35,23,0,0,1,47.58473254292559,206.0629581916509
28,16,1,0,1,37.07074875325746,173.1218176616703
28,12,0,0,1,33.545715867412305,156.59826785578468
19,23,1,0,1,35.00577030300396,166.30714689768004
19,11,0,0,1,24.674576379291043,131.76416626720072
25,27,0,1,1,42.03484579868572,191.9869366971032
24,15,0,0,1,33.533500901391484,156.8914955800422
24,19,0,0,1,31.88265147455789,161.1578278984361
32,13,0,0,1,37.78268120352392,174.46378005429307
35,32,1,1,1,56.01707313717325,236.36127250972768
26,17,0,0,1,34.99918812557356,164.18680902511983
25,16,0,0,1,33.85633362194754,161.9441876888919
21,16,0,1,1,29.823178689228136,152.18562540704735
38,14,1,0,1,43.133500183576864,194.0861681224696
30,19,1,0,1,40.894081828118615,187.31070980523836
29,21,0,0,1,39.76526911673161,184.22670252044776
3,27,1,1,1,25.195964213298208,137.24812397640218
29,22,0,0,1,40.72788371169709,185.89925552147585
34,17,0,1,1,41.28338150891715,189.67467721504764
35,20,0,0,1,42.815712037016105,193.66405648143737
38,26,1,1,1,53.65676956821816,229.259182290694
23,30,0,0,1,41.94103715630889,194.44321958992407
20,19,0,1,1,32.58996577355864,158.98241683087736
23,19,1,0,1,34.099638918681926,164.0523716401108
24,20,0,0,1,34.90873616669093,169.72524081080164
17,15,0,0,1,27.82480084802676,141.7418493518174
27,16,0,0,1,35.55096022480894,168.04488727761
16,21,0,0,1,29.847952140970875,149.9934581210165
32,26,0,0,1,44.67250834516243,201.7739203508855
41,23,0,0,1,51.35996986738028,220.15308123728087
35,27,0,1,1,49.41847674350463,217.50597667687435
26,16,0,1,1,35.34779250280245,164.28651282897536
28,14,1,0,1,34.59682881746426,163.96075970598363
37,15,1,0,1,43.27325590686964,192.74106908275107
13,25,0,1,1,30.570511391904915,155.18091480983065
16,20,0,1,1,30.69362981682245,151.36252050584042
8,6,0,1,1,14.33107073005856,97.05736912496803
29,18,1,1,1,39.57902374448652,180.46652077780337
19,11,1,0,1,22.58272824396096,125.75365971917952
18,21,1,0,1,31.76788345717434,157.12934067117538
52,20,1,0,1,57.86126028619872,241.56077994739292
26,12,0,0,1,31.840020801082936,153.50736476629487
29,13,1,0,1,35.892526913834644,169.8601465647472
28,9,0,1,1,31.21720069631896,152.63904517477454
32,15,1,0,1,40.3218427273141,180.08371806629313
28,12,0,0,1,31.5164386382265,155.1482440790154
31,17,1,0,1,39.196152643939534,178.36805926837218
15,21,1,0,1,29.784879221845348,150.40853959325796
39,31,0,0,1,55.78279723057689,238.14640769240964
32,18,0,0,1,40.04732227148423,182.8585767296513
26,11,1,1,1,32.55773869155597,155.442804841694
32,12,0,0,1,36.25991898248832,171.0305009867988
27,10,0,0,1,32.12237109861452,152.5958332950691
11,34,0,1,1,34.41504925048362,169.93826852792554
33,17,1,0,1,41.82254006139773,186.63997076308
16,22,1,0,1,33.037234809524946,160.5028556991937
18,12,1,0,1,26.15179519509461,137.2299801129424
19,12,1,1,1,27.348734350177786,140.5467213663343
32,29,0,0,1,48.28924103633324,211.5515103956064
38,19,1,0,1,46.81798900964473,205.7597379023321
40,20,1,1,1,50.54980693960861,216.12796026238584
27,19,1,0,1,37.67585861293647,176.71362562791677
33,13,0,0,1,39.89464652152765,177.0529486140996
15,22,1,1,1,30.83217273518927,153.4852410903656
43,15,1,1,1,46.345692991404434,205.1834098697764
24,20,1,1,1,37.660261648470616,177.06209690021197
26,18,1,0,1,36.96491000104495,172.12845900994918
29,20,0,1,1,42.67850900759992,186.3317574122241
36,17,0,0,1,42.35227776265135,191.215767706965
34,18,0,0,1,42.10257123644377,190.0763890198297
43,7,1,0,1,42.618904021963445,187.1573917480996
32,30,1,0,1,50.63189378389052,220.09503110418632
23,24,0,0,1,37.65399349659236,176.0123065957694
28,20,0,1,1,39.82601017631109,182.6160653000058
50,27,1,1,1,63.59213398394856,261.7729598889089
29,20,1,0,1,39.9704621255987,183.89415954036843
25,19,0,0,1,35.51055987794791,169.3265995700712
27,25,1,1,1,44.22934214615815,197.3178323346728
26,12,0,1,1,32.43621340894777,160.01896557714358
30,25,1,0,1,46.10429159046395,204.1801441408722
28,18,0,0,1,36.24532083031855,170.99746598239855
25,16,0,1,1,35.70739208361675,164.01060919253095
22,24,0,1,1,39.215203118219165,180.6563334537697
38,19,0,0,1,46.74184344951546,204.67786410330837
27,10,0,0,1,30.092915731938007,149.37190143756777
24,37,1,0,1,47.92977823420132,216.13487927786005
16,18,1,1,1,30.97605857537228,149.5406465287375
34,22,1,0,1,44.88434913783353,199.26989388446364
20,21,0,0,1,32.12582546909353,159.0296678566461
23,23,0,0,1,35.007937714691764,171.1283483774776
35,15,0,0,1,40.26219005952883,185.889208614877
34,19,1,0,1,43.72609096818521,196.98821306044428
47,13,1,0,1,50.02352883637119,214.87210831783284
33,26,1,1,1,48.47922661935251,213.0819255823115
29,16,1,0,1,36.43398556984111,171.6155686471097
30,28,0,0,1,47.14930355978881,208.45997833123025
28,25,1,1,1,44.58479657568752,197.36307440226648
29,22,0,0,1,40.534343646417256,185.1759620413829
19,22,0,1,1,32.97136926704816,162.34928180640145
44,13,0,1,1,48.41695942070695,205.7553264365401
13,26,0,1,1,32.64041110837127,160.3785975078289
20,18,0,1,1,32.392342966814745,157.42791707378169
29,15,1,0,1,37.49594864586255,175.61463317784364
40,22,1,0,1,50.55735529148139,217.1522739648152
26,27,1,0,1,43.2388926620897,196.4002962481221
31,21,0,1,1,41.169415562464295,188.1471213299
25,22,1,1,1,37.514267178904426,178.78165922204437
33,30,1,0,1,50.21637533956107,217.03714615540923
46,31,1,0,1,64.01670199903927,263.2560937240032
16,17,0,0,1,25.187841023069417,136.1581675091041
28,22,0,0,1,40.15237009535645,186.77240269035704
26,22,0,1,1,40.23309880349508,183.1572303837886
33,18,1,0,1,41.16683461355377,187.9833501714409
39,21,1,1,1,50.8288014247034,216.4223816031284
28,10,1,0,1,31.720129720606455,152.80798962776282
39,17,0,1,1,46.86355795769883,203.95404812049395
34,22,0,0,1,45.23888674922835,200.23147057066123
39,13,0,0,1,43.26474075163215,190.09294522443676
30,19,1,1,1,42.22748504813684,189.287712436662
24,23,1,0,1,38.886255268146016,181.5022756229428
43,19,1,0,1,50.35524276436862,218.49103847369352
18,10,0,0,1,24.06973277094669,128.95186109534217
18,16,1,0,1,28.024214267427112,145.0941847794426
19,17,0,0,1,29.371018882496628,149.21357778745983
31,22,0,1,1,43.680336142464654,192.75196320361897
26,14,0,1,1,33.94238772254164,160.34818802899446
27,19,0,0,1,39.36472116043977,178.85398269562765
35,17,1,1,1,44.446948591266285,195.4934262621551
35,21,1,1,1,46.09084278374268,204.2177458486448
31,16,0,0,1,41.113999875711606,183.5601786119891
39,30,0,1,1,55.43153632352044,235.63900860099653
30,22,0,1,1,43.32036394330216,194.15308202221172
32,23,0,1,1,45.00988280838624,197.8713528269013
31,24,1,0,1,44.3295520116272,197.0549264380465
44,18,0,0,1,48.90973417080349,213.86801714235253
45,28,1,0,1,58.0681162360754,245.0661083547251
35,29,0,0,1,53.170474369895416,226.90593358534923
25,19,0,1,1,37.02631180071823,171.32183257323138
19,35,0,0,1,41.5247176197587,193.4808888937596
35,21,0,0,1,45.52666359165781,203.10610726336077
25,22,0,1,1,39.62457792358893,181.84563060581957
20,7,0,0,1,22.96057075475495,122.89235626746031
28,22,0,0,1,40.292854762331096,182.99958467815495
33,29,1,1,1,50.60458169326931,220.03360690853847
32,24,1,0,1,45.44777237661437,202.48095545146157
40,20,1,0,1,49.79158262822072,214.71674121114452
15,22,0,0,1,31.29185346598897,154.9591187473977
37,19,0,0,1,45.69507373535971,204.17051811875217
33,26,1,0,1,48.60206627829082,210.6779518466684
40,11,1,0,1,42.72573533238157,190.1377989950144
