student_socioeconomic_status,school_quality_index,parent_education_level,average_classroom_size,gender,ethnic_minority_status,proximity_to_tutoring_center,participation_in_tutoring_program,student_academic_achievement_score
8,34,8,11,0,0,11,55,148.04480326874327
9,29,8,13,0,0,10,55,145.03274686720852
10,32,6,17,0,0,10,58,145.75431797369774
9,31,8,12,0,1,11,54,143.0991451913872
12,31,2,11,0,0,13,59,148.717794222114
10,32,7,18,0,1,11,61,149.97416504946318
9,29,4,10,0,0,10,51,136.28860978671645
11,26,11,13,1,1,12,53,142.95016903129212
11,31,11,14,0,1,10,56,149.70890754177464
10,28,15,11,0,1,12,47,134.00146642529637
8,31,11,15,0,0,9,50,134.58707969225753
8,29,0,10,1,0,9,56,144.624578044568
12,33,6,12,1,1,9,58,154.72923681669164
7,32,5,8,1,0,8,54,145.6648990068153
9,30,9,13,0,1,9,53,142.97847951055007
13,29,7,10,1,0,8,53,147.4785153037901
11,30,7,11,1,0,11,54,147.22525616058533
9,29,10,8,0,1,6,46,132.58461292174405
13,26,6,10,0,0,10,53,142.7753111239541
8,30,12,16,1,1,14,57,151.99098687542954
9,31,13,10,0,1,10,52,147.6066807374702
12,28,0,12,0,1,9,58,149.60368238201525
17,30,1,14,1,0,11,62,160.91204707117456
4,28,10,13,0,0,7,46,126.00993812906488
11,31,16,14,1,1,8,51,146.24016847064934
11,32,8,13,0,0,10,57,150.0096049220029
12,34,5,17,0,0,6,59,148.70343278951452
3,30,11,13,0,1,8,49,133.47082512469143
8,30,6,17,0,0,10,59,145.81180174061086
7,29,7,11,1,1,12,55,147.24531533376222
10,27,7,15,0,1,10,57,149.87140101668672
6,28,14,13,0,0,9,49,135.51239882328554
10,34,11,12,1,1,8,54,149.06740522982193
7,28,14,16,0,0,7,50,134.5315598163116
11,28,8,14,0,0,10,56,144.76990210462444
10,30,12,12,1,1,10,51,141.6930504301688
6,33,2,12,0,0,9,57,145.88346871611702
9,27,5,11,1,0,7,55,148.96896928267796
11,29,5,13,0,1,11,58,150.49307322643045
8,28,6,16,1,1,12,56,139.2274119143337
13,30,7,13,0,1,10,59,156.1139756300152
10,26,6,13,0,0,11,56,146.93161276006205
6,31,7,13,1,1,12,55,145.53751581813606
11,33,7,12,1,0,10,54,146.61974001571895
8,30,10,16,1,0,12,56,147.62567020824724
9,31,15,9,1,0,8,45,133.6950488754382
7,31,8,15,0,1,11,59,150.04707695932694
8,32,3,14,0,0,12,59,148.07458136561263
6,28,2,15,1,0,11,58,144.6584149113647
10,25,2,18,1,0,8,62,150.82335855124742
7,27,9,12,1,1,13,54,145.49008269587364
5,29,7,11,1,1,11,52,138.8711648644262
9,27,11,15,0,0,11,50,135.2176663460359
12,31,1,14,0,0,9,59,149.93921257883628
15,28,5,17,1,1,12,62,156.9778514876036
8,28,4,12,1,0,14,57,146.2455457597305
13,30,10,13,0,1,14,58,155.60072139212926
8,32,12,14,1,0,6,50,138.98298043275872
8,28,5,15,1,0,10,56,146.12009579662805
10,29,11,12,0,1,10,52,145.2529303252485
3,28,5,12,1,0,9,50,129.10193661799912
11,29,9,10,0,1,8,52,146.22902583614163
9,31,6,14,1,0,12,57,146.62715692003383
13,32,11,15,1,1,12,56,149.57130495188426
8,27,6,11,1,0,10,49,131.6257382157432
0,32,7,16,1,0,8,53,134.79981382187768
3,35,10,7,1,1,13,47,133.5824983843856
6,30,0,15,1,0,11,58,145.6489177411159
11,29,10,15,1,0,13,53,139.66367842878304
8,31,9,9,1,1,11,50,139.33974315707007
11,30,4,12,0,0,12,60,156.4437714685738
9,30,14,8,1,0,9,43,130.74592137223425
3,37,11,13,0,0,13,53,139.734586569148
11,30,9,11,0,1,12,54,147.7789839225167
5,33,9,15,0,0,10,53,139.985612510043
12,26,3,10,0,1,11,58,152.69116459767005
11,27,7,11,0,0,13,54,144.08414087133332
9,29,7,10,0,0,8,51,139.84232632102524
10,30,4,15,0,1,9,61,154.20410905472554
7,31,13,12,1,0,12,51,139.88021467520974
7,32,12,14,1,1,9,49,135.43309425942806
9,28,8,10,0,0,11,53,142.91059093803597
13,31,13,15,0,0,11,56,149.61874255280063
13,25,11,14,0,1,8,53,145.65345072824596
9,27,1,14,1,1,8,56,144.00559072864644
13,27,11,16,0,1,12,56,147.2464350058078
10,31,13,11,0,0,14,52,145.63865463411275
9,29,8,12,0,0,10,53,141.28005643410955
9,31,14,13,0,0,10,52,142.77095576648213
9,30,5,13,1,1,9,54,141.53849776305427
8,29,7,9,0,1,9,51,140.8877321977866
11,27,4,15,0,1,12,60,151.4113411153509
8,29,6,16,0,1,12,58,146.66897282848092
9,31,7,15,1,0,9,58,151.5385249694176
7,29,8,11,0,0,10,53,144.4289489154438
6,28,10,14,0,0,10,53,138.860148881526
14,31,9,15,1,1,9,55,148.3442281850845
5,27,6,18,0,0,13,60,147.09090905945789
12,28,6,11,0,1,9,55,146.8637271673752
10,27,5,13,1,1,11,55,143.99359305661213
9,32,4,14,1,0,11,56,144.07364686297544
11,29,12,13,0,0,10,51,140.0962043691354
15,30,10,15,0,1,12,59,156.960099150359
9,29,3,8,0,0,11,53,142.90958464890477
9,27,8,14,1,1,10,54,144.81067439641578
10,32,7,1,1,1,10,45,136.3207006777447
7,28,4,7,0,0,8,49,135.19587674079543
15,28,8,11,0,0,11,55,150.99818284392452
8,27,10,13,0,1,10,53,144.37607186548428
10,33,8,8,1,1,11,54,150.30595148085268
5,27,13,12,0,0,12,48,131.68509937446746
8,31,9,15,1,0,9,54,142.89321142754022
12,28,6,13,1,0,10,55,142.77545236279298
7,33,6,18,0,1,13,62,149.6350814201528
9,31,10,12,1,1,15,57,151.60501320972102
12,29,8,10,1,0,9,52,141.28203562586708
9,28,4,9,1,1,13,55,147.68058621037108
6,30,5,15,1,1,11,55,139.94586964990492
12,31,8,9,0,0,13,53,149.14917972190432
12,29,4,15,0,0,6,59,149.67386402263494
10,29,7,17,0,0,10,58,148.6322037068796
7,31,11,17,0,1,10,60,154.5146188644181
12,29,8,14,1,0,8,54,144.67291195669517
8,29,5,12,1,1,10,51,135.5596624248175
7,31,12,17,1,0,15,55,143.54740768923082
11,27,10,12,0,1,8,52,142.8055069282372
14,29,1,11,0,1,13,59,152.95734473231272
8,32,7,17,1,1,10,59,150.86088161531436
11,27,7,16,0,0,9,57,148.2086846076786
7,26,7,14,1,0,11,51,135.35124019085308
14,27,0,16,0,1,8,64,157.61059990934254
6,26,10,14,1,1,8,49,131.9788806629043
14,30,8,17,1,0,10,58,152.0035201997133
16,32,8,19,0,0,8,62,160.4740446307833
6,30,2,12,1,1,12,58,146.0785752134565
10,32,5,11,0,1,10,55,145.91113700281696
12,35,11,19,0,0,10,62,157.24808938714662
12,29,13,15,1,1,9,56,153.01036800724248
10,29,3,10,1,1,12,55,145.64300820404873
9,32,8,12,1,1,8,54,144.82168167571191
9,31,13,11,1,0,9,50,139.20189538428008
13,31,10,11,0,0,11,56,152.5639508335645
8,29,6,16,1,0,9,52,133.48650158097038
3,27,4,14,1,0,12,53,135.3262693148873
9,31,11,12,0,0,13,55,151.76993195179483
4,29,11,13,1,1,9,49,135.79835861524177
12,27,2,6,1,1,9,51,138.77510372297573
8,28,8,17,0,0,13,57,141.28613649340497
9,30,14,12,1,1,10,52,146.4416965920161
12,35,11,17,0,0,6,57,151.2886523214508
12,28,7,10,0,0,9,53,144.34655465995812
14,32,4,16,1,1,10,61,154.7066979432301
14,29,7,20,0,1,11,64,158.464211459838
6,27,11,17,0,0,11,53,135.1754276593158
12,31,3,12,1,1,11,57,147.930709107036
11,27,7,11,1,0,14,55,147.32741629973694
9,30,8,16,1,0,11,57,146.0487027273006
12,29,11,14,1,0,8,53,144.54622186109583
9,31,7,15,1,0,11,58,149.85974081448623
11,29,10,7,0,1,15,53,150.27506202075696
12,31,9,14,1,1,12,57,149.1840911317191
6,29,11,16,0,1,9,54,142.56934382633685
8,29,8,12,1,1,9,53,144.25784288661845
9,29,5,13,0,0,8,55,140.84902666573132
8,30,12,11,0,1,13,52,142.8735198358451
10,25,11,12,0,0,12,49,133.60057131188896
7,28,5,13,0,0,12,54,141.1519084321486
5,30,8,15,0,0,11,55,141.6767160247534
11,30,4,20,0,1,11,65,155.9548574560504
13,27,5,12,1,0,12,56,147.10895472204965
10,28,6,11,1,0,13,55,147.41353036248287
9,31,14,16,1,0,12,53,142.5035160559598
13,27,9,13,0,0,12,56,147.55891379661318
11,28,6,13,0,0,9,57,151.64704646651575
9,26,7,10,0,1,13,53,142.75255088833873
10,33,3,16,0,1,12,65,160.7675670280852
5,32,10,14,1,1,15,56,148.42001477833662
10,29,8,21,0,1,13,62,150.71046168987291
7,30,9,15,0,0,9,53,136.4237390694516
11,32,7,17,0,0,15,61,153.3979907205428
8,32,6,16,1,0,10,57,145.621996595403
10,29,12,12,0,0,13,51,142.00877855426194
9,31,3,13,0,1,12,57,142.6900416221915
12,27,8,21,0,0,7,61,151.7669734764525
13,29,7,15,1,1,10,60,155.62235652955448
14,36,7,12,0,0,6,53,142.50438620208544
10,31,14,11,1,0,15,50,140.18777406072505
9,27,9,12,0,0,10,53,141.867449836037
10,26,4,17,0,0,10,59,149.2729558570941
11,31,5,18,0,1,8,63,156.10333794347656
15,30,12,14,0,0,8,55,150.8655383062539
7,29,8,10,0,0,5,46,128.88962246835794
12,31,6,17,0,1,12,61,152.23935337532657
17,31,8,12,1,0,6,53,144.28389651163303
9,28,9,10,0,1,10,51,141.32887287031556
15,28,12,14,0,1,11,58,158.6723015574012
11,31,8,10,1,1,10,52,145.363678019898
11,34,7,16,0,1,11,60,152.69735259478335
7,32,10,14,1,1,13,56,150.16563855558817
8,31,9,13,0,1,10,56,149.23196984632548
12,28,12,15,0,1,7,54,144.47441725130878
9,31,5,11,1,0,9,53,142.8756364019716
11,29,11,17,0,0,10,57,146.2955689735618
6,27,2,11,1,1,11,52,136.58812742476383
6,31,3,9,1,0,11,51,138.2842497660144
10,29,9,17,0,1,8,59,151.57723531586652
10,29,4,11,0,0,9,55,144.70497987927973
12,30,14,8,1,0,11,51,148.29994741695765
9,33,7,13,1,1,9,57,152.0895204459258
10,29,11,14,0,1,9,56,149.9859349156202
7,31,5,14,0,0,11,55,140.33589249772763
7,32,12,15,1,1,13,53,140.30790135481868
11,30,10,15,1,0,11,56,149.61024599458315
12,30,8,11,0,0,10,52,140.6078717141391
8,31,9,14,1,1,11,53,138.55549957388433
12,30,7,14,1,0,12,56,147.04548400833903
9,30,6,11,0,0,9,55,148.43536522717557
6,30,8,13,0,0,10,53,139.38600640081285
9,27,14,18,0,0,8,54,143.05176661111753
13,29,7,12,0,1,14,57,149.9147196174903
11,32,14,14,0,0,8,51,141.73230778117556
9,27,7,17,0,0,13,59,149.25474252849105
9,31,9,14,0,0,10,55,145.63312838239233
9,31,7,16,1,0,10,58,150.04409205237175
7,34,11,17,0,0,10,56,142.35087067855622
8,29,8,12,0,0,12,54,144.86342151723778
9,28,5,12,1,1,9,55,141.67250361883552
6,27,9,16,0,1,8,54,137.83519883249494
9,28,12,17,1,0,7,51,138.3818797524018
9,31,4,12,0,1,10,59,153.30831054148382
11,24,11,14,0,0,7,50,136.5250238106901
8,29,9,14,0,0,12,54,140.64773210412304
10,33,9,13,0,0,13,59,155.1370053470289
13,28,14,10,1,0,8,48,141.47294617377432
5,29,4,18,1,0,13,58,140.3824699136404
11,29,11,11,0,0,14,53,145.2990126978525
7,34,6,14,1,1,12,57,147.70387360354502
5,33,7,15,0,1,9,56,143.1368381814072
12,34,6,7,0,0,12,56,150.6917642313015
11,29,4,19,0,1,9,63,153.7650351429389
13,28,6,13,0,0,10,58,150.75477407839014
9,27,1,19,0,1,9,63,150.09711504351122
12,29,0,15,0,0,10,62,156.2866949397972
9,30,9,14,1,0,12,52,140.06914974520106
5,31,12,16,0,0,11,52,137.15082168743857
7,30,7,11,0,0,7,52,138.72664624329948
9,26,7,14,0,0,8,55,143.79980662114548
11,31,10,13,0,0,14,58,153.53657765775776
10,32,6,13,1,1,10,58,152.20782810703002
7,28,10,13,0,0,13,55,148.56886697216737
12,29,8,9,0,0,11,55,150.2808488695869
11,28,7,15,0,0,9,56,147.59518706887954
7,29,2,17,1,1,12,60,148.07161359743003
12,31,0,13,0,0,9,62,156.10528316915745
16,34,11,16,1,0,10,56,149.89713893528656
11,32,8,11,0,0,9,54,148.09166007747615
10,26,7,11,1,1,8,52,142.3134897589984
16,31,5,13,0,0,10,59,156.48113662381382
13,32,9,13,0,1,13,57,150.15949679067603
9,31,4,15,1,1,12,59,148.9001356531079
8,32,11,14,1,1,10,53,144.1336478702126
6,34,8,18,1,0,9,59,148.55063470308323
10,33,7,19,1,0,15,65,160.0835776882094
11,28,12,13,0,1,13,53,142.8250151436713
7,29,6,14,0,0,13,56,142.8185267468128
8,29,7,10,0,0,14,57,150.1315724592419
15,29,3,11,1,0,9,57,152.93649269579504
5,32,11,15,1,1,12,54,142.61089464124146
10,25,15,12,1,0,10,47,137.14739028644968
10,28,0,10,0,0,9,57,145.93386466790756
10,32,7,17,1,0,13,60,151.397145334589
9,31,3,15,1,1,13,63,157.82643331155933
10,30,1,17,0,1,11,66,158.5777772609301
12,29,7,20,1,0,11,64,158.02947237155715
8,30,4,11,1,0,7,51,136.04653186784867
11,34,7,16,1,0,10,60,154.12037818351507
12,27,5,16,0,1,14,64,158.74929760230785
6,30,12,20,0,1,12,60,151.85070881609917
10,30,3,18,0,0,10,62,150.81029195346986
10,33,10,17,0,1,9,59,150.75196356179285
12,30,15,12,0,1,9,53,150.8216952867945
6,28,6,9,1,0,8,50,137.2908071386759
10,31,7,12,0,0,11,57,151.19471097566324
11,32,3,15,1,1,13,60,149.34783939743394
13,30,11,13,1,1,12,55,152.6759545243118
11,29,6,18,1,0,9,59,149.17999101499788
8,30,4,18,0,0,12,61,149.3050613679792
11,32,13,11,0,1,12,53,145.9474031013428
14,29,9,15,1,1,11,57,151.4492053918437
6,26,11,17,1,0,8,53,138.4745221176876
7,32,8,11,0,1,11,54,141.65985639833923
13,30,8,15,0,0,13,58,148.2487355855195
11,29,7,16,1,0,13,61,157.51856257850827
10,31,7,16,1,1,11,58,148.42435949894374
11,30,11,12,0,0,12,52,142.08484538075083
9,30,11,12,1,1,10,52,141.5663522051608
10,32,6,19,0,0,11,62,152.21126144223382
10,32,8,19,0,0,11,60,150.54576533403477
8,30,13,11,0,0,10,50,141.68090705997406
11,29,9,17,1,1,12,59,152.15974084876598
6,32,5,14,1,0,12,54,137.88382921575703
10,34,15,15,0,0,10,54,146.5792249012187
12,28,1,10,0,0,11,55,144.48101197132206
12,32,10,15,1,1,13,57,151.7032821658866
11,28,8,13,0,0,10,56,150.06594668834313
9,31,13,17,0,0,11,55,145.71581700752398
9,28,9,14,1,0,11,52,137.0804966969943
9,32,5,14,1,0,15,58,148.48860867883684
10,30,12,16,0,0,9,50,134.09206049010783
12,30,8,11,1,1,11,56,151.83372113833883
11,29,8,15,1,0,10,54,142.32656427269058
16,29,6,10,0,0,10,57,155.00071587490297
8,28,9,12,1,1,9,52,142.5131828165713
12,30,3,16,1,0,10,61,152.03008556606895
3,28,5,14,0,0,10,53,135.05061127667537
15,29,7,12,1,0,10,55,147.11765659652568
13,31,7,16,0,0,11,59,150.31443237265043
5,35,8,16,0,0,9,58,149.11065679157204
12,35,7,15,0,0,10,63,161.65852399217158
10,31,9,16,0,0,12,58,149.54588101857092
10,31,8,11,0,0,13,54,145.5373451489708
7,29,0,15,0,0,12,58,141.25268547945322
7,29,8,13,0,1,11,56,147.3695605837071
9,30,10,16,1,1,12,57,148.26160651628086
8,25,6,12,0,0,11,52,137.89392914750857
6,31,8,14,1,0,11,54,141.02658098051057
13,28,5,13,0,1,10,58,150.48002768953177
8,29,13,14,1,0,11,48,133.02933826106943
6,29,9,15,0,1,10,53,136.56143824506282
14,31,7,14,0,1,11,61,156.6328149713027
12,31,9,12,0,0,10,53,146.73050356634644
12,27,4,14,0,0,8,55,142.22578556466468
14,32,6,11,0,1,8,58,154.5708196271469
8,28,7,13,0,0,8,54,139.78396200172898
8,32,5,8,0,0,11,54,148.15630782991423
7,31,4,12,0,0,9,56,145.86314080008634
12,28,9,16,1,0,11,55,142.84243793947317
8,33,7,12,0,1,7,54,141.6556786165394
7,27,11,14,0,1,10,54,145.79625753789088
9,32,11,15,1,0,12,54,143.71380096805976
12,30,13,17,0,1,10,58,152.15616062145563
9,28,8,13,1,0,8,51,138.64470538579158
4,32,4,20,0,0,12,60,140.96417125628528
13,28,9,17,0,1,13,60,152.9592931546992
4,29,1,16,1,0,12,60,145.3340225378581
9,26,10,17,0,0,15,57,142.98918695507115
9,27,11,15,0,0,9,55,148.4763993778564
11,30,8,13,0,0,11,59,154.27267464825243
13,31,5,14,0,1,10,59,152.69292575024036
15,27,6,12,1,0,11,54,145.37245598408
7,28,6,12,1,1,11,52,138.4589987988994
7,27,10,17,1,0,12,55,142.17817737694563
5,31,8,14,1,0,11,52,139.8893855683441
7,30,10,16,1,1,10,56,146.24118298156648
6,32,6,9,1,1,11,51,140.45589790186852
9,27,7,14,0,1,9,55,144.061225055215
11,31,4,12,1,0,10,57,152.287994989821
9,30,4,15,0,1,10,58,145.7347840908228
12,31,6,14,0,0,10,58,147.71646215609064
13,29,8,13,0,0,7,55,150.20654322168903
6,31,1,12,0,1,11,60,151.15056714348367
8,32,9,17,0,0,11,58,148.8881122349837
14,34,9,14,0,0,10,58,154.12157964736133
5,30,11,15,0,0,12,51,133.9046424575577
13,28,5,13,0,0,9,57,150.24047959386996
11,31,10,12,0,1,10,54,144.67318508506327
3,29,4,13,1,1,11,55,142.79403230683124
11,33,9,15,0,0,12,58,149.65123475679522
8,31,6,12,0,1,12,56,144.6458169397953
6,27,6,12,0,1,9,52,137.31852324636043
17,32,10,13,0,0,11,57,152.45551870234553
9,29,7,14,0,1,11,58,147.67924476619575
10,32,8,16,1,0,9,54,140.2710524876341
11,31,10,13,0,0,13,56,150.22397232422256
11,30,10,11,1,0,12,54,149.5037509305855
9,32,9,17,1,1,10,59,152.2125341591551
15,28,3,16,0,1,11,62,152.7838976858455
9,31,12,9,0,1,9,48,137.19074304408733
11,35,10,12,0,0,11,56,150.28136218671816
11,35,6,14,1,1,10,58,151.95288539471622
13,30,3,17,0,0,9,61,153.3663401860674
10,27,3,7,0,0,11,53,144.1156666499553
7,35,10,11,0,0,14,55,145.7587817229539
11,29,5,14,1,0,10,58,151.6477764674541
7,30,12,13,1,0,9,52,144.00508870853886
10,29,8,13,0,1,11,54,146.10687393407258
2,31,9,17,1,0,9,55,140.4993017335637
10,29,7,16,1,0,15,58,147.15936811042994
7,31,9,16,1,0,12,55,141.8725097354974
12,29,6,15,0,1,10,61,157.23378127514084
7,30,7,9,0,0,8,51,142.1655241744757
11,29,3,11,0,0,10,58,154.37613397518567
8,27,10,11,1,0,9,49,136.72227445256058
11,31,8,14,1,0,12,53,138.58167122214687
13,28,7,18,1,1,12,61,153.60836343484277
10,27,5,9,0,0,10,53,143.05929053003425
8,29,3,10,0,1,11,56,144.09926042649622
13,27,9,11,1,0,13,54,148.93100003138971
9,33,10,16,1,0,11,56,150.60193717690038
10,28,4,11,1,0,11,55,145.11963102162508
14,29,7,10,1,1,10,53,145.32605206180568
13,29,8,13,1,0,10,52,141.19275297516168
12,29,5,14,0,0,7,59,152.25365413284766
12,26,11,16,0,0,10,55,144.43832206077462
15,31,7,18,0,1,12,66,167.34914115065095
11,30,10,13,0,0,11,55,146.36390659562667
9,32,7,13,1,1,8,55,145.8872715018987
7,26,8,11,0,1,13,53,142.12066072937003
6,26,5,14,0,0,7,55,140.46100732919712
7,28,4,16,0,0,9,58,143.83103941155028
15,31,8,14,0,0,13,59,154.6632263759048
11,31,6,16,1,0,10,63,160.5653444711328
8,33,4,10,0,1,12,59,154.11633695619577
12,26,11,15,0,0,14,57,146.58906305197667
14,33,7,14,1,1,11,57,148.23754934882018
10,31,6,11,1,0,15,55,145.59751259760662
4,32,2,17,0,1,11,61,147.55939383463848
14,30,5,9,1,0,11,57,158.02193737527048
10,29,10,18,1,0,8,56,148.95577742175232
9,28,5,17,1,0,10,59,149.06458559658634
10,31,10,16,1,0,9,57,149.419214313327
8,28,7,11,0,1,6,53,143.7099924630994
14,26,11,13,0,0,10,53,145.69207288579742
11,31,7,12,0,1,9,55,147.0253215569722
7,34,9,15,0,0,11,54,141.28592959178496
4,32,11,10,0,0,15,53,140.7572471503898
9,31,7,10,1,1,8,54,149.84902986868175
7,30,7,11,0,1,11,51,136.51451369993893
5,29,4,12,0,1,9,54,141.5401494739988
7,28,10,22,0,0,10,58,140.2095740808698
8,31,7,15,1,0,12,56,144.86174770849922
10,33,7,16,1,1,12,59,150.5525175041421
11,28,6,13,0,1,13,57,147.96452580791183
11,31,8,14,1,0,9,56,147.66877868293346
7,34,9,15,0,0,13,58,151.1741721701606
13,29,4,15,1,0,9,60,154.71059378999374
7,31,1,13,1,0,13,58,146.18711924777
12,27,4,6,1,0,11,50,137.8025874122363
12,30,9,15,1,0,13,59,156.31657532556147
11,28,6,13,0,0,7,54,141.84794885820924
15,26,4,18,0,1,4,60,149.55869340751775
8,30,10,17,1,0,11,55,141.77650683827122
7,32,9,13,0,0,8,51,136.42091023362386
9,30,12,13,0,1,9,53,145.54774731474436
8,26,13,11,1,0,10,48,139.37785706778735
11,34,3,17,0,0,12,63,157.93381853608474
6,26,11,17,1,1,13,54,140.0397281151263
11,27,1,17,1,0,9,60,145.36573179878698
14,31,4,14,1,1,9,60,153.26484884613689
9,26,10,16,1,0,11,55,146.5833465097096
6,28,8,17,0,0,6,55,140.27277466311128
11,26,12,13,0,1,11,51,139.9640291723259
17,30,8,15,0,0,13,60,153.5887477650263
10,31,13,16,0,1,11,54,142.47514027122477
10,34,3,11,1,1,12,59,150.74080575806116
9,33,8,13,0,1,13,56,146.19532527396242
8,30,6,11,0,1,12,57,148.60188859334446
14,35,4,13,1,0,14,62,161.25452633587267
9,29,13,15,0,0,8,53,146.0460105570201
7,32,6,13,1,1,8,52,138.89539314731772
7,30,7,11,1,0,10,50,137.93700743929907
13,31,5,18,0,1,12,67,163.55700183989853
5,27,10,12,1,1,7,46,128.31067064690734
13,33,5,15,1,1,12,58,150.54716867401663
8,31,14,12,1,0,13,52,147.50528159515264
5,29,8,22,0,1,12,60,144.18919469205548
11,30,9,17,1,0,9,57,148.71615852794088
14,27,12,10,0,0,11,48,135.71682756957406
8,28,12,14,0,1,9,54,146.59896555167143
8,26,8,9,0,1,13,50,134.70375773794964
4,27,3,11,0,1,13,56,141.41376904434398
10,28,8,12,0,1,9,53,142.1676744203113
16,32,9,18,0,0,11,62,159.13554067429305
9,28,3,12,0,1,11,56,146.51569986744363
10,27,8,13,0,1,11,54,143.9181407110099
10,28,3,9,0,0,13,57,148.97762572000184
5,25,7,15,0,1,13,57,144.748456610901
7,28,10,14,1,1,14,53,138.24231057073567
13,33,6,12,1,0,10,58,153.30847189256693
13,31,6,11,1,1,14,59,156.0817343854042
14,32,6,12,1,1,10,58,156.10863383128435
5,31,5,15,0,0,13,59,148.9344044049721
12,29,7,11,0,0,10,54,146.30530737860715
9,29,6,13,1,0,9,54,143.53311333918336
10,30,16,11,0,1,10,50,144.17733146761995
6,25,10,9,1,0,9,44,128.1611441650353
12,31,11,12,0,1,11,53,146.2346520793385
6,28,8,10,1,0,8,47,129.96056370348916
6,31,12,13,1,0,10,48,132.14405598065514
10,31,4,14,0,0,11,60,154.59327578103014
12,33,9,12,0,1,12,56,151.22581782997798
8,31,3,18,0,0,10,64,155.142087538162
13,30,10,14,0,0,8,56,150.80942053380667
14,32,7,13,1,1,8,56,150.68869522746724
6,30,10,13,1,0,7,47,128.266380200574
11,30,9,7,0,0,10,52,145.66026006113884
7,28,9,10,0,0,9,49,137.74492736673932
11,28,12,13,0,0,11,52,141.69095094101098
7,30,1,14,0,0,9,59,148.0135070222181
9,29,11,13,0,1,10,53,142.79997359479034
8,30,7,12,0,0,11,57,148.54952742428804
8,30,8,12,0,1,12,53,139.72597775375203
13,31,8,14,0,0,9,58,152.109774826605
5,32,9,12,1,0,12,50,136.4623914393685
10,31,9,12,0,0,10,53,141.96515184930072
18,26,8,14,1,1,13,59,157.2437150454751
7,27,9,17,0,0,11,55,141.7664365324313
7,28,12,12,0,1,9,50,140.95846842930595
7,29,11,18,1,0,5,53,139.26327140751982
4,29,8,14,0,1,12,54,141.49982947934078
8,32,8,11,0,1,13,56,147.2916391316095
5,30,8,12,0,0,11,51,133.27339501111993
8,30,3,12,1,1,8,59,151.89546682781005
9,28,6,11,0,1,10,53,140.80875376730364
11,31,4,16,0,1,10,62,157.50210868584307
4,28,6,12,1,1,10,54,141.54421836031938
11,27,5,12,0,0,9,58,152.78811109285488
9,27,5,14,1,1,9,57,147.19540026768587
9,31,12,17,0,0,13,60,158.43853857585628
4,28,10,13,1,1,15,49,132.6154189945828
8,27,6,13,1,0,10,53,140.18946839665026
8,35,11,10,0,1,12,53,145.3281828774242
11,33,13,12,0,1,13,52,141.78501904590368
5,33,13,7,0,1,7,45,133.79656773469492
12,32,9,14,1,0,11,54,144.76432011487174
14,28,14,13,0,0,7,49,139.84204477296265
8,28,12,13,1,0,6,50,141.19757846416908
14,27,9,11,1,1,11,52,143.19079667340046
9,32,4,12,1,0,10,56,147.05588004351526
6,30,8,15,0,1,12,58,147.45907494481995
9,25,7,7,0,0,11,48,137.2221138113687
10,29,7,14,1,0,8,52,137.30334127281142
13,33,5,10,0,1,10,58,155.12318701420347
10,34,0,13,1,0,10,58,147.5719545760969
12,29,5,14,1,0,9,57,148.71300384219865
5,30,7,12,0,0,7,53,139.62814171366156
6,31,7,14,0,1,11,54,138.77523873234128
9,33,7,17,0,1,11,58,145.47179358465152
7,28,8,14,0,1,11,57,148.2205275919974
8,27,11,14,0,1,11,55,146.6508606140715
8,27,11,20,0,1,7,55,140.3642048170203
8,27,5,11,1,0,11,53,141.40059599054115
5,27,7,13,0,1,3,48,129.13009206571695
12,28,7,11,1,0,9,51,141.08658853422244
15,32,0,13,1,1,9,64,161.38242392294822
12,30,7,12,0,0,10,55,147.3402694207824
10,32,10,13,1,0,11,53,142.10316895417787
17,28,12,12,0,0,11,56,155.0533340222643
10,28,12,16,1,1,10,54,144.9075873723309
6,33,5,18,1,0,12,59,144.05252918959528
7,31,9,19,1,0,6,54,139.03344454594003
15,29,11,15,0,0,11,57,152.52691216613837
7,29,4,13,1,0,12,59,153.4409740823939
9,32,6,15,1,1,9,59,151.98690816699713
9,29,10,14,0,0,11,53,140.89075777406316
8,30,3,15,0,1,11,62,155.452992905691
12,28,8,16,0,1,14,60,152.62816047740026
4,27,5,16,0,1,12,60,149.9601366398298
12,29,2,12,1,1,13,59,151.07420047198468
11,31,9,13,1,1,12,57,151.45234417624195
9,28,3,13,1,1,9,58,150.04994888304734
11,26,4,12,1,1,11,54,144.69174860082876
7,28,5,13,0,0,12,56,145.9390922499297
7,29,9,12,0,1,12,51,136.29308979463124
9,32,6,13,0,0,9,56,146.10704033519326
10,27,5,13,0,0,9,58,151.4936651282862
9,27,11,18,1,0,13,56,148.80287582795032
8,30,6,14,0,1,9,55,139.8296117403208
6,31,10,14,1,0,12,53,142.16258457651372
8,28,6,16,0,1,9,56,142.18298204785563
5,30,4,14,0,1,10,57,141.99492396818766
9,31,12,16,0,0,12,57,149.75933758967977
10,31,13,12,1,0,13,50,139.5448147160982
6,28,4,12,0,1,11,56,142.8728155735804
6,31,8,12,0,1,10,54,143.69935067379157
7,32,9,8,0,1,9,50,140.80539458947683
12,31,9,16,0,0,10,60,154.80719340634792
6,30,7,10,1,0,10,51,136.01667060508507
12,30,13,17,0,1,13,57,150.289526566181
14,29,8,15,0,0,10,55,143.95486408207236
14,33,9,16,0,1,13,59,150.99815589782307
8,33,14,16,0,1,9,56,149.21827126732668
11,26,9,13,1,1,12,54,144.3150761164674
10,33,7,13,1,0,12,57,149.28110614817177
10,28,11,18,0,0,9,54,141.05033486704812
9,29,7,12,0,1,10,53,143.3913060260715
13,29,8,11,1,0,13,55,150.4474589324053
8,35,13,21,0,0,10,57,141.8778674082301
10,28,8,6,0,0,7,45,132.04967404507045
7,29,5,17,1,0,8,57,143.78244103051227
7,31,7,12,0,1,8,53,143.9645234231437
12,29,7,12,0,0,13,57,149.40987694656022
8,28,9,12,0,0,12,52,142.71440174783743
7,31,7,10,0,0,11,54,144.08705125182206
7,26,12,16,1,0,10,51,139.21613993713035
9,24,13,14,0,0,10,49,135.00697356842403
11,29,9,15,1,0,14,55,142.0847303565755
13,28,13,12,0,1,9,50,143.16461315793077
14,28,8,13,1,0,8,54,144.5053950107851
6,28,9,15,1,0,10,52,136.38419897311104
12,29,5,14,0,0,9,56,144.3194338760982
5,26,4,15,1,1,11,59,149.16067197144164
8,26,5,16,1,1,11,57,144.95286086467706
16,33,10,13,0,0,13,59,156.44900836478064
8,27,10,15,0,0,11,54,141.27265068134733
7,26,9,12,0,0,10,51,134.86219856131967
11,29,8,11,0,0,9,54,144.23758308089214
12,29,9,14,1,1,14,58,153.5984725379351
8,27,6,11,1,1,9,54,146.39798354725644
11,31,13,15,0,0,10,54,144.00724160139492
4,32,14,15,0,0,12,48,130.76656740119765
10,32,8,12,0,1,11,53,141.9979151447562
13,30,9,16,0,0,11,58,152.41851786225888
6,29,10,9,1,0,14,51,143.06417874282815
11,28,8,13,1,0,12,55,147.3604521251086
11,28,11,18,0,0,9,57,147.5237489377155
8,29,3,13,0,1,11,60,153.0143157712767
11,32,6,10,1,1,10,54,147.73630811134103
12,32,9,19,0,1,6,59,151.18967035578578
8,28,6,12,0,0,13,53,139.143894836293
7,27,11,15,0,0,9,49,132.1502723903362
7,29,3,14,0,0,10,57,144.6156727023119
10,33,8,10,1,1,6,53,148.84016052196685
11,30,12,12,1,0,11,51,142.5740165874366
13,28,11,12,1,1,10,54,149.69648084424267
12,30,4,14,0,0,9,60,154.05509900117156
9,32,2,12,1,1,9,55,140.8724975786887
7,31,8,15,0,1,12,58,147.63524633171957
9,30,11,14,0,1,10,53,144.12663049635108
12,29,8,17,0,1,10,63,160.966817174228
15,27,4,16,0,0,15,63,159.39325733471023
9,31,3,12,0,1,11,59,151.54000403420687
7,32,11,9,0,0,10,47,129.2875306072797
9,32,6,13,0,0,10,56,144.7589915434531
9,32,11,8,0,0,8,48,136.4829445675798
12,33,7,15,1,1,10,60,158.61948837084623
5,30,4,14,1,0,12,56,143.56849724418348
10,28,12,10,1,1,12,53,147.37706289919578
8,29,5,12,0,0,11,53,139.20563637479827
13,26,7,14,0,0,10,56,147.75674946699408
10,33,0,12,0,0,9,58,145.57470797220492
11,30,5,11,0,0,13,57,150.89805687069435
10,29,3,11,0,0,7,53,137.43248194552916
10,29,3,14,1,0,13,60,153.39711655447897
13,26,6,12,1,1,12,57,150.68871879612846
12,29,4,16,0,1,12,63,160.39355486980932
13,30,7,15,0,0,10,58,150.72881370753691
5,25,4,15,0,0,11,57,142.75839946253566
8,29,4,15,0,1,8,56,144.05489099048307
6,33,12,19,0,1,12,59,150.56935432946597
8,32,10,16,0,0,10,54,143.63188325843822
8,27,-1,11,0,0,17,61,151.41871918254805
9,28,4,11,1,0,10,57,152.91542182675065
16,27,12,15,1,0,10,55,153.5490147228574
8,29,8,15,1,1,9,55,142.94034142689745
10,28,4,13,0,1,10,59,149.17294450249435
9,32,5,16,1,0,13,62,158.40136200787956
12,28,8,14,0,0,12,56,148.01536059515306
7,32,0,14,0,1,11,61,148.50187916091156
2,30,5,15,1,0,13,54,137.11951437202637
6,34,5,12,1,0,12,55,145.02911234140967
10,33,12,12,1,0,14,54,147.71498897924502
6,32,11,15,0,0,10,53,141.4331454977412
13,31,6,9,0,0,10,53,147.37564507140695
1,28,8,16,1,0,11,53,138.43246770399043
8,27,8,12,0,0,13,53,141.95459188557734
10,30,13,17,1,1,14,57,150.53918168143085
10,29,7,17,1,1,10,60,150.1862964706012
7,34,8,12,1,0,8,51,136.2605041453103
11,33,8,5,0,0,7,47,138.7958104482509
8,31,9,11,0,0,9,51,138.94352079740028
9,30,10,14,0,1,8,53,141.55796608268082
8,30,2,10,0,1,11,57,147.45158254191463
13,29,8,8,0,0,14,52,144.90430955968785
12,27,15,11,1,0,9,46,133.02073280651604
5,30,10,11,1,0,12,49,136.02358243988948
11,31,11,16,0,1,9,58,151.48290307859153
6,33,1,15,1,0,14,60,149.00571733578084
10,27,9,10,0,1,12,51,142.92749077702996
8,30,9,16,0,0,11,56,143.03020065810873
10,30,7,13,0,0,12,54,142.82576520194712
7,27,2,15,0,1,12,60,149.78201921638578
9,33,10,7,0,1,12,50,141.1177186530191
9,31,9,16,0,0,6,56,148.0288525586323
10,29,5,7,0,1,11,53,146.20776554170104
9,34,7,9,0,1,10,56,153.34995883102067
12,35,7,14,0,0,6,58,153.21762241243076
10,29,4,17,1,1,12,62,152.96252011683617
13,30,5,8,1,1,9,53,147.19472939446536
10,29,13,13,1,1,10,51,143.55335420584828
11,30,8,16,0,0,12,60,152.90612063552987
9,30,5,10,0,0,7,53,140.20103244787805
11,30,5,14,0,0,13,58,148.10284300008868
10,25,10,17,0,1,8,56,147.95553334381546
13,29,6,12,0,0,11,56,147.0076520211194
6,29,10,12,0,0,11,49,131.08921230289738
13,30,11,15,0,0,9,55,146.9250548761256
10,28,5,16,1,1,12,59,148.18346364713037
10,28,8,11,1,0,7,48,132.95119908824566
10,28,8,13,0,1,8,53,142.94726382223988
10,29,9,14,0,1,9,55,142.7793023822482
8,30,8,11,1,0,9,53,145.43369152304626
8,28,9,11,0,0,13,52,140.61055681908948
9,33,3,14,1,1,11,60,152.1968706680439
13,31,5,15,1,1,11,60,154.54999311605445
7,31,8,12,0,1,8,54,142.63104503016598
8,32,6,16,1,1,11,59,152.99485618886163
13,32,10,12,0,0,13,57,155.39063767724625
9,32,4,11,0,0,8,55,146.2647439505238
12,32,11,14,0,0,7,56,149.57933996750833
7,29,10,15,1,1,10,53,139.8908519605465
13,28,8,18,1,0,12,60,152.0754304197023
12,30,2,12,1,1,11,59,150.0458028571131
13,29,5,14,0,0,14,61,155.4661312891423
5,31,10,13,1,1,11,50,137.3678008671189
8,29,10,12,0,1,8,51,141.39158355573207
10,30,6,16,1,0,10,56,142.07668272363512
5,30,8,10,0,0,13,50,133.25772287340047
14,31,7,12,1,0,11,57,155.38645957666566
9,27,4,12,0,0,10,55,141.6431428513901
7,29,3,13,1,1,9,57,148.37215596886122
10,26,6,14,1,1,8,54,143.64575195816747
5,28,9,15,1,0,6,51,136.9818340933511
13,27,10,15,1,1,8,56,153.04761068736323
12,25,12,12,0,0,12,50,140.72812144705844
13,29,8,15,1,0,12,57,146.77468661203224
6,29,5,14,1,1,10,55,142.7132729157932
12,29,8,16,0,0,13,61,157.49473794426112
13,31,4,10,0,0,9,57,150.7369836726878
6,32,11,15,1,0,9,51,136.55814535179286
11,30,13,9,0,0,10,47,135.6166095755074
12,32,7,14,1,1,6,53,141.30634134613237
7,31,7,15,0,1,10,55,143.692059201645
10,29,8,17,1,1,8,58,150.43723364742172
13,30,6,15,0,0,9,56,143.70174195485387
10,29,10,14,1,0,8,52,144.40817560139948
7,33,9,8,1,0,9,48,133.79309684319898
11,32,13,13,0,1,11,54,146.76250352648313
4,32,1,13,1,1,14,60,151.12944351100776
10,25,7,14,1,0,11,53,139.03212917476685
12,27,7,11,1,0,9,52,143.06519175534532
5,26,7,15,0,1,12,56,145.40612924673903
8,29,12,19,1,1,10,55,143.5058164852418
12,29,9,12,1,0,13,53,144.80077255964588
8,33,10,17,0,0,12,56,143.14228017095735
7,28,8,13,0,0,8,52,139.20238166154502
8,30,10,16,0,1,11,58,150.87483801131953
7,31,6,17,1,1,6,58,146.00193410472966
11,29,5,13,1,1,13,57,147.45537421820265
7,30,10,15,0,0,10,56,147.0862781775054
14,28,10,10,1,1,9,55,153.49751534280628
9,29,8,13,0,0,9,54,142.01888669633743
9,28,7,13,0,0,12,54,142.3851325622685
3,28,10,14,1,1,12,53,141.8063644314864
8,28,7,10,0,0,8,52,140.40164139603883
10,28,6,13,0,1,9,56,145.0287497402212
11,28,7,15,1,0,10,57,148.87535139221902
8,28,10,12,0,0,8,49,135.19084057707633
7,32,4,8,0,1,10,53,143.90080323032225
1,29,9,13,1,0,10,51,135.70203086959123
12,27,5,11,0,1,9,55,149.1696764736285
10,27,8,20,0,1,14,62,151.48927534652043
11,32,7,11,0,0,12,56,150.19275962003107
9,30,3,15,0,1,15,63,154.72593034773436
8,25,6,19,1,1,9,59,145.95996806469367
11,29,8,20,1,1,8,58,146.2506049110494
7,31,7,11,0,1,10,53,141.53315674867935
6,32,11,14,1,0,10,51,136.8870471386512
7,34,10,13,0,0,11,55,146.28132880754603
9,30,10,14,1,1,8,53,140.8016723629247
8,30,6,13,0,0,12,57,147.71252893562485
11,30,8,11,1,0,10,55,151.45069263441496
8,30,7,14,0,0,11,55,143.48633167856613
4,28,2,18,0,0,14,62,147.03551682818625
14,27,9,12,0,1,13,59,158.53272368165824
6,32,7,15,0,0,14,58,146.78884194194254
5,26,11,12,0,0,11,45,124.17434983355103
13,29,7,12,1,1,14,60,158.4022620771774
12,32,1,16,1,0,11,61,149.01602988653443
12,31,1,10,0,1,13,62,160.65622924677692
8,28,7,12,0,1,9,51,135.8224044807274
15,29,8,13,0,1,13,61,160.14994774969196
6,26,9,14,0,0,10,52,140.20939024905283
13,30,10,14,0,0,7,56,149.8017032153264
10,32,6,18,0,1,11,61,149.79364338119976
11,32,9,12,1,0,12,52,140.91563999591202
8,32,9,10,0,1,8,52,144.42300344043016
9,28,6,13,1,0,11,53,138.1110094605944
13,25,6,17,1,1,5,57,147.55192657677318
12,28,8,15,0,0,10,58,150.14182217354997
9,28,6,12,1,1,10,55,148.232380278871
12,27,9,12,0,1,10,52,138.89535391113523
6,30,7,13,0,0,7,52,137.15180408993837
14,29,12,13,1,0,11,52,144.6726640145899
7,31,9,17,1,1,10,57,143.94743044028323
6,28,9,11,0,0,13,52,139.60979091761607
13,29,9,14,1,1,10,56,147.17821979175622
12,24,8,12,1,1,9,53,146.36546623535577
12,28,14,15,0,0,11,53,147.53971240916596
12,31,13,12,0,0,9,50,141.27093966700815
12,27,11,17,0,0,13,58,148.48348012389522
10,31,7,18,1,1,10,60,153.82056953594065
9,30,3,11,1,0,9,54,141.1437166320409
11,33,11,12,1,0,9,50,140.59919605246645
9,28,7,19,1,0,10,57,141.641035455947
7,27,6,17,1,0,11,55,139.57961290250387
8,26,7,10,0,1,10,53,144.05839134986385
10,31,2,9,0,0,9,54,143.07010338821567
5,29,12,13,0,1,11,53,142.4791382046449
14,26,6,10,0,1,7,55,149.29824111194452
4,31,5,15,1,0,10,56,141.4580195882232
12,27,8,9,1,0,11,49,137.74584892814642
5,26,7,15,1,0,15,54,136.06179548819125
11,29,5,15,1,0,13,58,150.70240571832608
12,29,12,12,1,0,8,50,140.7115512123216
10,25,7,13,0,1,11,53,140.16909668120846
11,27,7,14,0,1,10,57,151.74097068628836
6,31,11,15,1,1,7,52,141.02914814961747
9,26,7,16,0,0,14,57,145.0001533052775
5,32,3,15,0,1,13,59,145.52111404507392
15,31,9,11,0,0,12,56,153.7234682881048
12,30,12,12,0,0,10,53,147.61667639879005
8,28,9,14,0,0,10,55,145.8709191955324
12,33,9,15,1,0,13,59,152.41893384203803
9,30,12,11,0,1,8,50,142.20850199082523
11,31,3,16,0,0,7,60,152.61887020249563
10,31,4,10,1,0,14,56,146.07901176318308
6,32,11,16,0,0,14,57,147.58435559590043
12,30,6,13,1,0,12,55,144.8107955217192
8,30,11,13,0,0,10,52,142.70910697492815
5,29,8,10,1,0,9,48,135.39955703190304
10,28,4,17,0,0,10,62,152.83713021364804
13,34,9,12,0,1,8,55,149.0216663794638
6,30,7,9,0,1,10,51,140.5175082561617
11,28,10,16,1,0,14,54,141.81118945869565
8,26,5,12,0,1,14,59,154.10850080221715
12,32,6,18,0,0,10,63,155.35972181943728
7,30,6,16,0,1,11,59,149.67470840878315
8,34,14,14,1,1,10,54,149.56948045351024
14,34,9,10,1,1,12,56,153.96047541688225
4,30,8,13,1,0,12,53,139.0833314794723
13,29,4,14,0,0,11,59,152.01898930842788
10,33,10,12,0,0,7,50,139.47009692509275
10,29,11,10,1,0,13,49,138.93793333772487
13,29,12,13,0,0,10,52,143.26726601339288
8,27,6,9,0,1,9,50,135.98075875521943
12,31,10,17,0,0,11,57,148.14963604124551
5,31,7,17,0,0,11,58,142.38834522120166
6,26,11,12,0,1,14,53,142.88275243824327
11,31,7,9,0,0,12,54,146.62844043082765
1,31,4,12,0,1,11,57,145.9162543043082
16,27,6,12,1,0,12,55,147.5399532971286
4,27,10,13,0,0,8,48,131.28127070789412
8,27,13,14,0,0,12,49,134.1825951360475
7,29,8,16,0,0,13,55,140.57896854352964
11,30,13,14,0,0,11,55,148.66139593179255
12,30,8,12,0,0,11,55,149.27122546146316
6,33,4,12,0,0,10,53,137.9804669957523
6,32,4,18,1,0,11,61,151.79331950546043
11,29,7,10,1,0,10,51,140.07308175075534
12,31,12,12,0,1,12,54,146.99654876428195
7,31,3,15,0,0,8,57,142.86027957093657
9,30,5,12,0,0,9,53,143.0636819972302
7,25,2,11,0,1,9,55,144.39572956595754
6,30,4,12,0,0,11,55,142.21272550855963
8,31,11,18,0,1,15,60,152.63094776733277
9,27,1,16,0,1,16,65,156.1455655857499
3,28,4,14,0,0,12,52,129.89589971135774
8,29,5,14,1,1,10,54,136.91581823614692
10,32,5,15,1,0,6,57,148.35895555117887
18,31,4,10,1,0,9,56,151.38404962559974
10,31,9,9,0,1,10,50,137.1958096113625
10,30,5,14,0,0,10,59,150.13284503944183
10,30,1,13,1,0,9,55,140.0330030018978
12,32,7,17,0,0,6,60,154.75479116053145
9,33,10,13,1,0,12,54,144.31997627314644
11,30,6,17,1,0,10,61,155.16851390560026
7,29,6,15,0,1,14,60,151.36547434090204
9,31,6,12,1,0,12,55,145.24835494226184
9,32,12,12,1,0,12,53,143.01263331151773
7,26,9,16,0,1,11,54,139.35332183851978
6,33,11,11,0,0,13,52,141.57376955966544
7,29,3,13,1,1,7,54,142.6076821236571
5,30,2,14,1,1,10,58,148.8572479502215
5,30,9,11,1,0,14,49,132.90213491981484
11,31,7,13,1,1,10,58,151.29010865305952
10,25,9,11,0,0,11,50,137.75258115541206
17,29,8,10,0,1,11,55,150.84377275769162
7,30,11,15,1,1,11,54,143.20162444161747
12,29,7,12,0,0,12,56,149.1767031020408
10,30,5,15,0,0,7,56,145.02557032334363
12,32,11,14,1,1,10,55,152.48408334135175
15,28,8,16,0,0,10,55,144.34549936824723
11,28,5,9,1,0,11,54,147.6960592145354
12,31,9,14,1,0,12,58,152.82645500617565
9,30,11,19,0,0,11,60,152.92262945515267
9,27,10,15,1,0,11,52,134.84675916507126
10,26,9,9,1,0,7,46,133.19344955705037
9,33,6,11,0,1,11,59,156.04885498091798
10,29,10,10,0,0,9,52,146.39908032298447
7,30,4,17,1,0,10,57,144.5764070864252
9,23,7,11,1,0,9,51,140.86510826861394
9,29,11,14,0,0,10,53,139.29845144831282
12,33,8,12,0,0,11,57,151.11927793538342
6,28,7,13,1,0,8,52,137.1474780275937
9,32,11,12,0,0,11,49,132.77552657176886
8,29,9,11,0,0,9,49,136.16109918750135
7,30,9,12,0,0,11,54,145.48531905162278
14,29,5,12,0,1,13,59,152.4622475526455
12,29,12,16,0,0,9,56,146.74628225204287
9,29,3,15,0,1,11,60,146.37502990651112
11,31,14,14,1,1,8,48,132.88672553805145
8,28,6,9,0,0,13,52,140.17091629574242
7,31,12,10,0,1,11,50,143.49944547841685
12,29,7,13,1,0,10,54,144.06779187103024
12,32,8,15,0,1,14,62,158.77234176741743
9,28,13,8,1,0,10,45,134.75957926777167
10,30,7,15,0,1,12,59,154.50017753941916
8,26,8,14,1,0,12,54,141.38334609964036
14,30,11,14,0,0,14,59,156.35525126331723
12,32,8,12,0,1,6,54,147.7754943596182
12,31,9,16,1,0,12,57,144.88205009458835
10,31,7,12,0,0,11,53,140.8487969497097
9,35,8,15,0,0,11,59,152.34632731269912
8,25,8,13,1,1,12,56,149.80841868480238
5,27,9,17,0,1,13,56,143.1385053075481
6,28,3,10,0,0,9,51,134.50385531625736
4,25,9,10,1,0,10,47,132.22632316355035
10,28,6,11,0,1,11,54,145.21795752905078
10,29,5,14,1,0,10,56,145.11556475826816
3,29,9,13,0,1,12,52,136.33329485979235
9,34,11,14,1,0,12,54,143.9484250318752
14,30,6,12,0,0,11,60,158.66557391705973
13,34,4,15,0,1,6,62,156.69851914310652
9,29,7,22,1,0,10,58,141.6090659106668
7,34,5,15,0,0,13,59,146.69006817391391
10,30,16,17,1,0,12,54,145.71315658578558
12,30,11,12,0,1,13,55,149.03146745500177
9,31,5,10,0,0,10,53,139.17822062007053
11,30,6,16,0,0,12,60,151.03132600391322
12,28,7,13,1,0,12,54,140.9882089937843
9,34,9,21,1,0,8,61,152.69856071222355
11,28,6,14,1,0,10,58,152.8394530597672
8,30,6,13,1,0,8,52,137.7832035017071
10,28,11,8,1,1,14,51,147.19332615322037
13,32,8,14,1,0,11,56,149.07216623378454
4,28,4,13,1,1,13,57,143.6278707132575
13,29,7,12,0,1,11,58,151.98283840915792
8,29,8,15,1,1,11,57,147.90841224158586
14,28,7,11,1,1,10,53,144.1008024549784
14,26,7,13,1,0,10,56,150.73481290601987
10,29,6,17,1,0,9,58,148.34663545816457
9,30,4,17,1,1,9,57,141.33451980772483
8,30,9,15,0,0,11,54,142.3495875985425
14,33,3,15,0,0,12,64,160.8990078845101
6,34,11,17,1,0,9,50,130.3286446546251
8,30,11,11,1,1,11,54,146.52032697944549
8,31,6,15,0,0,13,56,143.7733845153619
6,30,7,11,0,1,10,55,145.32879757956732
10,30,6,17,0,0,9,57,145.24126551257748
7,27,4,16,0,0,11,59,146.9290548157039
11,31,3,13,0,1,10,60,155.4481803839297
13,31,6,12,0,0,13,58,151.13863458494103
10,28,11,9,0,1,9,52,144.45054175983825
8,28,0,13,0,0,13,59,147.89263549431405
8,36,10,13,0,0,7,55,146.5790657813293
8,31,10,13,0,0,13,56,150.89572312811976
9,30,13,12,0,0,15,53,145.5892509811522
8,35,8,16,1,0,9,55,143.06842531547963
8,32,10,13,1,0,9,51,140.19534436400846
16,34,10,17,1,1,11,63,162.4881554309929
7,29,11,16,1,0,8,51,138.40550006483886
11,29,6,19,0,0,15,62,152.53078749194975
13,28,14,15,0,1,8,53,145.21210470718484
15,31,7,17,1,1,12,64,161.83020242823176
8,33,7,13,1,1,11,54,142.30863968531875
10,29,8,14,0,1,12,57,147.39365253665312
11,31,11,11,1,1,10,50,141.32829331159888
8,30,9,16,0,1,8,55,143.16430751402189
9,32,12,8,1,1,15,50,144.3597126701955
15,31,8,9,0,1,11,56,152.60883178130047
9,27,12,10,0,1,8,48,136.40655888487174
5,31,9,15,0,1,13,59,151.96220743323485
6,30,13,10,1,0,13,48,134.76693288406796
7,30,5,13,0,0,14,57,142.3583285927867
12,30,11,19,0,0,9,57,145.2226341771809
7,31,3,16,1,1,11,58,142.37744107323653
6,26,11,14,1,0,10,49,130.9751049672644
9,27,9,15,0,1,8,54,140.8953605470423
10,29,11,14,1,0,12,54,147.03745406260032
5,32,7,12,0,0,12,54,143.53190400542118
7,29,11,16,1,1,9,52,138.74017184262522
7,27,10,15,0,1,7,52,138.03521510048645
16,32,3,17,0,0,10,64,158.65449745560167
9,32,9,14,0,0,7,52,139.0529811735976
4,28,7,18,1,0,13,57,142.43924814453314
7,29,5,9,1,1,9,50,139.36124593156953
12,33,11,20,0,1,7,59,149.71731844533417
12,29,6,13,1,1,11,58,151.73805378225944
13,36,9,19,0,0,13,64,162.16327145962305
