education_years,political_interest,civic_participation_score,registered_voter,prior_voting_history,campaign_invitation,campaign_participation,political_knowledge_score
6,2,0,1,1,0,1,55.479055095409215
4,3,0,1,0,1,1,56.611061337090646
7,3,0,0,1,1,1,57.73390790182636
3,2,0,0,0,1,1,57.56376438977435
2,3,0,1,1,1,1,57.950957406764346
6,2,0,1,1,1,1,55.24515807751782
6,2,0,0,1,1,1,56.35404473018209
5,3,0,1,1,1,1,56.39811929884529
4,2,0,1,0,0,0,48.63144846811099
0,2,0,0,1,1,1,53.33604887965275
5,2,1,1,1,1,1,55.091537760551255
5,2,0,0,1,1,1,56.9300518239308
4,2,1,0,1,1,1,55.14018412854061
4,2,0,0,0,1,0,49.80960043341484
7,2,0,1,1,0,1,57.67780937171186
7,3,0,1,0,0,1,57.20730166349921
3,2,0,1,0,0,0,48.8694749121198
3,3,0,1,1,0,0,48.973595082698615
6,2,0,1,0,0,0,49.48156320397332
2,2,0,0,0,1,1,57.270731423671016
1,2,0,0,1,0,0,50.56944033429296
6,3,0,1,1,1,1,55.35291106002163
5,2,0,1,0,1,0,50.76835578913443
4,2,0,1,0,0,0,47.60672043186697
7,2,0,1,0,1,1,54.41852252074448
4,3,0,1,1,1,0,48.60678145222943
4,3,0,1,1,1,1,55.01746313225314
2,1,0,0,1,0,0,49.60393292006934
2,3,0,0,0,1,0,50.59457740896373
5,3,1,0,1,0,1,53.98568475993738
2,2,0,0,1,1,0,48.54308354353863
0,2,0,0,1,1,0,50.23296734501466
4,3,1,1,0,0,0,49.8882449531953
4,2,0,1,0,1,0,49.11521518422296
8,3,0,0,1,1,1,55.57004816507428
2,3,1,1,0,1,0,48.50311532694791
0,2,0,0,1,1,0,50.51318568599048
6,2,0,1,1,1,1,57.72809767874143
5,2,0,1,0,1,0,49.297140583040594
2,2,0,1,1,0,1,54.771039978834985
4,2,0,0,0,1,0,49.03341916369992
6,2,0,1,1,0,1,57.57933198029213
3,2,0,1,1,1,1,56.23887923793524
7,4,0,1,1,0,1,55.77241519563739
4,3,0,1,1,1,1,56.54743727032888
6,2,0,1,0,1,1,56.931976823826936
3,3,0,1,1,0,1,53.86913947297685
4,3,1,0,1,1,1,55.25787334153195
3,3,0,0,1,1,0,48.88834440356384
1,3,0,0,1,1,1,56.76396857887918
2,3,0,1,1,1,1,54.72242644476459
4,3,0,1,1,1,0,50.529392164579534
3,2,1,1,0,1,1,56.15521607166944
5,3,0,0,1,1,1,57.36179280856644
4,2,0,0,1,0,1,58.43172803320037
5,3,0,0,1,1,1,56.93673364306808
4,2,-1,1,0,1,1,56.41954232030761
4,2,0,1,1,1,1,56.99688512948303
4,3,0,0,0,1,0,49.94054086500687
2,3,0,0,1,1,0,49.36752110943028
2,3,-1,1,1,0,0,49.61706136297087
2,3,0,0,1,1,0,50.71674100149304
3,2,0,1,0,1,0,50.21731588153685
2,2,0,1,0,1,0,50.26043308232771
8,4,1,1,0,1,0,49.25581381781337
6,3,0,1,1,1,1,56.20441094402005
5,2,1,0,1,1,1,55.761077131122136
2,2,0,1,1,0,0,48.28384128545213
8,3,0,0,1,1,1,55.93412188076092
3,2,0,1,0,1,1,56.35239663862535
4,1,0,0,1,1,1,56.13525835599592
2,2,0,1,1,0,0,50.28488028601314
3,2,0,0,0,1,1,57.54958047858228
4,2,0,1,1,1,0,48.78235088243714
3,3,0,1,1,1,1,56.56385424854256
5,3,0,0,0,0,0,50.58979772158155
5,2,0,0,1,1,1,55.53960373857203
5,2,0,1,1,0,1,54.9612266333964
3,3,0,0,0,0,1,56.11773498884341
4,3,1,1,0,0,0,50.77101318777648
0,3,0,1,1,1,0,48.13692496143276
6,3,1,1,1,1,1,56.84208090968792
1,2,0,1,0,0,0,46.77314500038128
5,3,0,1,0,1,1,56.656391066094784
2,4,0,1,1,1,1,55.3847225400255
5,3,0,1,1,1,1,54.4318668031982
6,3,0,1,1,1,1,54.94428481875863
1,3,0,0,1,1,0,50.32759804480261
9,3,0,1,1,1,1,56.95291808154131
5,3,1,1,0,1,1,55.5555054052916
2,2,0,1,1,1,0,49.13297713015282
2,3,0,1,1,1,1,57.22334185635116
4,2,0,0,1,1,1,58.38705278872492
3,2,-1,1,1,1,1,55.63647418323922
4,3,0,1,1,0,0,50.669227413405295
5,2,0,1,1,1,1,53.3612053386963
8,3,0,1,1,1,1,57.056628728836586
2,3,0,1,0,0,0,50.73855423839587
6,2,0,1,1,0,0,50.662642842673804
4,3,0,1,1,1,0,48.659586253975135
1,3,0,0,0,1,1,56.5062278249397
7,2,0,0,1,0,1,57.1344336311204
2,3,0,1,1,1,0,50.212044278846086
2,3,0,0,1,1,0,49.46867898035567
3,2,0,1,0,1,0,49.86926430188319
5,3,1,0,1,1,0,48.59166622301215
0,4,1,1,1,1,0,52.092002908833024
2,3,0,1,0,1,0,49.3940263209949
1,4,0,1,0,1,0,49.66156638450373
5,3,0,1,0,0,1,55.03324910698091
8,2,0,1,0,1,1,55.27607995006602
0,2,0,1,1,1,0,48.09210660877965
0,2,0,1,1,0,0,49.29020473789024
2,2,0,1,0,0,0,50.32177031726121
3,2,0,1,0,1,0,48.230290708253136
2,2,0,1,0,0,0,49.69962928052268
1,3,0,1,1,1,0,48.854730782613856
3,2,0,1,1,0,0,48.35639974987488
4,2,0,1,1,1,0,51.1489220435024
4,3,0,0,1,1,1,56.75004644505039
3,3,0,1,1,1,0,45.70420786856965
4,3,0,1,1,0,1,56.67149498055189
0,3,0,1,0,1,0,49.20149511330115
2,1,1,1,0,0,0,51.1161545903481
0,2,0,1,0,1,0,49.69238978584689
0,2,0,1,1,1,0,49.90640048479847
4,2,0,1,1,0,1,56.14477411088879
7,3,0,1,1,1,1,56.85057649159344
2,2,0,0,1,1,0,50.16878240457763
3,2,0,0,1,1,1,55.39552396133827
0,3,0,1,1,0,0,49.342262700698456
0,3,0,0,0,1,0,49.65809989273051
3,2,0,1,1,1,0,49.04170765311021
3,2,0,1,1,1,1,54.68479429927276
6,2,2,0,1,1,0,48.87435196159935
2,3,0,0,1,1,1,56.735349120309024
3,1,0,0,0,1,0,50.35476785340904
3,3,0,0,1,1,0,49.48117317535869
1,2,-1,1,0,0,0,48.25332945398191
2,3,0,1,0,0,0,49.96996486728205
6,3,0,1,1,1,1,55.45865542536392
7,3,0,1,1,1,1,55.73625128567036
3,3,0,1,1,1,1,56.3663736334638
2,3,0,0,1,1,0,49.41409092691898
0,3,0,0,1,1,0,50.790627971900186
3,3,-1,0,0,1,0,51.48147334609243
8,2,0,0,1,0,1,57.60171784980625
4,2,0,1,0,1,0,52.0340542704328
0,3,0,1,1,0,0,49.310905810390246
0,2,0,0,1,1,0,50.15866158204792
3,3,0,0,0,1,0,47.840350839402
4,2,0,1,1,1,1,56.10696436970099
3,3,0,0,1,1,1,57.1435028336464
4,2,0,1,0,1,0,49.83801367968722
3,4,0,1,1,0,0,50.14144115762055
5,2,1,1,1,0,0,49.53312114095247
3,2,0,1,1,1,0,52.32043781771145
2,2,1,1,0,1,0,49.67446269941169
3,3,0,1,0,1,0,48.71147006458601
3,2,0,1,0,1,0,51.30218007341088
7,2,0,0,1,1,1,59.1109804242882
0,3,0,0,1,1,0,48.92252491154604
0,3,0,1,1,1,0,50.06720547147195
1,2,0,1,1,1,0,49.82730024927239
6,2,0,1,1,1,1,55.90451145566083
6,2,0,1,1,1,1,55.97961447075346
4,3,0,1,1,0,1,56.43701215243948
2,3,0,1,1,1,1,55.2317133859507
7,3,0,1,1,1,1,56.86928986824523
4,2,0,1,0,1,1,57.84902098509205
7,2,1,1,0,1,0,51.31563041649153
6,3,1,0,1,0,1,56.87314440789558
3,2,1,1,1,1,0,48.62000225533161
3,2,0,1,1,0,0,49.0898386123069
2,2,0,0,1,1,1,55.94721931009127
2,3,0,1,0,0,0,48.84155674091285
9,3,0,0,1,1,1,57.81775124614008
1,3,0,1,1,1,1,55.25080301898684
4,3,0,1,1,1,0,50.288404413846365
4,3,0,1,1,1,1,56.21735430990586
4,2,0,1,1,0,1,55.8055615203051
2,3,0,1,1,1,0,50.34325317761078
2,3,0,1,1,1,0,48.92454103945583
3,3,0,0,1,0,0,49.73556353018405
3,2,0,0,1,1,1,54.57178747425436
7,3,0,1,1,1,1,57.354827574736085
8,3,1,0,1,1,1,58.640174627773526
0,3,0,0,1,1,0,49.95146782483266
2,2,0,0,1,1,0,48.07404787248373
6,3,0,1,1,1,1,56.33128120811845
6,2,0,0,0,1,0,51.39168605891439
3,2,0,1,1,1,1,55.52912070593937
6,2,0,1,0,1,1,55.47305053704565
3,3,0,1,1,1,1,53.60687548205695
6,3,0,0,1,1,1,57.26582269555562
2,2,0,0,0,1,0,52.12017630674
7,3,0,1,1,0,1,56.08981606997818
5,2,0,0,0,0,0,50.49137213110813
5,3,0,0,1,0,1,57.68352594579692
3,2,1,1,0,1,0,49.86927220797652
5,3,0,0,1,1,1,55.80292687879307
3,3,0,0,1,1,1,55.4752666398525
4,3,0,1,0,1,1,55.50618100092057
7,3,0,0,0,1,1,56.68958355333346
3,4,0,1,0,1,1,55.79520324352708
4,2,0,1,1,1,1,55.35193395547069
0,2,0,1,1,1,0,48.78977723067982
6,3,0,1,1,1,1,55.59249679861156
0,3,0,1,1,1,0,48.840106151561386
-1,4,0,0,1,1,0,49.95226822399588
1,3,1,1,1,1,0,48.82046005647372
0,1,0,1,1,1,0,52.386413035941
7,3,0,1,1,1,1,56.4394801533501
3,3,0,0,0,0,0,50.81523959660058
7,2,0,0,1,1,1,57.36651587107698
6,3,0,1,0,0,0,49.089873160858566
5,2,0,1,1,0,0,49.24315013417332
6,4,0,0,0,1,1,55.70220766658549
4,2,0,1,0,1,0,49.851642188859735
4,3,0,0,1,0,0,49.633679379846654
1,3,1,0,1,1,0,49.54503562538432
1,2,0,1,1,1,0,49.15132831971336
3,4,0,1,1,1,1,57.81934475120788
2,3,0,1,1,0,0,49.77722416646181
4,3,1,0,1,1,0,50.158865175272666
2,2,0,0,0,1,0,50.60343282258384
7,2,0,0,0,1,1,57.33558117233875
2,2,0,1,0,1,0,49.323586637581634
3,2,0,0,0,1,0,50.28819543604147
4,1,0,1,1,1,1,54.3579443874966
2,2,0,0,1,1,0,49.67316908530368
4,3,0,0,1,1,1,55.78630483949291
3,1,0,0,1,1,1,55.732899030738864
6,2,0,0,1,1,1,55.790308210326025
11,2,0,1,1,1,1,55.52249419926825
4,3,0,1,0,1,0,50.57131099776233
7,2,1,0,1,1,1,55.508103097877154
5,3,1,0,1,1,0,50.68664620869829
7,3,0,1,0,1,1,56.80641139785934
4,2,0,0,1,1,0,49.812532217264526
5,3,0,0,1,0,1,56.81347881613355
2,2,0,1,1,1,0,48.791151152504206
4,3,0,1,1,1,0,51.29019958367781
0,3,0,1,1,1,1,56.59534554865448
7,3,0,1,0,1,1,55.572393990021055
4,2,0,1,1,1,0,49.94569216805544
1,2,0,1,0,1,0,49.43672665655456
4,2,0,1,1,1,1,55.628465947235696
1,2,0,1,1,0,0,48.26049414224001
4,2,0,1,1,1,1,55.46961278269524
0,3,1,1,1,1,0,47.78705773897882
0,2,0,0,1,1,0,50.652457037184895
2,3,1,1,0,1,0,50.44806775535962
1,2,0,1,0,0,0,51.09702758736625
4,3,0,1,1,0,1,55.9795629054137
5,1,0,1,1,1,1,55.82043963410538
2,1,0,1,0,1,0,50.54063478411681
0,3,0,1,1,0,0,49.26805814759114
4,4,1,1,1,1,0,49.134788147528894
5,2,0,0,1,1,1,57.03724982078109
5,2,0,0,0,1,1,57.278452956790574
5,2,0,1,1,1,1,54.63608505058439
4,2,0,0,1,1,0,50.55032282557264
3,3,0,1,1,1,0,52.05765298198212
9,4,0,1,0,0,1,56.48451238047859
2,2,0,1,1,1,0,50.957778405926895
0,2,0,1,0,0,0,49.48762008960925
6,1,0,1,1,1,1,56.83875966785449
1,2,0,1,0,1,0,49.785786872941
4,2,0,1,1,1,0,49.86111309604723
3,3,0,1,0,1,0,50.52344729244989
0,2,0,0,0,1,0,48.152760900394064
2,3,0,0,0,0,0,48.50586225364373
4,3,0,1,0,1,1,56.498099642170295
6,3,0,0,1,1,1,55.67032593920037
2,2,0,0,0,0,0,48.05291841084729
1,3,0,1,1,1,0,49.743391190708415
5,3,0,1,1,0,1,55.07949090073345
9,2,0,1,0,0,1,58.47363614326509
1,1,0,1,0,1,1,56.06942126599672
7,2,0,1,1,1,1,56.12879892366888
4,3,0,1,0,1,1,55.18439368135124
4,2,0,1,0,1,1,55.61314628047009
3,1,0,1,1,1,1,55.182617434633386
6,3,0,0,1,1,1,56.73468063763143
2,2,0,0,0,1,0,50.47548360256158
1,2,0,1,0,1,1,55.82700594586565
5,3,0,1,1,0,1,54.76288978511814
0,2,1,1,1,1,0,50.90213845883507
0,2,0,0,1,1,0,49.98538305798141
2,3,0,1,0,0,0,48.144055861987226
3,3,0,1,1,0,0,48.302360075293336
3,1,0,1,0,1,0,48.31466902219689
3,3,0,1,1,0,0,49.78023781010712
3,2,0,1,1,1,1,55.67426203238794
4,2,0,1,0,0,1,56.28032665533237
3,2,0,1,1,1,0,50.798096546437904
7,3,0,1,1,1,1,55.895540205316095
5,2,0,1,1,1,1,55.915903162681325
6,2,0,1,0,0,1,56.46160301480399
2,3,1,1,1,0,0,48.0694513172533
4,2,1,1,1,1,0,50.23826288103796
5,3,0,0,1,0,1,55.84100063825198
1,3,0,1,1,1,1,53.85617910592656
2,2,0,1,1,1,0,48.975708816954736
2,3,0,1,1,1,0,48.32476161104125
6,3,0,0,1,1,1,56.7002359468034
6,3,0,0,0,1,1,56.09472593876539
6,3,0,0,0,1,1,58.69932284251842
4,2,0,1,0,1,0,49.5850260623222
8,3,0,1,1,0,1,55.60403833638671
6,3,0,1,1,1,1,54.09193627328488
2,2,0,1,0,0,0,49.97906920315011
0,3,0,1,0,0,0,49.48696621609828
6,1,0,1,0,1,1,56.76211012023832
3,1,0,1,1,0,0,49.708928557110816
5,2,0,1,1,1,0,48.73714737336804
2,4,0,0,1,0,0,48.37652481530732
2,2,0,1,0,0,0,50.99942856156015
4,2,0,1,0,1,0,50.06461983797294
2,2,0,0,0,0,0,48.47024920810127
8,3,0,1,0,0,1,54.31498525631099
7,3,0,1,1,0,1,56.12035601589356
4,3,1,0,1,0,0,52.24261773430226
8,2,0,1,0,1,1,56.4224366721446
3,2,0,1,1,1,1,54.88690139863565
5,2,0,1,0,1,1,55.08341819377389
5,2,0,1,1,1,1,55.19242578658104
2,3,1,1,0,0,0,49.89750211409134
3,2,0,0,1,1,0,48.221236796379685
5,3,0,1,1,1,1,55.95472901047678
2,2,0,1,1,1,0,48.42588867891449
0,3,0,1,1,0,0,49.41645476002641
2,3,0,1,1,1,1,56.63172689044653
5,2,0,1,1,0,0,48.79012686511182
5,3,0,0,1,0,0,50.74409634802137
4,2,0,1,1,1,1,56.519147039962384
4,3,-1,1,1,1,1,55.024513519331165
6,2,0,1,1,1,1,55.82164776727159
-1,3,0,1,1,1,0,48.10228442980336
4,1,1,1,1,1,1,55.00296013464454
2,3,0,1,1,1,0,49.65513681882922
1,3,-2,1,1,0,0,50.94619829728956
7,3,0,1,1,1,1,57.66679731647584
0,4,0,1,1,1,1,56.85395948640095
3,3,0,0,0,1,0,51.07360929025775
2,3,0,1,1,1,1,54.24074258088075
4,3,0,0,0,1,0,50.69838246426678
3,3,0,0,1,1,1,57.40478591376225
2,1,0,1,1,0,0,49.49997226659244
0,3,0,1,1,1,0,49.21679474008188
2,3,0,0,1,1,0,49.29168555325563
3,4,0,1,1,1,1,55.04056851463157
5,3,1,1,0,0,0,49.90725261541898
9,2,0,1,1,1,1,58.03711588662513
2,4,-1,1,1,1,1,55.74772873384475
5,3,0,0,1,1,1,56.11950246796213
4,3,0,1,0,0,0,52.615043186563724
4,2,0,1,1,1,1,56.869400482796514
6,2,0,1,1,1,1,55.50820147324176
4,2,0,1,1,1,1,55.398218575974646
7,2,0,0,1,1,1,56.42590045363648
3,2,0,0,1,1,0,49.7983680119622
2,2,-1,1,1,0,1,53.81798712648035
4,3,0,0,1,1,1,56.80856384030861
3,2,0,1,1,1,0,49.29075908731687
3,2,0,0,1,1,0,49.88209422723696
3,3,0,1,1,1,0,49.84725785451924
5,3,0,1,0,1,1,56.96888076605648
4,2,0,1,1,1,0,50.49565863266533
3,3,0,0,0,1,0,50.36660323219216
0,1,0,1,0,1,0,49.71750488109171
0,2,0,1,0,1,0,49.980605955388
3,2,0,0,1,0,0,50.03359866468913
4,2,0,1,1,1,1,56.31385031950197
3,2,0,1,1,1,0,51.06977263431244
6,2,0,0,1,0,1,56.282590430161655
5,3,0,0,0,0,0,49.66459758869206
4,2,0,1,1,0,1,56.55386360270605
6,3,0,1,0,1,1,54.88032163982512
1,2,1,1,1,1,0,49.31832964952843
1,2,0,0,1,0,1,55.96574848860702
0,2,0,1,1,1,1,56.79124114329632
4,2,-1,1,0,1,1,57.65830115359755
1,4,0,1,1,1,0,50.359511937870174
6,3,0,1,1,0,1,57.38828695547107
0,2,0,1,0,1,1,56.49736437705269
5,2,1,0,1,0,0,50.01166554295522
3,2,0,1,1,0,1,55.22829652163973
4,3,0,1,1,1,1,56.96998075104235
7,3,0,0,1,0,1,58.90367294531054
3,4,0,1,0,1,0,48.39820757007156
3,2,0,1,1,1,1,55.76966241437972
2,3,0,1,0,1,0,50.11323584490869
2,2,0,1,1,0,0,48.32609106585226
2,2,0,1,1,0,0,50.11217646967607
5,2,0,0,1,1,1,54.36629244552104
3,4,0,1,0,1,1,57.64413118264224
2,4,1,0,1,1,0,49.6399384656984
2,3,0,1,0,0,0,51.57580730957273
5,3,1,1,1,1,1,54.518152042291504
1,2,0,0,0,1,0,49.22874092595901
6,3,0,1,1,0,1,56.28747883653195
4,2,1,1,1,1,0,49.6865417001097
2,3,0,1,1,1,1,56.448369806787376
8,3,0,0,1,1,1,55.533418314042734
4,3,0,0,0,1,0,48.61953813073176
6,3,0,1,1,1,1,56.97001161348766
3,4,0,0,1,0,1,55.56955464373688
2,2,0,0,0,1,0,50.34069891048604
2,3,0,0,1,0,0,49.39917405947093
8,3,0,1,0,1,1,55.33928783724473
2,3,0,1,1,1,0,49.92880436623603
4,2,0,1,0,1,0,49.788700671858834
0,3,0,1,1,0,0,50.37783389842955
7,3,0,1,0,1,1,54.62488280554329
3,4,0,0,1,1,1,55.66269028426173
3,2,1,1,1,0,1,55.48079968554799
5,2,0,1,0,1,1,55.86818908659439
6,3,0,1,1,1,1,56.56462465814643
2,3,0,1,1,1,1,56.680841919361086
4,2,0,1,0,1,1,55.05662879192394
0,3,0,1,1,0,0,49.64153301089294
4,3,0,1,1,1,1,56.19687119058264
5,3,1,1,1,1,0,47.61430693616098
1,2,0,0,1,1,1,56.4464163423239
4,3,0,1,1,1,0,48.54141560336551
2,2,0,1,1,1,0,50.06718518044461
4,3,0,1,1,1,1,54.15117337071717
5,3,0,1,1,1,1,55.88523655864624
2,3,0,0,1,0,0,49.6424273452816
4,3,1,1,1,1,1,56.00715760667919
6,2,0,1,1,0,1,57.623888809205226
0,3,-1,0,1,0,0,50.81652858619314
4,2,0,1,1,1,1,57.58590958013777
3,3,0,1,0,0,0,48.49357611700312
4,2,0,1,1,1,1,55.8803271597507
3,4,0,1,1,1,0,48.02357964882289
5,3,0,0,1,1,0,50.57820749192145
4,2,0,0,0,1,1,57.0384608639104
2,2,1,1,1,1,0,48.8948048559416
5,2,0,0,1,1,1,57.15218113066719
0,4,1,1,1,1,0,47.62226653451023
4,2,0,1,1,1,1,57.911995581772295
1,1,0,1,1,1,0,49.53771865225446
3,3,0,1,1,0,0,49.0880972226434
5,2,0,0,1,1,1,55.70802287579665
0,3,0,1,1,0,0,49.03180533228123
1,2,0,1,0,0,0,50.930183738607845
4,3,0,1,1,1,1,54.72517244869671
5,3,0,1,1,1,1,56.135560908454295
9,3,0,0,1,1,1,56.61526033022697
6,3,0,1,0,1,1,57.10092009433077
2,2,0,1,1,1,0,50.04448659139689
3,3,0,1,1,1,1,55.787980386495526
3,2,0,1,1,1,1,53.21033992823333
0,4,0,0,1,1,0,50.75122585546031
4,2,0,0,1,1,1,55.22187802819175
6,3,0,0,1,1,1,57.715521191152575
6,1,-1,1,1,0,1,55.83334321125629
3,3,0,1,1,1,0,49.45761050840718
7,3,0,0,0,1,1,56.335532420504286
2,2,0,0,1,1,0,50.58005697869684
3,3,0,1,1,0,1,54.63537931032384
1,3,0,1,1,1,1,53.643906623338765
3,3,1,1,1,1,1,54.53658976353324
3,3,0,1,0,1,0,48.50974346932454
3,1,0,0,1,1,1,55.17008707971429
2,2,0,1,1,0,1,56.53543641689225
2,2,1,1,1,1,0,49.808392827890806
4,3,0,0,1,1,0,50.82402577074717
4,2,0,0,1,1,0,49.85572777566178
2,2,0,1,0,0,0,50.26943740822471
4,3,0,0,1,0,0,49.10879651395357
5,3,0,0,1,1,1,56.3927673404979
5,2,-1,0,1,0,1,56.60969366740861
0,2,0,0,1,1,0,50.546123241924
1,2,0,1,1,1,0,47.65237821228081
0,3,0,1,0,1,0,50.288954532428605
1,3,0,1,1,1,0,49.20518253225539
2,3,0,1,0,0,0,49.59756021127783
3,2,0,1,1,1,1,55.48561817300245
3,2,0,1,1,0,0,50.12682518875943
1,2,0,0,1,0,0,50.43762439420913
0,2,0,1,0,1,0,49.38203994486132
7,3,0,1,1,1,1,56.00979502514331
7,3,0,0,1,1,1,54.53874750866995
3,2,0,1,1,1,1,55.11136639145656
1,3,0,1,1,1,1,54.90114160247911
4,3,0,1,0,1,1,56.00288750357467
0,3,0,0,1,0,0,49.20572638538726
0,3,0,1,1,1,0,49.844864341563365
4,2,0,1,1,0,1,54.08378937102842
1,2,0,1,0,1,1,55.80710333989306
0,3,0,0,1,1,0,49.39621110879308
2,2,0,1,0,1,1,55.63090341036919
5,3,0,1,1,1,0,50.49358336563451
6,3,0,1,1,1,1,55.62268225515574
3,2,0,0,1,1,0,51.17552871469128
5,2,1,1,1,0,1,55.524498302564574
3,2,0,1,0,1,1,56.89404011633002
4,1,0,0,1,1,1,56.99907912848354
4,3,0,1,1,1,1,55.86381613544391
3,3,0,0,1,0,1,57.024476289704914
3,4,0,1,1,1,0,49.557296224067215
7,3,0,1,1,1,1,54.19376689354188
3,2,0,0,1,0,1,55.91096711694696
4,4,0,1,1,1,1,53.89194273696012
6,3,1,0,1,0,1,56.43435481582089
5,3,0,1,1,1,1,54.43825299382649
5,2,0,1,0,0,1,54.839394716436125
3,4,0,1,1,0,0,49.829284111102375
1,2,0,1,1,1,1,56.00921705386416
7,2,0,0,1,1,1,55.70098862119101
2,2,0,1,1,1,0,48.829667757201534
1,2,0,1,1,1,0,50.20433397113357
2,3,0,1,1,0,0,50.41668552485149
6,3,0,1,0,0,1,56.52426276486744
6,2,-1,0,0,1,1,57.81641621933473
0,2,1,1,1,0,0,49.24151573599443
2,2,1,1,1,0,0,50.05193521146487
7,3,0,1,0,1,1,56.28534548207698
3,2,0,1,1,1,1,58.14983492194608
7,2,0,1,0,1,1,58.66814894116506
6,3,1,1,1,1,1,56.22940950310974
3,2,0,0,1,0,1,56.11268269371556
5,2,0,1,1,1,1,56.0956117689642
8,3,0,1,0,1,1,56.36307762267859
7,3,0,1,1,1,1,55.405841556267234
1,2,-1,1,1,1,0,48.508717397247736
4,2,1,1,0,1,1,56.73649068162342
3,4,0,1,1,1,0,49.8078723319843
2,2,0,1,1,0,0,48.86812899325481
5,3,0,1,1,1,1,56.47304778032253
6,2,0,1,1,1,1,55.53333101230798
-1,2,0,1,0,0,0,49.25423824889779
4,3,0,1,1,1,1,56.68631794015079
3,3,-1,1,1,0,0,50.49283822510998
7,3,0,1,1,1,1,53.86342167604719
1,3,0,1,0,0,0,48.604213701780616
4,3,0,0,1,1,1,56.675170129463325
6,2,0,1,0,1,0,51.45287461359908
1,3,0,0,1,0,0,50.56402075992021
3,2,1,0,1,1,0,48.6922566013895
3,2,0,1,1,1,1,56.68098584736898
7,3,0,1,1,0,1,56.8082400950787
4,2,0,1,1,1,0,50.15502394881924
1,2,0,1,0,1,0,49.557427204101856
8,3,0,1,1,1,1,56.85696986023753
3,3,0,0,1,0,1,57.266704496956784
7,2,1,1,1,1,1,53.782291098073046
2,2,0,1,1,1,1,55.58681378862767
5,3,-1,0,1,0,0,49.70044583406569
2,3,0,0,1,0,0,50.68747444851249
4,2,0,1,0,1,0,50.57779038425261
0,2,0,0,1,1,0,51.2635796516582
5,3,0,1,0,1,1,55.531897092079504
6,3,0,1,0,1,0,49.68013094537765
6,2,0,1,1,1,1,55.880489123056094
4,3,0,0,1,1,0,49.56187047886851
4,2,0,0,1,1,0,50.55671272876707
1,1,0,1,1,1,0,49.948310165033575
1,3,0,1,1,1,0,48.8385685490296
5,2,0,1,1,1,1,55.00588766830142
4,3,0,1,1,0,0,49.09755482180587
0,2,1,1,1,1,0,50.6115538277168
6,2,0,1,1,1,1,57.309974310353965
3,2,0,1,0,0,0,50.553989702194
5,4,0,1,0,0,1,56.84617917120666
3,3,0,1,0,0,0,50.00399825697705
4,2,0,1,0,1,0,51.96813092102944
5,1,0,1,1,1,1,58.19684777565525
8,3,0,0,1,1,0,50.292249827240006
2,2,0,1,0,1,0,50.60350946868595
1,2,0,1,1,0,0,48.68053827793088
3,2,0,0,0,1,1,55.90157443663382
5,3,1,1,1,1,0,49.71983420716965
4,3,0,1,0,1,0,51.56277541375767
4,3,1,1,1,1,0,50.30315748125919
3,2,0,1,0,1,1,56.20754679609973
5,2,1,0,0,1,1,56.901403382313966
2,2,0,1,1,1,1,56.676132095769
1,3,0,1,1,0,0,48.61535414645823
0,3,0,0,1,1,0,49.28731952815014
3,3,1,1,1,0,1,56.73265390197929
6,3,0,0,1,1,1,56.49039028121318
8,2,0,1,1,1,1,56.69093648735401
4,3,-1,1,1,0,0,49.88418136944444
5,3,0,1,1,1,1,56.45418579083136
6,2,1,0,1,0,1,54.549687107425086
3,2,0,1,1,0,1,56.33123261344304
0,3,0,1,1,1,0,50.39184442818669
0,3,1,1,1,1,0,48.7332504814726
1,2,0,0,1,0,0,49.01208555642139
4,2,1,1,1,1,1,55.842365016402105
8,2,0,1,0,1,1,57.11942945413757
3,3,0,1,1,1,1,53.65838917378063
6,2,0,1,0,0,1,58.326786878686775
3,3,0,1,1,1,0,51.707919487915525
5,2,0,1,1,0,1,56.71924061815275
3,3,0,0,1,1,0,50.26964548255105
5,3,0,1,1,1,0,50.01585479159751
5,3,0,0,1,1,1,55.21855731166076
3,3,0,1,1,1,1,56.90643151234946
3,3,0,1,1,1,0,48.230291597100646
6,3,0,1,1,1,1,57.70250406151533
0,3,0,1,1,1,1,53.75128184849992
0,2,0,1,1,1,0,51.83326866810389
4,2,0,1,1,0,0,50.11248638551609
2,3,0,1,1,1,1,54.01510722908726
-2,3,0,0,1,1,0,50.46907644229643
5,2,1,0,1,1,1,55.914919809749534
2,2,1,1,1,0,0,49.25634110791757
4,3,0,0,1,1,1,55.85492346417816
4,2,0,1,1,1,1,55.63059923249188
2,2,0,1,0,1,0,49.64578285754174
5,2,1,1,0,1,0,51.46631996579915
9,3,0,1,1,0,1,56.59536946379915
4,3,0,1,1,0,1,57.86675912553906
2,2,1,1,1,1,0,49.99413236326376
2,2,0,1,1,0,0,49.710606783078056
3,2,0,1,0,1,0,49.15338874408017
3,3,0,1,1,1,1,54.53219177160965
3,3,0,1,0,1,0,49.01674258738685
4,3,0,1,1,1,1,53.10260572973387
3,3,0,0,0,0,0,49.21379247220574
2,2,0,1,1,0,0,47.7723796169169
3,2,1,0,0,0,0,50.19457610671032
7,3,0,0,1,1,1,57.90564945494637
2,1,0,1,1,1,0,48.89487021917826
1,3,1,1,0,1,0,50.3013850563823
1,2,0,1,1,0,1,56.32841323114394
4,3,-1,1,0,0,0,49.542582848884045
5,2,0,1,1,1,1,55.85119640372006
7,3,0,0,0,1,1,56.11584602515856
5,3,0,1,1,0,1,55.43286206827408
2,2,0,0,1,0,0,50.10720225333608
3,2,0,1,0,1,0,51.8858587952446
6,2,0,1,1,1,1,55.91164656680238
5,3,0,1,0,0,1,57.08065810268355
9,3,0,0,1,1,1,56.41756914275992
8,2,0,1,1,1,1,57.16690064777928
2,3,0,1,1,1,1,55.56327248757787
8,2,-1,1,0,1,1,55.84777309453126
6,2,0,0,1,1,1,56.44185884024522
3,3,0,1,1,0,0,49.670711538307145
3,3,0,1,1,1,1,56.10695802861764
4,2,0,0,1,1,1,57.256618423874166
0,3,0,1,1,1,0,46.73624174438951
0,2,0,1,1,1,0,49.54909746586115
3,2,0,0,0,1,0,51.58983858505143
5,2,0,0,1,0,1,56.24542883296642
2,2,0,1,1,1,1,54.68622879086209
2,2,0,0,1,1,0,48.42961689770164
4,3,0,1,1,1,1,55.79242262672263
0,3,0,1,1,1,0,49.73323696655273
5,3,0,1,1,0,1,54.1685749336368
2,3,0,1,1,1,0,49.45737175893133
2,3,0,1,1,0,0,49.48568608944433
2,2,0,0,1,0,0,50.55013609442041
5,2,0,1,1,0,1,54.74585123814279
6,2,0,0,0,0,1,57.47993442297916
4,3,0,0,1,0,0,51.68059140401616
7,3,0,1,1,1,1,57.01857849673903
3,2,0,1,1,1,0,50.23698283957673
1,2,0,0,1,1,0,50.38222301549854
7,3,0,0,1,1,1,58.599159718798376
5,2,0,1,0,0,1,55.64202182040989
3,4,0,0,1,1,1,57.26570839430666
2,2,0,1,1,1,0,49.327340223800455
2,3,0,0,0,0,0,50.447048255577
2,3,0,0,1,1,0,49.85305752304244
2,2,0,0,1,1,0,50.40496687774816
2,2,0,1,1,0,1,56.16536949600096
-2,4,0,1,1,1,0,48.9951333090451
0,2,0,1,1,0,0,48.89358192764681
4,3,0,0,0,0,0,51.75039371669261
7,2,0,1,0,1,1,55.44198898797981
6,3,0,1,1,1,1,56.24094925304297
4,3,0,1,1,1,0,49.68404351360822
2,2,0,1,1,0,0,48.29435187095352
3,3,0,1,0,0,0,48.42004292501265
8,2,0,0,1,0,1,56.10851625260688
6,3,0,1,1,0,1,54.44824367900158
-2,2,0,1,1,1,0,50.57679090126933
4,3,0,1,1,1,1,54.04659408640191
4,3,0,1,1,1,1,55.46742602281047
3,3,-1,1,1,1,1,54.08601633426419
4,2,1,0,1,1,0,49.58613467516064
2,3,1,1,1,1,0,47.75767970550019
2,3,0,1,1,1,1,55.03432397060365
3,3,0,0,1,1,1,54.08119541285171
0,4,0,1,1,1,0,49.2503850946452
4,2,0,1,1,0,1,55.18173646598012
3,2,-1,1,1,1,1,57.55190821242105
2,2,0,1,0,1,0,50.711000502649455
6,2,0,1,1,1,1,54.66441803855798
1,3,0,0,0,1,0,50.08609492435634
1,2,0,1,1,0,0,50.10567875940742
4,2,0,0,1,1,1,56.79766089479864
3,3,0,1,0,0,0,49.57891223629136
3,3,0,1,1,0,0,48.805713356809534
7,3,1,0,0,1,1,56.95310589769865
4,2,0,1,0,1,1,55.2700631397141
3,3,0,1,1,1,1,57.78304863775879
2,2,0,1,0,1,0,48.95671874295559
7,3,0,0,0,0,1,55.80436227733098
2,3,0,1,1,1,1,55.85872060243434
7,3,0,1,0,1,1,54.83011238917418
1,2,0,1,1,1,0,48.40136291819373
0,3,1,1,1,1,0,48.88547990206381
3,3,0,1,1,1,0,49.73980080244254
1,3,1,0,1,0,0,48.95855328092668
0,2,0,0,1,0,0,48.83272802066405
5,2,0,0,1,1,1,57.234184338065326
5,2,0,0,1,1,0,50.82306429794558
4,2,0,0,1,1,0,51.524294107535816
5,2,0,1,1,1,1,56.18498553611137
0,2,0,1,1,1,0,49.584615749180266
3,2,0,1,0,0,0,49.14647747094696
2,3,0,1,0,1,0,49.382852714820096
8,3,0,0,1,1,1,56.74451627527967
7,3,0,1,1,1,1,54.76384866615577
4,2,0,1,1,1,0,51.39069946840476
4,2,0,0,1,1,1,57.3986676312956
4,2,0,1,1,0,1,57.463409532683805
5,3,0,1,1,1,1,54.56905009222368
5,2,0,1,1,1,0,48.11369004026216
0,3,0,1,1,1,0,48.934883611613095
6,3,0,0,0,0,1,57.72599410809748
0,2,0,1,1,1,0,49.19592062604415
4,2,0,0,1,1,0,51.84613913089958
5,2,0,0,0,1,1,55.8360487681965
0,2,0,0,0,1,0,50.29965629152645
4,3,-1,0,0,1,1,55.288812780221946
3,3,0,1,1,1,1,54.88720348074937
1,3,0,0,0,0,0,48.72724816512019
1,3,0,1,1,0,0,49.92147167518853
6,3,0,1,0,0,0,52.18422074065042
6,3,0,1,1,1,1,54.56325297263312
4,2,0,0,1,1,1,56.48534482185153
4,2,0,1,1,1,1,56.23740538742912
2,2,0,1,1,0,1,56.19631990910291
4,2,1,0,0,1,1,55.745717882195606
4,4,0,1,0,0,0,49.33231630917429
-2,1,0,1,0,1,0,48.42273937640103
3,1,0,1,1,1,1,55.539326316157634
2,2,0,0,1,1,1,56.17373520190623
4,3,0,0,1,1,1,56.99832786229865
5,3,0,1,1,1,1,54.85422789565804
2,3,0,1,1,1,0,49.80577847954721
4,2,0,0,0,1,1,55.40248743661435
4,1,-1,1,1,1,1,56.70734289164511
5,2,0,1,1,0,1,55.18646652223323
3,2,0,1,0,0,0,49.57917312394526
3,4,0,1,1,1,1,55.35069382104195
5,3,0,1,1,0,1,56.54454552341183
7,2,1,0,1,0,1,56.15486763866478
4,3,0,0,1,0,0,50.01515903930989
3,2,0,0,1,0,0,51.219967119105306
4,2,0,1,1,1,1,56.71577573359515
2,3,0,1,1,0,0,49.93590091902677
0,2,0,1,0,0,0,49.62677380175503
4,2,0,0,1,1,1,55.844632381772406
0,2,1,1,1,1,0,47.739333522470126
2,2,0,1,0,0,0,51.20001657126859
5,3,0,1,0,1,1,56.50619790740046
5,3,0,1,1,0,1,55.50132139574059
5,3,0,1,0,0,0,50.75612983113111
2,3,0,0,1,0,0,49.205743984854
4,2,0,1,0,1,1,54.826722071618846
5,2,0,1,0,0,1,57.81826547277805
3,4,0,1,1,1,1,55.498699789924885
4,3,0,0,1,1,1,54.97021552784977
5,2,0,0,0,1,0,51.51766745654973
2,3,0,1,0,1,0,48.78470252002232
4,2,0,0,1,1,0,50.503448827117445
3,2,0,0,0,1,0,51.40232659161986
5,3,0,1,1,1,1,55.1466792139003
7,2,0,0,1,1,1,57.6549687023305
3,3,0,1,1,1,0,49.456196666098585
4,3,0,1,1,0,1,55.567665197486015
2,3,0,0,1,1,0,49.791476157561625
4,2,0,1,1,1,1,54.947522081969616
0,3,0,1,1,1,0,49.28241756543466
7,3,0,1,1,1,1,56.4935543791813
0,2,0,1,1,1,0,50.53596011459122
2,2,0,1,0,1,0,51.1289302921072
3,2,0,0,1,0,0,50.04969030041515
6,2,0,0,0,0,1,55.31215351148845
5,2,0,1,1,0,1,55.6755721589391
5,3,0,1,1,0,0,48.74453748354462
3,2,1,0,1,1,1,55.7066875723994
5,2,0,1,1,1,1,54.208487019675566
4,4,0,1,0,1,1,55.83699951889657
4,3,0,1,1,0,0,49.115422358604725
1,2,0,0,1,1,0,50.55369196947331
3,2,0,0,1,1,0,50.80144959372053
3,4,0,1,1,0,0,50.32499990034413
6,3,0,1,0,1,1,55.9086530228309
2,2,0,1,0,1,0,51.759789172943066
2,3,0,1,1,1,0,51.13435690994988
3,3,0,0,1,1,0,51.14721331988888
4,3,1,0,1,0,1,56.85632973922888
5,3,0,1,1,1,1,54.96737091160563
6,2,0,1,1,1,1,54.15971571779652
5,2,0,1,0,0,0,50.41099527282534
3,1,0,1,1,1,0,50.0376728667405
2,3,0,0,1,0,0,51.2186460122971
5,2,0,0,0,1,1,56.92577512410951
1,2,0,1,1,1,1,56.751344716537474
0,2,1,1,0,0,0,49.47955187489031
1,3,0,0,1,0,0,49.99919377055112
6,2,1,1,1,1,1,57.48804218125
3,3,0,1,0,0,0,48.76270732265142
4,2,0,1,0,1,1,56.079716130318026
5,3,0,1,1,1,1,56.00270098775568
6,3,0,0,1,1,1,55.39847649701991
4,3,0,1,1,1,0,49.15045552956836
4,2,0,0,1,1,1,57.1684743036387
5,2,0,1,1,0,1,54.96924717519192
4,1,0,1,1,1,1,55.66760654021678
5,3,0,0,1,0,0,50.2123662905693
0,3,0,1,1,1,0,47.15086163195448
5,3,0,1,1,1,1,57.32390076300189
4,3,0,1,1,1,0,49.381766968191805
5,3,1,1,1,0,1,55.49712232480433
1,3,0,1,1,1,1,55.21790098557258
6,3,0,1,1,1,1,55.80259722045837
2,3,0,1,1,1,0,48.29516063660135
6,1,0,1,1,1,1,55.67992354489279
4,3,0,0,0,1,0,51.13339189564179
1,2,0,1,1,1,0,49.09665413191071
1,3,0,0,1,1,1,55.0757098548248
4,2,0,1,1,1,0,49.071806101850825
4,2,0,1,1,0,1,55.22407183059229
5,2,0,0,1,0,1,57.19168707421403
8,3,0,1,1,1,1,56.460659511617855
3,3,0,1,1,1,0,49.113865576978725
5,3,0,0,0,0,1,55.294053264301645
2,4,0,0,0,1,0,49.17416591298688
6,2,1,0,1,1,1,55.76984934584726
3,3,0,1,0,1,0,49.96413373648596
2,2,0,1,0,0,0,51.999508866930135
1,2,1,1,1,0,0,49.03003697757352
4,2,0,1,1,0,1,56.41226627297913
2,3,0,1,1,1,1,55.56297299642527
7,2,0,1,0,1,1,56.560891564333055
2,2,0,1,1,1,1,55.4664265729185
2,3,0,0,1,0,1,56.39817794338117
1,2,0,1,0,1,0,49.32808998937837
6,3,0,0,1,1,1,57.52624834715841
5,1,0,1,1,1,1,55.43040800027717
7,3,0,1,1,1,1,56.81505492496077
2,2,0,1,0,1,0,51.0097099579309
2,2,0,0,1,1,0,50.26779642323432
4,3,0,1,0,1,0,51.21243672636083
2,3,0,0,1,1,0,50.72497062111477
4,3,0,1,1,1,0,49.47498635122493
4,3,0,1,1,1,1,56.02940386985407
5,3,0,1,1,1,1,55.23289455049184
7,3,1,0,1,1,1,57.98653103235311
3,4,0,0,1,0,0,51.14643964185702
6,2,0,0,0,0,1,57.06258387871336
3,2,-1,1,1,1,1,56.02065646564442
4,3,0,0,1,1,1,57.37642838715461
4,3,0,1,0,0,1,54.03192738130193
5,2,0,1,1,1,1,54.68236582662544
1,2,0,0,1,1,0,50.22649042786747
2,3,0,1,1,1,0,49.69300270018355
1,3,0,1,0,1,0,48.38861775143787
5,2,0,1,1,0,1,55.0861292704156
3,3,0,0,1,1,0,51.28608256955058
6,3,0,1,1,0,1,56.28075021805928
2,3,0,1,0,1,0,50.63665093862535
4,2,0,0,1,1,1,55.65097513638495
5,3,0,1,1,1,1,55.71177728508795
2,3,0,1,1,1,1,53.76906047937024
6,2,1,1,0,1,0,49.73087965661776
0,3,1,1,1,0,0,49.316683648779566
1,2,0,1,1,1,0,49.44924045481009
3,3,0,0,1,0,1,55.654522197077554
1,2,0,1,1,1,1,55.0287583417265
3,3,0,1,1,0,1,56.45810320603289
-2,3,0,1,0,1,0,49.19849882274888
2,3,0,0,1,1,0,49.03658494023806
5,3,0,0,1,0,1,54.97903440243333
4,2,0,1,1,1,1,56.47831397793173
5,2,0,1,1,0,1,55.77571653940876
9,3,0,0,1,1,1,56.45258498884128
3,3,0,0,0,1,0,51.02184818416653
4,2,0,0,1,1,0,49.48792021529276
7,2,0,1,0,1,1,57.20168549989497
3,3,0,1,0,1,0,50.776473021145335
2,2,0,0,1,1,0,50.85568234233498
6,2,0,0,1,1,1,55.34347316413789
4,3,1,1,0,1,1,56.94570849021692
3,2,0,0,1,0,0,47.177200329018014
4,2,0,1,1,1,1,56.053675325412826
1,3,0,1,0,0,0,50.15032618568814
0,2,1,1,1,1,0,48.55512259446803
1,3,0,1,0,1,0,50.66552740771093
5,3,0,0,1,1,1,56.346027098142784
5,3,-1,1,0,1,1,55.36332459701908
5,3,0,0,0,1,1,54.733593658959286
3,2,0,1,0,1,0,49.806889115603454
4,4,0,1,0,1,0,48.87904190172703
3,2,0,1,1,1,1,54.545074506472936
4,2,1,1,0,1,0,49.663550025448
5,2,0,1,0,0,1,56.73346139987599
3,1,1,1,1,1,0,49.69947936255524
4,3,0,1,1,0,1,52.76973327105609
6,2,0,1,0,1,1,58.195070818787805
6,2,0,1,0,0,1,56.21343607728322
6,3,0,1,1,1,1,55.55622150525869
0,3,0,1,0,1,0,50.56900270401063
4,1,0,1,1,0,1,56.6051578286482
2,2,0,0,1,1,0,49.16683182708319
11,2,0,1,0,1,1,56.11814761754959
4,2,0,1,1,1,1,54.189134482355385
2,2,0,0,0,1,0,49.80543849450746
3,3,0,1,0,1,0,49.47748567536063
-3,2,0,1,1,0,0,48.028783101308704
0,1,0,1,1,1,0,48.556904595465696
3,2,0,1,0,1,1,57.97518077545459
4,2,0,0,1,1,0,49.331732223227874
1,3,0,1,1,1,1,55.460894844925726
4,3,0,1,0,1,0,49.89374583177133
4,2,0,0,1,0,1,57.20507184576136
1,3,0,1,1,0,0,50.832803144045045
5,2,0,1,0,0,0,50.629839639724544
3,3,0,1,1,1,1,53.09361064434698
7,2,0,1,0,1,0,49.39855987295116
3,3,1,1,1,1,1,54.64919874585284
3,2,0,1,1,1,1,55.014530435712366
9,3,1,1,1,1,1,55.78852173547825
0,3,0,1,1,1,0,48.65636791579299
3,2,0,0,0,1,0,49.60162992662652
3,2,0,1,1,0,0,49.2565707779092
2,2,0,1,1,1,0,47.90021772242508
6,2,0,0,1,1,1,57.37429664216452
6,2,0,0,1,1,1,56.150068604801774
3,3,0,1,0,1,0,49.69007134338612
4,2,1,0,0,0,0,49.72893726065248
3,2,0,1,0,1,1,56.39735502014302
6,3,0,1,1,1,1,56.26181108855738
5,3,0,1,0,1,1,56.14663665287026
1,2,0,0,1,1,0,48.69774699573605
7,3,0,1,1,1,1,54.89057396474517
2,1,1,0,1,1,0,49.925020442066185
4,2,1,1,0,1,1,56.286395122856845
5,1,0,0,1,1,1,58.98264867908208
1,4,0,1,1,1,0,49.71185161659509
4,2,0,0,1,1,0,50.0786520213974
6,4,0,1,1,1,1,57.77971159465122
4,2,0,1,1,1,1,55.60364543996904
6,2,0,0,1,1,1,55.02558012709876
6,2,0,1,1,1,1,56.21406658017479
1,3,0,0,1,1,0,48.41972398684736
6,3,0,1,0,1,1,56.175720714302166
3,3,0,1,0,0,0,50.16169146025502
2,2,0,1,1,1,1,55.58252396016059
1,2,0,0,1,1,0,49.11346282078615
3,2,0,1,0,1,0,49.17144582304029
2,3,0,1,1,1,1,55.4355552209721
0,3,0,0,0,0,0,50.37281521562748
3,3,0,1,1,1,1,55.28097474270108
3,2,0,1,0,0,1,55.3976236157292
0,2,0,1,1,1,0,50.266290113042125
0,2,0,1,1,1,1,55.94861723812165
1,3,0,1,1,0,0,49.267461271701286
2,2,0,0,0,1,0,49.29018390081338
0,2,0,1,1,1,0,49.23276309477392
4,3,0,0,1,1,1,55.84732238057887
0,3,0,0,1,0,0,50.02401498877189
5,3,0,1,0,1,0,50.43401454984435
5,2,0,1,1,1,1,56.56493936504653
0,3,0,1,1,0,0,47.09660649538903
1,3,0,0,1,1,0,49.47697840250374
3,2,0,0,0,0,0,48.70979357833016
4,3,0,1,0,1,0,48.29619433944372
3,3,0,1,1,1,0,49.9707775943478
3,4,0,1,0,0,0,50.28108442992583
4,1,-1,1,1,0,1,55.94826853376207
4,3,1,1,1,1,0,49.34387106884009
-1,2,0,0,0,1,0,50.71375570984044
5,2,0,0,1,1,1,57.3934739105123
4,3,0,1,1,0,0,48.200066849557054
5,2,1,0,1,1,0,50.14102880106358
2,4,0,1,1,0,0,50.47947651735716
9,3,0,1,1,1,1,54.85169128184536
2,1,0,1,1,1,0,47.80103538767645
3,2,1,0,1,0,0,49.45523933546906
4,2,0,1,0,1,0,47.537757880177445
4,2,0,1,1,0,0,49.68446235894149
1,3,0,1,0,0,0,50.53142948957853
0,2,0,1,1,1,0,49.42878712325239
5,3,-1,1,1,0,1,57.01903835559706
5,3,-1,1,0,1,1,55.4458980551633
3,3,0,1,1,1,0,50.55375724099554
