age_years,education_years,previous_month_income,work_hours_weekly,gender,rural_residence,job_retraining_program,current_month_income
21,10,11,18,0,1,1,52.41440945846964
25,18,10,8,1,0,0,39.47901245802965
32,34,8,19,1,0,0,42.422902775970975
25,19,12,8,0,1,1,51.32419154015445
10,24,7,16,1,1,1,55.271578340376834
39,23,11,18,1,0,1,47.47809168729633
30,26,8,14,1,1,1,50.52320428620966
31,21,6,6,1,0,0,38.67303520935231
30,18,16,19,1,0,1,48.46987502494167
31,24,8,10,1,0,1,47.47408619674649
34,21,7,17,1,0,1,47.77286136496081
38,21,8,10,0,0,0,37.69568799762425
19,11,11,12,1,0,1,52.81919895942884
20,20,13,11,0,1,1,52.27067317944156
25,19,9,5,1,1,0,41.68592328098831
25,20,8,16,0,0,0,45.15782930990526
26,15,9,4,1,0,0,40.70941104721004
23,22,13,16,0,1,0,44.62863371663187
24,23,7,18,1,0,1,51.10675843891173
30,23,16,12,0,0,1,48.46737724161616
23,16,7,14,0,1,1,52.25247845386423
32,18,10,6,0,0,0,40.01882833213852
27,4,9,17,1,0,1,48.74292163114466
31,27,11,22,1,1,1,50.20450268825908
28,19,9,16,1,1,1,52.52714175315809
35,24,13,15,0,1,0,44.5763764973457
31,26,9,10,1,1,1,48.71879199615298
25,25,9,25,0,1,1,53.87559735397347
10,20,7,14,0,1,1,55.89929038177105
15,25,9,13,1,0,0,45.36330268655273
23,18,10,13,1,0,0,42.47093227542363
29,18,10,17,1,0,1,50.70605826698427
29,12,15,18,1,0,0,43.24395967540708
14,25,9,12,0,1,1,54.28432892252656
35,17,11,-2,0,0,0,37.01984155169005
25,17,15,13,1,0,1,51.76913246277508
30,17,15,24,1,1,1,53.31261618003837
25,18,17,17,1,0,0,43.931708496507845
35,16,6,14,1,1,1,47.705779166585
34,30,12,13,0,1,0,41.16786651638417
10,26,8,18,0,1,1,57.68897977502247
26,17,13,8,0,1,0,43.45151315058653
31,14,13,8,0,1,1,49.07231607520514
17,19,9,0,0,0,1,50.08090748559259
28,20,7,18,0,0,1,52.904131332846944
42,16,12,11,0,0,0,36.77504286633137
26,17,10,12,0,0,0,41.60576082585184
25,21,5,17,1,1,1,51.89440936198916
44,22,8,19,1,0,1,45.913183482703
41,23,10,12,0,0,1,44.3860522386956
26,26,17,11,0,1,0,43.305051244959365
20,29,9,8,1,0,0,43.6138975264807
31,20,6,7,0,1,0,38.72693294178882
43,24,9,7,1,0,0,34.91657049137135
41,21,12,10,1,0,0,36.35654811885183
15,17,5,12,1,1,0,46.35861835165372
21,23,6,16,1,1,1,52.91191300978792
33,19,10,16,0,0,1,49.34196754795221
35,20,9,9,0,1,1,48.425622646634366
44,33,7,7,1,0,1,42.2136744172111
23,16,15,24,1,0,0,46.15785083633939
9,20,8,14,1,0,1,55.70294166277888
42,19,8,10,1,0,0,35.693400925767136
24,16,8,13,0,1,1,50.297069895948106
37,16,13,7,0,1,0,39.58167329320866
20,12,13,2,1,0,1,51.96633666413881
34,18,14,9,0,0,0,40.92661745159656
29,18,8,13,1,0,0,40.49280642894328
19,23,9,9,1,0,1,52.7147078838424
35,18,5,20,0,0,0,39.91174807896622
34,29,8,12,0,0,0,39.54859604180709
10,19,8,16,0,0,0,47.72109665139307
22,24,8,6,0,0,0,43.11907023856857
30,27,16,13,0,1,1,50.65174203567327
41,13,13,12,0,0,1,46.27489536149274
27,22,11,11,1,1,0,40.90395374268487
17,29,14,12,0,1,0,48.15406395507394
37,17,8,16,1,0,1,45.7235992102676
36,2,8,24,0,1,1,48.65379110027447
42,22,9,12,0,1,1,45.86346733072558
24,20,3,20,1,0,0,43.45294264124762
45,17,11,17,1,1,0,38.6384226443912
39,24,12,10,1,0,0,36.30849016188537
31,7,14,16,0,0,1,48.81606346686071
48,19,8,11,1,0,0,34.20807436764022
31,20,8,11,0,0,1,48.72821401089077
18,21,7,7,1,1,1,51.8394892633054
31,18,11,11,0,0,1,48.65515721595498
33,23,6,12,0,1,0,40.24439960275992
33,24,11,10,1,1,0,41.63707845231295
11,20,10,10,0,1,0,47.26981982952693
31,18,11,15,1,1,1,49.82185148639325
27,17,10,18,1,1,1,50.87680047289233
25,25,14,12,1,1,0,44.55567871688101
17,19,12,12,0,0,0,46.45001236920846
18,20,13,13,1,1,1,54.6794753179902
45,16,12,11,0,1,1,45.07114062413466
46,22,8,6,1,0,0,32.85825978939453
24,15,4,25,1,1,1,52.42568795730744
41,22,11,10,0,0,0,37.83819857269928
25,31,7,9,0,0,0,42.02938335272683
24,14,13,17,1,0,0,45.43717495508673
37,9,9,6,0,1,0,37.4631650702899
24,13,8,8,1,0,0,40.45219242434053
28,15,7,18,0,0,1,51.34412595581229
27,10,8,8,0,1,1,49.22681893106146
39,15,5,17,0,1,1,47.270892923893705
32,29,9,10,1,0,0,38.57654794452187
17,19,6,10,1,0,0,43.51232795538339
31,15,5,19,1,0,1,48.20174930682006
35,27,10,13,0,0,1,47.691606728796366
27,27,8,17,0,1,1,50.66365988567693
17,15,12,6,0,1,1,53.35227686502874
35,18,9,15,0,0,0,39.28046180282539
27,24,12,13,0,1,0,43.29478279467877
26,12,10,3,1,0,0,39.43894852725464
35,30,13,13,0,0,1,48.34707503351751
20,11,10,12,0,0,1,50.35696409495259
33,20,6,12,0,1,1,48.89290005476951
47,21,11,11,0,0,0,36.11866671845529
24,12,7,24,0,1,1,53.89106155339978
39,17,14,16,1,0,0,39.92224106372655
23,24,8,10,1,0,1,50.83876472533088
50,20,9,17,0,0,1,43.52505942857354
28,15,10,15,1,0,0,41.71335021738164
25,30,7,-1,0,1,1,47.495080055951895
28,22,13,16,0,1,1,53.29538824625807
38,15,15,26,0,1,1,48.96036323416936
23,23,9,15,1,0,0,44.60981615336377
31,23,11,10,1,1,0,40.8482601697937
30,25,11,13,1,0,0,41.917540523397925
32,19,13,12,0,0,0,39.91634083506783
26,2,15,13,1,0,1,49.512177291827655
25,26,10,13,0,0,1,50.685792643834496
27,20,6,8,1,1,0,40.70641525825384
41,5,11,11,1,0,0,36.54294132583453
34,22,13,13,1,1,1,46.958206126791765
22,15,11,14,0,0,1,51.59802047733996
42,31,7,10,1,1,1,44.58157714911878
35,24,15,11,0,0,0,40.67398426493597
26,15,9,19,0,0,1,52.65530357331394
21,18,11,16,1,1,1,53.262177001424014
29,19,12,24,0,0,1,50.947827672892814
40,19,12,19,0,1,1,48.69589582558108
24,23,12,25,0,0,0,43.906280531872575
34,19,14,17,0,0,1,49.52081903474946
18,19,10,12,0,1,1,53.30710284503628
21,19,7,17,1,0,1,51.15565786763108
19,15,10,11,0,0,1,51.93428980088039
47,19,7,20,0,0,0,37.43376710141718
32,18,13,17,1,1,1,50.18737811223555
14,21,13,14,1,1,1,57.251024558225446
35,20,11,9,1,1,1,46.85543005549237
25,22,10,20,1,1,0,42.97557749624636
34,12,5,10,0,0,0,36.915748180669496
18,12,5,9,1,1,1,53.09809528827111
15,28,4,21,0,0,1,53.83263758019246
33,15,10,18,0,0,1,48.8701348949742
26,28,10,7,0,0,0,42.65780641683891
45,19,8,23,1,1,1,44.388663898047454
27,17,0,9,1,1,0,40.88046823620211
33,14,11,21,0,0,1,51.15324777314825
26,24,9,17,0,1,1,51.80285569147784
17,21,12,10,0,1,1,53.31614277694857
29,23,8,13,0,1,0,41.9456168759503
34,19,9,8,1,0,0,39.44892102124321
33,25,15,16,0,0,0,41.21469273686643
19,23,10,11,1,1,1,52.67513654201532
23,29,5,17,0,0,1,51.14049328461631
25,22,5,19,1,1,1,51.68014662006508
28,18,8,20,0,0,1,50.037785727005385
21,24,9,15,1,0,0,44.46187754176063
38,12,10,13,1,0,1,47.25007752669063
36,12,8,15,0,1,1,47.52034452960746
37,20,-1,1,0,0,0,35.62656479224823
21,14,16,11,1,0,1,51.55416269090412
30,34,12,8,1,0,0,39.53111256629714
27,15,9,17,1,1,1,49.28573916798314
36,22,11,18,1,0,0,41.08101698295752
16,25,13,13,0,0,0,45.62526526289152
44,25,13,18,1,0,0,36.24815776297902
22,24,4,8,0,0,0,42.43418888728832
30,12,10,22,0,1,1,51.190270921426006
40,25,5,22,1,0,0,39.372185955109934
31,18,15,18,1,1,1,51.914059699460765
38,12,11,18,0,0,0,39.22648844834914
28,20,5,11,0,1,1,49.70362192696585
30,20,8,13,1,0,0,41.161375175790816
34,12,9,10,0,0,0,39.914219952737085
34,22,11,14,0,0,0,42.10510061373392
32,23,9,19,0,0,0,42.77020483169889
33,28,18,6,1,0,0,38.94178400835944
35,21,8,13,1,1,1,45.898369315766566
19,19,6,7,0,1,1,49.49559533607923
32,20,12,16,1,1,0,40.80203104451633
34,23,12,11,0,0,1,47.83073600246424
52,25,4,16,1,0,0,33.64120306988
32,13,13,13,0,1,1,48.26608759229288
13,32,13,8,0,1,0,47.7089690079024
32,15,8,16,0,0,1,48.37196243024885
41,10,15,20,0,0,0,39.53778739608372
38,20,9,17,0,0,1,48.21621717545876
47,14,11,18,1,0,0,35.241789016359974
31,22,10,12,0,0,0,39.99356633437706
46,17,9,19,1,0,0,35.992544827410214
36,19,9,-1,0,0,0,36.9847551048673
20,20,7,16,0,0,0,44.30667459343516
34,20,12,14,1,0,0,39.40177643752816
28,23,8,9,0,1,1,48.04407046658148
30,12,10,0,1,0,0,39.87313496499685
27,17,6,20,1,0,0,41.49104803458325
16,19,14,15,1,0,1,54.90722806761974
18,21,10,8,1,1,1,53.03029691358071
35,16,8,6,1,1,0,36.70222567732253
24,24,7,10,0,1,0,42.347425791892086
27,21,12,0,0,0,1,47.08914548873572
34,19,6,13,1,1,0,39.37258227936782
25,19,12,13,0,1,0,42.97209795499599
35,15,13,21,1,1,1,49.52848537838986
45,23,16,21,0,1,0,38.89449773975139
40,13,10,16,1,1,1,47.24979697889246
40,23,6,13,0,1,1,44.57066501257896
41,16,10,13,0,0,0,37.85108329522852
37,23,6,8,0,0,0,38.82033835952838
34,18,13,14,0,1,0,41.35900954089538
32,11,5,16,0,0,1,48.47595749844341
28,21,12,4,1,0,0,39.36529269104865
35,8,10,10,0,0,1,47.25191951064903
36,28,8,16,0,0,1,47.99612366367254
18,16,12,14,0,0,1,51.67848559121461
34,24,5,16,0,1,0,41.39956720724789
24,23,7,19,1,0,1,51.81225995063195
35,21,6,11,0,0,0,37.63650961274007
43,26,9,8,1,0,0,37.06605256997742
37,13,13,18,1,1,0,39.51673568123993
40,11,13,8,1,1,1,47.07046956561868
18,24,9,9,0,0,0,46.29926137065914
39,25,8,18,0,0,0,39.29576273015491
36,30,11,14,1,1,0,41.25678090832051
17,18,10,19,0,0,1,54.14816727684252
24,17,12,16,0,0,1,52.6095617535907
22,35,16,26,0,1,1,55.898311528743776
28,25,15,19,0,1,1,51.70933797107736
31,15,5,18,1,0,0,40.149754622310816
25,12,9,14,0,0,0,42.14945412275132
38,19,9,16,1,1,0,39.17209514698311
33,18,10,12,1,1,0,40.86145276836236
34,9,10,13,1,0,1,47.637823640300326
28,29,11,17,1,0,0,41.40930256899124
32,8,12,3,1,0,0,38.63333160490214
28,11,9,15,0,0,1,50.79501816718495
16,19,11,13,0,0,1,52.75253577941829
37,12,7,17,1,1,1,46.193173391256536
36,12,14,16,0,1,1,50.09232651121194
37,18,14,5,0,1,1,46.56377282792074
37,36,9,11,0,1,1,46.13151122329354
34,14,8,0,1,0,0,39.24078262527628
32,28,8,15,1,0,1,50.21149917089038
19,17,8,5,0,0,1,50.90938957984569
25,15,8,5,0,0,1,47.77863352906075
23,15,7,19,0,1,1,54.113653358036615
32,18,11,13,0,0,0,39.80530757027744
31,14,12,13,1,1,0,42.884309477754535
36,30,8,8,1,0,0,38.686243991502
31,13,8,13,0,1,1,50.12860648186321
33,27,14,13,0,1,0,39.88380919973318
33,10,6,17,1,0,0,39.11570138968224
30,20,9,11,0,0,0,40.13002119921445
38,19,9,19,1,0,1,46.72467005480755
30,27,13,19,1,1,1,50.87556913140011
36,30,11,17,0,1,0,43.45745549848845
35,32,9,17,1,0,0,40.00574175697151
27,11,4,11,0,0,0,41.97224083997272
38,19,8,22,1,1,0,41.27330914256493
37,27,8,19,0,0,1,47.09955931737571
38,14,6,18,0,0,1,44.2095711547503
33,29,12,5,0,0,0,39.36617540757155
35,1,13,12,0,0,1,47.07274775805832
37,24,14,7,1,1,0,38.92201168588455
45,14,5,25,0,0,0,38.548115292191184
8,17,8,17,0,1,1,59.2698051211043
27,13,6,16,0,0,1,48.87818591335687
25,11,9,7,1,0,0,39.33047648082251
22,21,8,19,0,0,1,52.90798655833293
24,19,6,20,0,0,0,44.44354890565026
20,21,10,12,1,1,0,45.1816650046989
33,29,12,11,1,0,0,41.51763990967616
29,16,10,15,1,0,0,40.374607426864245
26,10,9,12,1,0,0,41.836256450961606
32,28,10,9,0,0,0,41.93343226888755
21,21,4,11,0,1,1,52.35713406070838
32,24,11,14,1,1,1,47.933370267710906
20,25,1,3,1,1,0,42.2973097119273
27,11,4,8,1,1,1,48.9959361739086
30,7,11,16,1,0,0,43.25310666791892
31,17,10,12,1,1,0,41.232898150616826
34,21,7,12,0,1,0,38.2097526526603
38,17,9,15,1,1,0,38.8120666939783
35,13,4,9,1,0,1,46.40143404675802
39,20,10,18,0,1,0,39.69485954185874
36,16,15,18,0,0,1,47.96864778709397
35,22,10,5,0,1,0,38.71035800379156
34,27,15,9,0,0,0,41.49301652691635
42,24,6,9,1,1,0,36.34118499789048
7,17,3,12,1,0,0,45.56527908819041
27,19,6,7,1,1,0,41.496946883083055
35,14,15,22,1,0,1,50.24465587753901
30,21,12,11,1,1,0,41.87210717663716
26,21,6,9,1,0,0,40.30606772513213
28,27,6,15,0,1,1,50.04898829677367
29,17,9,13,0,0,0,42.347044387536585
30,21,7,19,1,1,1,50.63994776897162
30,21,2,23,1,0,1,48.81492091986144
30,20,10,15,0,0,1,48.576106341824506
32,24,9,19,1,0,1,48.71819875936777
29,10,6,27,0,0,1,51.61202064343215
33,13,17,14,1,0,0,41.07829074563268
29,21,7,12,1,0,0,42.069033032497096
19,21,10,11,1,0,0,44.67435658585768
28,22,9,16,0,1,0,42.72246247471516
41,14,15,17,1,1,1,46.64928846899964
17,16,7,11,0,1,0,45.973963037475
60,19,7,12,0,0,0,30.76797539482301
21,11,8,17,0,1,1,54.19240885666012
36,24,5,18,0,1,1,48.16320224359646
30,20,8,11,1,1,1,49.0701024422057
36,15,7,13,0,1,1,47.97280407194057
31,29,13,12,0,0,0,41.17065591479609
33,21,11,16,0,0,0,40.916704251776274
33,18,5,13,0,0,0,38.16524537849098
30,25,5,7,1,0,0,39.59439220525745
27,25,10,16,1,1,1,50.85696302615338
26,19,10,17,0,1,0,43.9920254535379
19,21,8,15,1,0,0,42.906668805169815
19,19,11,15,1,0,0,45.09164642446373
33,24,9,14,0,0,0,39.84624908648658
36,15,10,21,0,0,0,39.55762289550334
24,22,10,14,0,0,1,50.23182573063587
16,14,7,15,1,0,0,45.51923622405646
22,14,8,15,1,1,1,50.43468685863333
23,26,6,18,0,0,1,52.26865370213907
42,25,13,17,0,0,0,40.4734898972318
18,15,12,22,0,1,1,56.55903699828595
32,23,7,16,1,1,0,40.33584575059341
29,22,11,14,0,1,1,50.17410032568132
29,15,8,17,1,0,0,42.414730689056974
30,12,10,13,1,1,1,50.35836138355749
50,25,10,15,1,1,0,36.23610623224423
53,16,9,9,0,1,0,33.93514436832127
29,19,10,6,1,1,0,41.91855366626565
22,23,8,16,1,0,1,52.094146754493885
36,18,7,16,1,1,1,47.799201219427104
26,14,12,10,1,0,0,42.110570589228736
33,19,5,17,0,1,0,41.90629103311755
21,18,6,14,0,1,1,53.63216383632297
40,23,9,13,1,0,0,36.17307890648828
28,17,12,11,0,0,0,40.613010458475806
33,28,9,14,0,0,0,39.851232021962105
33,16,12,3,0,1,0,39.91706231757797
29,23,7,7,0,1,1,48.17395785419952
25,18,5,17,1,0,0,42.13739239581309
38,24,11,13,0,0,0,38.73085578797616
29,14,6,10,0,1,1,49.59348213683726
34,22,11,9,1,0,0,36.815177867381145
41,20,6,15,1,1,0,40.24492047669092
40,5,10,18,0,0,1,46.74418749424645
28,18,12,21,1,1,1,52.9319185428496
26,27,5,8,1,0,1,47.67070405188919
26,27,11,18,0,0,0,44.1548790421002
28,9,12,10,0,0,1,49.85438355186293
38,17,8,6,1,0,0,38.13888522277577
34,20,11,17,0,1,0,40.71545639097463
37,26,10,10,0,1,0,37.63957150264906
19,13,13,8,1,1,1,53.55002481207073
31,26,10,17,0,1,1,49.10196851570632
30,20,9,8,1,0,0,40.13595911993348
27,1,3,19,0,1,1,50.790097419892405
23,23,11,14,0,1,1,53.45665044288867
35,17,9,11,1,1,1,48.577753612469024
24,25,8,22,0,1,1,52.83974526426203
37,9,19,8,0,0,0,40.54851279088172
33,19,6,3,0,1,1,46.90996613500699
22,12,10,17,1,0,1,53.25533493503615
43,15,13,12,0,0,0,38.49286628790172
29,15,12,19,1,0,1,50.28250695315541
17,29,10,9,0,1,1,52.91406763343563
22,31,3,12,1,1,1,49.03489851250978
32,13,9,23,0,0,1,50.50407911652771
25,27,9,17,0,1,0,44.50131715874189
32,18,9,4,0,0,1,45.36537486626812
31,19,6,13,1,0,0,40.2865899772688
37,27,9,19,0,1,0,41.48342916576218
23,0,4,16,1,1,1,49.97514742253074
36,22,12,10,0,1,1,49.19448101309283
24,25,8,15,0,1,1,53.52044639086341
24,5,11,13,0,1,1,53.93736847756225
26,13,9,15,1,0,0,42.54153601718808
28,18,9,13,0,0,1,49.37414636188441
36,30,7,20,1,0,0,39.21189315539703
30,24,9,17,1,0,1,49.38476018006062
14,26,9,16,1,0,1,55.57163242735791
17,18,7,10,1,0,1,52.85144867939668
37,9,14,16,1,1,1,49.83932667097156
30,12,13,16,1,0,1,47.0709820772345
26,11,6,14,1,1,1,49.09352387965835
22,15,10,18,1,0,0,43.83594120094647
30,27,7,15,0,0,1,50.31284281338333
38,20,3,19,0,1,1,49.217917493779936
48,23,6,15,0,0,1,42.70009894734014
32,11,9,10,1,1,1,49.344669101498944
37,13,14,17,1,1,1,48.07248592026831
37,25,6,13,1,0,1,47.24432816812718
23,14,9,4,1,0,0,41.09720082884044
34,20,14,17,1,0,0,42.21753071656776
17,29,6,20,0,1,1,54.75766107863715
33,11,12,7,1,1,1,46.7841488300722
34,22,12,7,0,0,0,39.755472169601575
30,16,7,19,0,0,0,41.34425757179486
24,20,10,21,0,0,0,45.78184722815303
34,12,6,11,0,0,0,36.94524370409399
44,29,10,17,0,0,0,36.50420689899818
38,23,7,14,0,1,1,48.958976237959845
32,21,13,21,0,0,0,43.031916736502055
19,14,7,12,0,0,1,51.62668576476168
29,20,16,9,1,1,1,49.942491318666434
27,22,17,8,1,0,0,42.20154414791936
51,14,17,19,1,1,0,35.06608217343023
21,19,2,15,0,1,1,51.90966839718615
39,16,6,11,1,0,0,37.19377751464722
28,16,9,17,0,0,1,50.5618055163261
17,20,9,7,1,0,1,50.999866460072745
29,15,18,15,1,0,1,50.69194858723613
31,19,14,7,1,0,0,40.41826423662866
37,19,11,15,1,1,0,40.74307085065738
20,23,11,15,0,0,0,46.57989812344511
26,26,5,14,1,0,0,42.2945360039397
22,13,11,13,0,0,1,50.56603421722235
16,15,13,13,0,1,0,47.61773809802205
41,28,11,7,1,0,0,37.42666079453785
27,20,6,18,0,0,0,41.753909950138535
24,25,8,21,1,0,0,45.084800013917885
24,14,7,9,0,1,1,49.29319802207658
34,19,8,12,1,1,1,48.36425808865133
22,23,6,18,1,0,0,43.740458010064586
22,22,9,13,1,0,1,52.37057948296573
27,20,13,18,0,0,0,43.00744004979661
28,19,7,20,1,1,1,51.6594585828832
30,26,5,12,1,1,1,47.31740448261088
28,19,13,13,0,0,0,42.875450348531146
12,15,12,23,1,1,0,49.25033260532219
36,19,11,7,0,1,1,47.378777855780285
26,26,10,20,0,1,0,45.71165740128025
24,14,12,10,1,1,0,44.30671787104728
35,24,9,8,1,0,0,36.58973390142058
38,16,7,14,1,0,0,37.17316650149241
26,17,9,21,1,0,1,51.63347047315965
49,21,3,4,1,0,0,31.249453985973428
31,14,12,8,0,1,0,41.98763225052268
24,20,9,12,1,0,0,44.15492519698564
28,35,12,9,0,1,0,41.77055545096543
18,20,5,9,1,0,1,52.96622971924558
26,13,10,18,0,1,1,53.39793533706504
18,22,5,21,1,1,1,52.92708828002426
42,13,10,16,0,0,1,48.11601914788668
30,26,8,11,1,1,0,41.6444239621664
14,7,13,5,0,0,1,51.28380863193811
22,15,12,10,0,1,0,44.600592477081086
37,18,6,2,1,0,0,34.839345649030115
24,20,9,14,0,1,0,43.53646328468454
39,26,7,25,0,1,1,50.384305781577694
44,22,9,19,0,0,0,36.82700308252197
25,13,11,6,0,1,0,42.48851773250525
33,21,14,19,1,0,1,50.317470276985766
35,18,8,11,1,1,1,46.554155648362496
17,20,12,22,0,0,1,56.61742095192693
14,32,7,16,1,0,0,47.152756820543146
39,9,7,16,1,1,0,36.31369149153087
33,14,8,9,1,0,1,47.72539018315175
33,21,3,11,0,1,1,47.505500682284
21,15,13,16,1,0,0,44.28739247262321
17,13,7,15,0,1,1,54.16744075129856
31,29,4,19,0,0,0,43.0778202892743
21,16,12,9,0,0,1,50.790014245814135
22,15,6,16,1,0,1,50.98335529904173
36,18,11,10,0,0,0,38.97799538703076
33,27,8,15,1,1,0,41.7645331906731
22,14,7,7,1,1,1,50.28221175420988
25,18,9,15,1,1,1,50.9868403707722
34,17,9,15,0,0,1,47.409073241273866
31,16,7,21,0,1,1,51.06860192349649
28,21,11,10,0,1,1,49.88706321383885
22,18,6,12,1,1,1,51.76797613099974
16,7,10,19,1,0,1,54.145917104346886
31,6,13,13,1,0,0,39.200978529996185
23,18,8,16,0,0,1,52.79150268579728
28,19,11,18,0,0,0,43.50317624006937
8,16,11,17,0,0,1,57.37282936588206
40,9,6,21,1,1,1,46.74349445121666
40,12,9,13,0,0,0,38.53935374829364
35,18,8,15,1,0,1,48.21176615729101
38,23,7,19,0,1,0,38.14937479803325
42,22,5,15,0,0,1,46.85373595826117
21,9,11,9,0,1,0,43.22613543706587
32,26,12,12,0,1,0,40.97924401853826
36,18,2,15,0,0,0,35.602865033512884
16,23,12,13,0,0,0,45.92544903087153
53,27,8,12,1,0,0,32.27120526879281
36,13,11,13,1,1,1,48.58300587288287
34,16,8,14,0,0,1,46.44426805301938
45,22,18,20,0,0,0,39.143568450548834
36,18,5,18,0,0,1,46.43836999435796
36,27,8,14,1,0,0,39.45157895341981
32,13,8,23,1,0,1,49.13509832472711
28,12,9,22,0,0,0,43.57154361983061
23,31,4,10,1,0,0,40.491529125100506
35,11,5,21,0,1,1,49.710917038993664
30,16,5,7,1,0,0,38.3663179141333
38,29,6,4,1,0,0,35.34761269202468
21,28,9,15,1,1,1,53.34772166526406
30,10,5,10,0,0,1,45.47731065874023
42,23,11,17,1,0,0,38.40522020157034
35,28,12,19,0,1,0,42.64680449205783
20,21,7,27,0,1,1,54.99502145166968
9,14,10,16,0,0,0,48.6401251659956
27,21,9,4,0,1,1,48.38994447725425
26,30,9,6,0,0,0,41.07730912002365
30,18,8,14,0,1,1,49.28579772829515
25,23,8,12,1,1,1,49.92219523562892
14,18,12,17,1,0,1,53.57526830058707
27,21,6,18,0,0,0,42.49644658359002
38,29,11,6,1,1,0,38.28567670897858
17,27,13,16,1,0,1,53.532209532350045
43,11,14,13,0,0,0,35.62734527024138
15,15,11,7,0,1,0,45.63185347471191
33,19,13,19,1,1,1,49.99479586944678
31,18,10,19,0,1,1,48.52507992270469
23,11,9,12,1,1,0,43.386565437363565
36,29,14,11,0,0,0,40.61421007807634
29,22,5,16,0,1,1,49.406800094839454
33,23,14,11,0,0,0,40.91492649767856
21,19,15,4,0,0,0,45.94231428371032
46,25,8,11,0,1,0,37.82478862377556
19,17,12,16,1,0,0,45.069731956752825
14,17,11,18,0,1,1,56.8248377482316
26,16,7,14,0,1,0,42.00737887731877
32,17,5,19,1,0,1,48.36728173706034
19,16,5,10,1,0,0,43.44599358091202
32,14,8,15,1,0,1,49.337502213955766
28,26,9,17,1,0,0,42.06058670883766
25,17,13,12,1,0,0,42.69891089568515
32,15,8,13,1,0,0,40.1899658418933
22,33,10,11,0,0,0,44.030046174068346
28,15,9,8,0,1,0,41.26586311794056
35,11,13,17,1,1,0,40.63482969118485
39,19,13,15,1,0,0,38.99769898502299
10,30,10,18,0,1,1,57.54105183841267
42,23,5,20,1,0,0,37.25282038328419
31,14,9,9,0,0,1,46.763857546920505
26,21,10,6,0,0,0,42.94358300645688
33,23,10,21,1,1,1,50.95389066975777
24,22,11,13,1,1,1,52.63204579918438
45,23,13,7,0,1,1,45.092862688062816
15,18,8,10,1,0,1,53.96703648907094
36,16,11,11,1,1,1,47.18892550017448
29,29,12,14,1,0,0,41.79296269045951
19,13,8,15,0,1,0,45.82019341696924
12,17,6,12,1,0,0,43.521573069858654
25,18,8,18,0,0,1,52.12482688171172
34,15,8,13,0,0,1,48.06045330487727
31,32,5,14,0,1,1,50.615469342710654
30,10,9,14,0,1,1,49.71530197451589
26,9,7,14,1,0,0,42.82997652845234
28,22,12,4,1,0,0,39.23900821589026
23,9,9,21,0,0,1,53.73444860705357
27,17,9,10,1,0,0,41.69395052967517
46,10,12,11,1,0,0,33.68376205544206
20,21,10,11,0,0,1,50.63426018945844
43,19,7,19,0,0,0,39.266906500699065
22,9,9,9,1,0,1,50.21975793619752
24,33,6,24,0,1,1,55.06499709380887
22,13,7,23,0,0,1,53.78687235571983
30,14,6,8,1,0,0,39.36413560235387
42,18,8,5,0,0,0,34.81209160502303
22,10,6,11,1,0,1,50.65565263756435
41,24,13,17,1,0,0,39.78963476616115
29,19,11,16,0,1,0,42.75498914381158
23,14,6,15,1,1,1,51.86491112108381
27,15,11,14,0,0,0,43.30052706308539
31,17,6,9,1,1,0,41.10949314585012
35,20,8,19,1,0,0,38.54557030673307
33,24,10,11,1,0,0,40.08675045150736
30,14,8,1,0,1,0,39.39551408910917
49,20,9,14,0,1,0,33.902275211172544
13,5,10,8,0,0,1,52.809645011010105
29,19,10,7,0,0,0,42.40826985437867
18,18,8,9,1,0,0,41.89487294985476
18,22,15,10,1,0,1,53.03087331389808
33,22,9,11,0,1,1,48.41238445960377
19,18,10,18,0,1,1,54.6775942167661
4,26,11,6,0,1,1,59.90187057147526
28,17,11,19,0,1,1,51.23201781423516
26,26,0,16,0,0,0,41.74225615047318
26,36,11,14,0,0,0,43.36874429645454
37,23,6,3,1,1,0,37.18946467582946
20,21,5,10,1,0,0,41.45720544256172
45,20,5,17,1,0,0,37.09633259689559
42,31,12,7,1,1,0,38.17919382645746
31,16,6,3,0,1,0,40.232022365822935
30,24,7,13,0,1,1,50.76295869668539
34,30,10,11,0,0,1,48.02369099899096
22,17,9,3,0,0,1,48.19404987089891
41,22,11,18,1,0,0,37.69741786264601
23,20,9,12,0,1,1,51.5689911822315
37,27,13,13,0,0,0,39.79277323564712
38,19,8,11,0,1,1,45.55416793390419
34,22,10,14,0,0,0,40.02348272118295
22,22,11,13,1,0,0,43.37082559760293
30,17,7,12,1,0,1,47.72413114015428
25,17,9,18,1,0,0,43.56129076576947
30,22,6,10,0,1,1,48.67776498753847
23,24,9,11,0,0,0,43.04023760349897
33,11,9,22,1,1,0,40.66176329637127
27,20,13,12,1,1,1,51.81111580122599
23,18,7,18,1,1,1,52.87525972017543
30,20,7,22,0,0,0,41.30254998611398
16,20,7,21,1,0,1,53.59230348408676
20,3,7,9,1,0,0,41.54542933272468
38,11,9,19,1,0,0,38.94405738284971
33,19,9,18,1,1,1,48.76556220196914
31,20,11,15,1,0,1,49.157068510073714
43,19,7,12,0,0,0,36.5086598082811
28,20,9,11,0,1,1,49.81190795804811
20,24,10,16,1,0,0,43.68343662147496
30,18,10,18,1,1,0,42.61876467628358
17,27,12,9,0,1,0,45.05805777106279
30,12,9,21,1,1,1,50.68798081494349
33,19,9,12,0,0,0,40.62616092039902
38,24,9,15,1,1,1,47.94067744533963
25,14,5,14,1,1,1,49.81008830390332
25,17,12,11,0,1,1,50.78699537072206
36,9,8,18,0,1,1,49.84934195387523
29,13,15,10,0,1,1,50.99819547147222
31,8,9,11,0,0,0,37.56548777557964
26,20,14,11,0,0,1,50.71408898589328
34,15,13,20,0,0,0,40.78852054798192
21,12,11,17,1,0,1,53.75866921209188
32,29,7,24,0,1,1,51.24012849346322
28,21,10,13,0,1,1,49.2849087086655
35,25,12,19,0,0,0,40.37267946797007
22,27,14,12,0,0,0,43.70393738724699
30,23,0,15,0,0,0,41.51419065617682
29,29,8,17,0,1,0,43.07538205193528
47,19,11,20,1,0,0,35.88896735653291
30,18,9,17,0,0,0,40.12839200340305
23,10,13,11,0,1,1,51.3382164368811
24,23,8,3,1,0,1,49.51682959215352
22,24,11,9,0,0,1,52.89749909375342
24,18,9,23,0,1,1,55.55616237946164
42,19,9,15,1,0,0,37.07294845247765
30,18,7,13,0,0,1,48.95680695190179
32,13,4,14,0,1,1,48.02166944969652
32,20,9,14,0,1,0,41.521564668129535
24,10,11,11,1,0,0,41.46874524018378
22,21,4,23,0,0,1,53.63885112607374
46,23,9,10,1,1,1,43.8280381702837
23,28,9,5,1,0,1,49.80736588734853
41,13,9,15,1,1,1,45.289138683843255
24,22,7,14,1,0,0,42.23645526083843
33,20,8,13,1,1,0,41.13075873175467
32,23,8,12,0,0,0,39.7289360886239
16,16,5,14,1,1,1,54.3990060492784
21,12,8,17,0,0,1,51.17270127138271
23,24,7,16,1,1,1,52.55702421236425
43,19,11,18,0,0,0,38.22528490391616
27,13,8,14,0,1,1,50.17710767303095
32,18,4,22,1,1,1,49.3038896211996
15,24,9,17,1,1,1,56.51657457143861
30,13,11,15,1,1,1,49.04560047219481
37,18,11,26,0,0,1,50.39781538114829
34,15,16,13,0,0,0,41.88364530244617
23,5,11,14,1,0,1,53.05455135201056
33,24,14,9,1,1,1,50.26409449414076
39,17,10,14,0,0,1,45.39066862636766
31,19,6,12,0,0,0,39.81360648174851
31,8,10,18,1,0,0,40.84611747550103
27,22,9,11,1,1,1,49.89642408715672
24,16,11,13,1,1,0,41.72152779403885
36,24,13,23,0,1,1,50.49603670238309
30,24,9,15,1,0,0,41.929563775390896
35,23,13,22,1,0,1,49.14062189509869
29,27,10,13,1,1,0,42.69970640321371
36,26,9,18,1,0,0,39.82811306858296
36,23,7,11,0,1,1,47.55305743955706
39,21,11,14,0,1,0,39.050487368000375
43,14,8,7,0,1,0,36.81457587441965
20,30,8,12,1,0,0,43.500318438585545
17,15,11,14,0,0,1,53.53256371090275
29,29,11,12,1,1,1,51.63315986535042
26,22,11,17,1,0,0,42.823264067778666
38,14,13,12,0,0,0,38.660904118834885
27,4,10,7,0,1,1,47.74446090122247
31,16,8,15,0,0,1,48.58477468251153
35,18,10,13,1,0,0,39.02974080031559
33,15,9,17,0,0,1,48.30969568705585
40,26,9,7,1,0,0,33.89291082013245
32,29,12,10,0,0,0,40.22121628795878
37,18,12,8,1,0,0,36.862325603632925
30,11,9,8,1,0,0,38.22679053699089
44,21,13,15,1,1,1,47.121750030659726
23,14,9,11,0,0,1,50.10643401232685
17,20,4,19,0,0,1,54.08374267203584
28,6,9,17,1,1,1,48.57277676437638
28,19,9,5,0,1,1,48.94949099591255
20,28,8,13,1,0,1,50.91469936252476
36,17,12,18,1,1,0,41.59135841917924
35,12,6,14,0,0,1,47.63837609547168
44,25,9,15,1,1,0,36.70687115840548
20,23,9,17,0,0,1,53.91195089393372
39,14,12,15,0,0,1,45.68306525882991
32,19,10,12,1,1,0,42.64017185545946
13,11,4,15,0,0,1,53.635847738344985
27,21,6,7,1,1,0,41.878724524316645
27,16,12,12,1,1,1,50.96221683063238
19,21,10,13,1,0,0,44.69916246842756
24,22,15,8,1,0,1,51.338854941779104
18,7,8,18,0,0,1,53.91114127724766
38,23,13,11,1,0,0,37.92598777313219
30,17,9,8,0,1,0,38.76327967517078
24,28,11,17,0,1,1,53.014215302945615
14,13,7,15,1,1,1,54.40928428560992
40,17,6,16,1,0,1,45.28778656682829
24,20,13,9,1,1,1,52.87594224725397
33,21,8,16,0,1,0,40.48518229775183
17,23,9,14,0,1,0,48.028133707927
45,18,8,20,0,1,0,37.38298709815571
24,14,9,10,1,1,1,51.288236480766
22,19,15,16,0,0,1,53.12240988242296
24,7,10,5,0,1,1,50.138546641550576
27,16,8,10,1,1,0,42.33979380642632
26,11,10,4,0,0,0,40.06748868976373
22,21,13,18,0,0,1,51.28783206804923
33,15,6,11,1,1,1,46.55827685441763
45,8,16,15,0,0,0,37.43926075854113
21,24,13,12,1,0,1,52.38207554032335
28,14,7,11,1,1,0,40.01465813448125
27,16,9,8,0,0,0,40.720038206289615
26,19,3,3,0,0,1,47.67027147270622
30,17,10,18,1,1,0,42.50088155112319
37,24,15,15,0,0,1,48.97130644209549
28,8,7,16,1,1,1,49.48087083937512
33,21,12,18,1,0,1,51.48369812516508
24,5,7,5,0,1,1,48.52763460783888
43,28,12,11,0,0,1,45.423720887640826
26,10,7,14,0,0,0,41.45759870584387
38,23,9,17,1,1,0,40.97949838953932
16,16,7,12,1,1,1,53.22069896590706
18,16,7,10,1,1,1,53.054425547343264
27,17,11,19,1,1,1,51.00674187876651
38,25,5,15,1,0,0,37.34425126088899
16,22,12,11,0,1,0,47.97612109121752
25,11,7,19,1,1,1,52.42591799625582
36,26,7,13,1,0,0,39.27348179470005
24,17,4,13,0,0,0,41.8043282680761
35,14,14,15,0,1,0,42.48183321316228
27,16,9,22,1,1,0,43.964949095356346
18,19,13,20,0,0,0,47.58458025077962
35,21,12,9,0,0,0,39.68189228260591
40,23,8,12,0,1,1,45.78621907893236
21,13,8,12,0,0,1,51.27617921646713
26,21,9,6,1,0,0,40.248806346492486
14,15,13,10,1,0,0,45.54833994367346
26,28,9,6,1,1,1,50.43975821170048
9,19,13,12,1,1,1,59.177340630779575
18,20,9,12,1,0,0,45.41872109617891
12,24,11,9,1,0,0,44.88515493875814
29,13,7,15,1,0,0,40.3239095362087
36,17,9,17,0,1,0,40.4982651626146
10,22,8,12,1,1,1,56.70046426288181
35,16,7,17,0,0,0,38.31733440738373
32,15,9,15,0,0,1,46.49055357352101
33,19,12,9,0,1,1,50.0020206673187
20,16,8,14,0,0,1,53.39732524115669
20,9,7,11,1,0,0,44.74103099499081
27,29,11,17,0,0,0,44.209939979748185
18,18,12,18,0,0,1,53.42653441833853
25,23,11,12,0,1,1,51.37569136299444
25,21,15,17,1,1,0,44.47964641726068
32,19,4,8,1,1,1,46.54290303200401
28,19,13,15,1,1,1,52.18015182111749
24,14,13,10,1,0,0,43.29199608962251
18,29,9,7,0,0,1,51.331279879929895
37,7,9,11,1,0,0,36.651227857622416
38,20,8,17,0,0,0,40.93439249515929
35,32,10,11,0,0,0,38.9485869345348
41,29,4,22,1,0,0,38.40611846518414
23,28,10,10,0,1,0,43.79646363190491
17,10,9,17,1,1,0,47.47614729913923
24,17,9,7,0,1,0,43.37913968055131
37,22,7,7,1,0,0,36.23200587655023
32,15,8,16,0,1,0,40.67557756289822
30,9,10,13,0,0,0,41.44348064359664
41,30,6,8,0,0,0,36.24451287107912
37,25,13,17,1,0,0,40.19051747757573
32,12,8,18,0,0,0,41.31947366463421
27,26,12,14,1,0,0,41.0449348913844
30,15,12,10,0,0,1,49.04537494785328
25,24,9,16,0,0,0,43.32345720962542
33,24,6,8,0,1,0,41.26994974379685
33,13,5,17,1,1,1,48.22859114421121
24,11,14,11,0,1,0,44.57139925607544
26,20,9,18,1,0,1,50.21435053812675
34,21,10,10,1,0,0,37.88413842936006
26,16,6,21,1,1,1,51.14131712082298
22,16,9,18,0,0,0,43.98186473275228
15,20,9,12,1,0,1,53.94408881955552
30,19,13,23,0,0,1,51.68804018145862
36,22,10,15,0,0,0,38.84318578942444
42,15,15,9,0,0,0,36.66902509358607
23,29,12,15,1,0,1,52.58534958915236
23,26,10,14,0,1,0,44.60175634184915
36,20,11,21,0,1,1,50.00899071701114
16,18,5,9,1,1,1,51.990013836259386
19,27,9,21,0,1,1,56.17609903581951
44,22,12,18,0,0,0,37.46330306000121
17,27,16,15,0,0,1,55.01025211538598
29,26,12,11,1,0,0,39.48340794594827
20,11,12,17,0,0,1,51.9293571473365
32,23,5,21,0,1,1,49.92796470135641
16,11,8,15,1,0,1,54.093439511746034
29,21,13,18,1,1,1,51.01203030470855
33,22,8,11,1,1,0,39.00126419122412
47,16,9,13,0,1,1,42.691856648445416
34,21,14,4,1,1,1,47.42097612911511
27,19,14,12,0,0,1,51.213605944455786
34,26,7,14,0,0,0,39.8562692729593
40,21,13,9,1,0,1,45.508760110633794
36,25,15,13,1,1,1,47.68881107847115
20,26,10,16,0,1,1,52.22336691642217
29,23,11,12,0,1,0,41.19189788238207
26,12,8,7,1,0,0,40.5706947591246
24,19,8,13,1,0,0,40.8512602202414
17,17,8,9,0,0,0,45.496619210201104
41,28,12,10,0,0,1,45.34151428535207
27,25,16,16,1,0,1,52.52932778477208
22,24,5,22,0,0,0,45.09781598308652
20,16,11,9,0,0,0,45.41972129198506
32,23,6,5,0,1,0,39.847421626705554
33,26,12,11,0,1,1,50.05617236662104
45,27,10,19,0,0,0,38.85905315590844
29,32,10,12,0,0,1,49.0558298162554
25,23,7,22,0,0,1,51.818415449692495
44,19,8,9,1,0,0,35.09649280962324
30,16,11,13,1,0,0,40.346731300208674
27,19,13,17,1,0,1,51.58368194839556
27,22,3,16,1,0,0,40.819750951383696
34,15,5,9,1,1,1,45.71647373608727
28,12,9,19,0,1,1,50.90930782196919
34,20,14,9,1,0,0,37.69168975912388
24,25,9,13,0,0,0,41.24896381495294
40,19,8,16,0,1,1,44.62089115766445
18,20,7,12,0,0,1,51.59048286691808
18,15,8,6,0,1,1,53.67918930597755
33,32,9,6,1,0,0,36.583929912159526
34,19,11,11,0,1,1,48.02175519958893
28,5,11,10,1,1,1,48.84292303008409
34,25,11,10,0,1,1,47.64623503442043
28,22,10,15,0,1,1,52.97285735047272
28,15,15,19,1,1,0,44.81788960017692
22,25,7,18,0,0,1,52.88765056365799
44,23,5,16,1,1,0,37.487064066539006
30,23,6,6,1,1,0,39.16725359044238
34,21,12,16,1,1,1,50.41198351217265
33,13,10,13,1,0,1,44.45405388547854
33,31,9,13,1,0,0,39.439100425100975
26,15,14,13,1,0,0,42.73006219415046
17,16,5,11,1,1,1,53.01825034783051
32,29,7,15,0,1,0,42.35783598429062
21,5,7,12,0,0,1,50.55791549056856
33,21,9,10,1,0,1,46.82517300465584
26,12,8,17,0,0,1,49.30102255518453
29,19,10,2,1,1,1,48.63291181047006
36,3,7,14,0,1,0,39.57941176467299
31,21,14,16,1,0,0,42.06876733079832
38,16,10,0,0,0,0,35.28222536378236
37,23,10,18,1,1,0,40.19324235685489
28,28,6,16,1,0,0,40.641509587935296
44,20,10,14,0,0,0,37.81679571450574
35,14,8,19,0,0,1,47.17446459143231
32,26,9,12,0,1,1,50.07850295122661
43,18,9,9,0,1,1,45.1759467168573
9,26,4,4,0,0,0,45.42511009670624
23,13,11,15,1,1,1,52.49111843418215
27,14,15,12,1,0,0,43.09875356080538
23,20,8,5,0,0,1,46.99836380692644
24,34,10,15,1,0,0,44.77670723642024
26,23,11,7,1,1,0,42.08556539562847
28,21,12,12,0,0,0,42.68288137060559
39,14,15,8,0,0,0,38.29342516889317
21,14,10,11,0,0,0,44.84156625899176
17,32,4,22,1,0,0,46.49120332004883
31,21,6,13,1,0,0,39.20150800470993
34,24,9,19,0,0,1,48.31059197101844
38,11,10,10,1,1,0,38.92692640290348
29,17,13,15,1,0,0,41.00723703939317
27,28,10,16,0,1,1,51.11761621959766
29,18,7,12,1,0,0,40.84775207880581
21,21,8,14,1,1,1,53.51194485608853
23,24,2,8,0,1,0,42.36746806290381
41,16,15,17,0,1,0,40.38010272384541
43,12,11,13,1,0,0,36.22628915841412
21,11,7,11,0,0,0,41.99426550324053
39,10,9,18,0,0,1,44.7238690711738
38,35,5,10,0,1,0,38.27138017579657
40,25,6,15,1,0,0,37.88005430709213
22,21,11,14,0,1,0,44.48651341393722
25,19,9,21,1,1,1,53.58353719420697
5,29,9,16,1,1,1,57.43361817623158
22,15,10,11,1,1,1,51.19385990606237
25,14,11,20,0,1,1,53.224868054222895
37,7,10,6,0,0,1,45.36097872985269
27,25,12,10,0,0,0,40.74821522580086
20,24,11,10,1,0,0,44.00002477759641
44,12,9,14,1,0,0,35.12130655558
28,20,7,21,0,0,1,50.93462516561165
36,12,10,17,1,1,1,48.76741799164436
32,21,14,18,1,1,1,49.740823823291976
31,11,4,22,0,1,0,42.28594213286098
18,29,11,14,0,0,1,53.33237329972607
31,22,11,11,1,1,1,48.302104692302166
31,23,4,13,1,1,0,40.90504754674213
33,19,5,12,0,0,1,46.54543075759685
23,11,10,22,1,1,1,56.02329762379159
35,17,8,7,0,1,1,46.57287358113278
24,21,11,15,1,0,0,42.5160635956404
35,21,6,13,0,0,0,39.54130052545888
39,19,11,16,0,1,0,40.09392082051741
37,18,12,17,0,0,1,47.692844568946605
29,21,4,9,1,0,0,38.7151617511765
24,9,7,8,0,1,1,50.293131611640135
27,13,10,10,1,1,0,41.71446455852176
24,28,10,16,1,0,0,43.03552719635773
32,22,7,24,0,1,1,50.489851527714855
33,24,10,19,0,1,0,39.788690970338266
29,15,14,17,0,0,1,50.18455524595281
23,14,9,16,0,1,1,52.3690380512709
36,24,7,14,0,1,1,47.90238187130751
44,21,12,11,0,0,0,36.71737692578717
32,14,8,20,1,0,0,41.263587876345504
11,14,12,12,0,1,1,56.25924157290832
23,15,13,19,0,0,1,53.29109100422444
30,20,5,5,1,1,0,39.64221564862552
17,9,6,1,0,0,1,49.67069029323182
31,21,10,22,1,1,1,48.90710267491454
25,23,9,18,0,1,1,52.81549373762248
29,20,17,10,1,1,1,50.1811720743485
32,13,11,16,0,0,1,49.506232333780105
29,11,11,3,0,1,1,47.12594829974053
28,31,9,22,1,1,1,52.266999395357296
40,24,7,10,1,1,1,46.15739596215965
20,26,9,14,0,0,1,53.3901930234108
44,29,7,18,0,0,0,37.75197998452642
20,16,10,5,0,0,0,43.95480658486557
31,21,9,15,0,0,0,41.5789811493649
33,36,7,6,0,1,1,46.50111741484201
25,23,10,7,0,0,0,41.33099935024959
40,22,12,12,1,0,0,37.818892446238166
28,15,11,18,0,0,0,43.54186756820651
24,14,7,16,1,1,1,49.790771395072376
31,18,5,18,1,1,1,49.60878586482406
28,11,12,6,0,1,1,49.95689839739431
26,16,16,16,0,0,1,51.03512616036922
29,20,10,13,0,0,0,41.40001656257144
28,17,9,12,0,0,0,40.75878499656806
28,24,10,13,1,0,0,41.5232027275141
23,17,10,15,0,1,0,43.02028638085166
32,21,6,12,0,1,1,47.0718804522425
20,21,8,22,0,1,1,53.95802805365028
37,23,12,12,1,1,0,40.487167856834574
30,29,7,8,0,1,1,49.99145463401938
23,27,-1,5,0,0,0,40.02229045151407
32,19,12,25,0,1,1,52.4040690325218
27,28,14,19,1,0,0,42.9090865396895
21,17,6,-1,1,0,0,39.59201656687888
33,12,9,3,0,0,0,39.45627482312358
24,20,7,21,1,1,1,52.07482887636358
22,14,9,14,1,0,0,41.12124775570623
31,15,7,11,1,0,0,40.72834649267015
35,16,10,14,1,0,1,46.93562173944764
41,20,11,16,1,1,0,40.85293196126903
21,15,9,13,0,0,0,43.33828709155255
26,19,11,4,1,1,0,41.84835920350481
21,29,15,11,1,0,1,51.26988868681208
33,25,12,13,0,1,0,41.20893478261568
28,18,10,16,0,1,1,50.99442789934575
38,25,8,15,0,1,0,39.44991563776591
24,20,12,21,0,1,1,54.78179485368331
28,25,11,19,0,1,1,50.79624749847189
22,26,9,14,0,0,0,44.489659528323976
29,12,11,12,0,1,1,48.927864442986255
31,36,12,12,0,1,0,42.66439067076529
