student_age,parent_education_level,low_income_status,gender,pre_program_gpa,program_participation,post_program_gpa
2,5,1,0,7.176356183170067,0,9.49822723942884
11,5,1,1,5.12504087244686,0,7.295458724894825
7,7,1,1,10.302108653949816,1,17.604100637702338
9,8,0,0,5.6553219813300295,0,8.214242886264756
2,6,1,0,8.134674947584262,1,15.791123869183204
4,6,0,0,8.477001848081825,1,16.151146185188086
9,6,1,0,5.963902992950056,0,8.758208730606437
3,8,1,0,2.700206033440381,0,1.9482519478943363
11,4,1,0,5.360345124096308,0,7.325392011192702
10,6,1,1,4.047382322754109,0,6.047867666159025
10,5,1,0,7.817943646950153,0,11.17510391067598
11,6,1,1,7.510365151508128,0,10.713633495814602
9,5,1,1,7.55347789142567,0,10.463404656189534
10,6,0,0,6.294761220641078,0,8.344356412067391
7,6,0,0,7.65222643966038,0,9.914982603795792
9,6,0,0,6.947568567028863,0,9.632973690947848
7,6,1,1,8.552611901708424,1,16.680848983483788
9,7,0,1,6.544693746473836,0,9.193865230990353
8,5,1,1,10.1335084033885,1,18.19982238348366
7,6,1,1,10.580883772559933,1,17.76613598065527
11,6,1,0,2.2103131317859024,0,3.1897972098411165
11,6,1,0,7.6435042571426175,0,10.371859820830169
6,5,1,0,9.725385898796816,1,16.949771356845126
7,7,0,0,5.556628571937389,0,7.551455706622975
10,8,0,0,8.013997529883973,1,17.123020521160914
5,5,1,1,7.511653894656993,0,10.577074644609894
15,6,0,1,9.535843579657044,1,18.406674988706406
5,6,0,0,9.419862065959697,1,17.703649756318114
7,3,1,0,7.108552360154845,0,8.681031766658839
12,6,1,0,10.322924008524812,1,18.13914580149693
4,7,1,0,7.6611808713441185,0,9.739831934365176
12,8,1,1,7.554142302693347,0,10.345982841253752
10,6,1,0,7.768714843885008,0,11.265180144459846
7,6,1,0,8.004838703199164,1,15.833495544039051
4,5,0,1,1.184383673614544,0,-0.2030314810404332
5,7,1,1,8.071984398416713,1,15.830727383127016
6,4,0,0,9.904090294614436,1,17.77740822142067
6,6,0,0,5.629451196985839,0,6.7177621234458655
11,5,1,0,6.5139145978665525,0,8.837739309143254
8,5,1,1,12.131334820920753,1,19.71039327804436
3,5,0,1,8.87719342778666,1,16.371618225960017
7,3,0,0,5.962925095257964,0,7.747006282748222
5,7,1,0,6.858255764621039,0,9.269688623810374
3,6,0,0,10.532635199389944,1,17.523339825561628
8,3,1,0,7.203589926662013,0,9.9874706560499
12,6,0,0,11.45980510476951,1,20.697170275498696
11,5,1,1,8.52071862989458,1,16.89872796357544
9,2,0,0,12.876297365819728,1,19.90567671936347
4,7,1,1,9.3513328576796,1,16.928756557547686
13,3,0,0,6.842828926174384,0,10.242942316871508
3,6,0,0,8.457276749645452,1,15.437263180408229
11,7,0,1,7.556784417704426,0,11.89922511654628
0,6,1,1,5.754258749158336,0,6.579991938990713
2,8,1,1,9.412671583547851,1,17.79779755783101
10,5,1,1,3.5338914556857945,0,5.223895808837283
14,7,0,0,3.334845133984728,0,5.29076520379704
13,5,0,0,9.403482013418005,1,17.6116581225177
7,5,1,0,11.005819349405035,1,17.928024854979782
13,5,0,0,7.373483568640085,0,10.368882389558468
8,6,1,1,6.702849242366261,0,9.091302217303154
7,6,0,1,10.04547016279976,1,17.61173544677753
16,7,0,0,7.800942933438106,0,12.02866642994047
8,3,1,1,7.862025536367631,0,10.267723937707713
3,5,1,1,7.8483253171576415,0,9.850192594305437
7,6,0,0,13.415206951764066,1,21.29341991493421
6,4,0,1,6.221269810834327,0,7.9012889140054305
13,4,1,0,8.819202359321887,1,17.584250486155362
7,6,1,1,8.982662179137257,1,16.454444415559323
3,5,1,1,5.60619437557989,0,7.896738438627107
7,6,1,1,10.624480494566548,1,17.657875377877414
12,4,0,0,7.135265294997235,0,10.49641239370082
12,6,0,0,6.414687675594458,0,9.521696320199185
0,6,0,0,7.239784605582919,0,7.750942009145337
10,5,0,0,8.100092959870311,1,16.385550643172532
12,5,1,0,8.716948031483374,1,16.878841438163025
8,7,1,0,8.275320322997585,1,16.73529246216414
11,3,1,0,9.05433615650414,1,17.457593938328127
12,3,1,1,4.768487424658723,0,6.197012904392004
6,5,1,0,9.448322285930685,1,15.980836137139493
8,6,0,1,5.303561088213769,0,6.687359674390238
4,4,0,1,3.7364511040261768,0,4.181549464724018
10,8,0,0,9.674195579264254,1,17.892580534076608
8,6,1,0,7.460163685524765,0,9.408456757605908
7,5,1,1,8.149044661156482,1,16.242693078390918
9,7,1,0,9.092634212898576,1,17.675929817344798
12,9,0,0,11.359998963367204,1,19.163545131996106
3,8,0,1,9.13900469105063,1,17.704620124111035
10,8,0,0,6.788543167321227,0,9.800276073103747
8,6,0,0,6.903402457365135,0,9.360543464934995
3,4,0,1,7.239478888381996,0,10.000901794444554
3,7,1,0,4.998898093271429,0,5.433176500712455
5,5,1,1,3.311434666403663,0,3.904439201239468
4,5,1,1,6.644884941728907,0,9.034437993295365
4,6,1,1,9.648425972436574,1,17.407807233947416
13,6,0,0,7.014497281216169,0,10.39383947262496
5,6,1,1,10.606471016177611,1,18.685950659235274
2,6,1,1,5.557153111639227,0,6.691356267489361
10,5,1,0,9.17823592169246,1,16.554028804465133
7,5,1,0,6.978001174677673,0,9.136794599731482
12,2,0,1,13.504111733600718,1,21.98487954553713
9,8,1,0,7.820729083412763,0,11.485496641088831
3,8,0,1,8.387842839268513,1,15.370608414102575
12,8,0,1,3.357352428712163,0,4.091227480488838
10,9,1,1,9.15810626692353,1,17.108360930786397
7,6,1,0,9.795927643758697,1,17.73250324948926
12,2,1,0,6.474547526757704,0,9.863201656538466
8,6,0,0,4.771778868157678,0,6.042722994695321
10,7,1,1,8.998623910102852,1,17.01914896016203
12,6,1,1,8.196299565360519,1,17.44000127679372
18,7,0,0,7.79028291958197,0,11.471635335095463
9,5,0,1,6.099036362993277,0,7.68408016106709
18,5,0,1,9.198573172509844,1,18.872903919880056
10,6,1,1,6.349442055216261,0,8.468886128482849
9,7,1,0,4.823352873683136,0,6.206543377881557
5,8,0,0,6.093524422742426,0,8.256446647755673
5,5,1,1,13.48178391290719,1,21.236247749734964
0,7,1,1,6.52965027981861,0,8.690711729473312
10,3,0,1,6.647465842039599,0,9.03865154364497
10,6,1,0,7.947629522569668,0,10.77580348336682
10,7,0,0,8.908961016365536,1,17.496839235356024
8,4,1,0,9.401282749302318,1,17.885056225262712
10,6,1,0,6.546038986829132,0,8.340429781788131
8,8,1,0,7.179224878707081,0,10.347033654202836
3,6,0,1,8.718185169474783,1,16.85069336076277
11,3,0,1,3.692467105248447,0,5.57141061729216
7,4,1,0,9.672013852105206,1,17.40329064368205
7,5,0,0,6.2409298800114135,0,7.721220063252605
2,5,0,0,7.505145291480792,0,9.126067383448284
4,3,0,1,8.970350458199103,1,16.293734669887055
12,8,0,0,8.102899232339013,1,16.75128044297123
9,2,0,1,9.7780711589257,1,18.118992086588253
3,6,1,0,7.972615023187113,0,10.007825885974436
7,6,0,1,4.9796849706501165,0,7.01818640016373
5,8,1,0,6.614286605487155,0,8.123994300956191
15,6,0,1,9.366485996239556,1,17.912455905262433
10,7,1,1,7.95664855115274,0,11.715559663709874
8,5,0,1,9.34368618031248,1,17.356369046953702
4,4,0,0,8.186398220347622,1,15.433208602716697
13,6,1,1,6.860026443562825,0,9.950374664980547
7,4,1,0,9.170793313053103,1,17.08022667149828
6,5,1,0,9.797451735545152,1,17.171277298564252
8,6,0,0,4.603572200895622,0,6.0839103505166925
9,4,0,1,7.625864976393833,0,11.695571993757104
8,4,0,1,7.072413587176583,0,9.524282120933886
5,5,0,0,8.090521087290387,1,15.854875712661016
5,5,0,1,8.37692791190055,1,16.05119935049371
5,6,1,1,11.62724272930148,1,19.209981888459723
12,5,0,0,5.018062388061343,0,6.767480562659707
4,7,0,0,9.27518542051072,1,16.622097129426727
8,5,0,1,7.787123637344922,0,10.570234716083933
10,5,1,0,11.161772473944373,1,19.54103113920088
3,6,1,1,10.281242281404689,1,17.428138059182707
3,6,0,0,5.41053018900095,0,6.746240818801298
10,7,1,1,6.362327066361217,0,8.950804137052533
3,7,0,0,11.983845736349164,1,18.74440520384453
7,8,0,0,10.31016995734571,1,18.13272148250604
8,4,0,1,8.44753137316628,1,16.648041269074
11,6,0,0,5.886791980835675,0,8.099477849162378
3,6,0,1,7.703327918827489,0,9.690810874576009
8,6,1,0,7.387127107978713,0,9.520640907105124
7,7,1,0,5.68810707660835,0,6.495015067190271
7,5,1,1,8.209511558364689,1,16.246071417187622
12,8,0,1,4.338634648093989,0,6.0107906430667
5,6,1,0,6.463674374428894,0,7.075979370480419
7,7,1,0,6.490226401940713,0,8.44132475355503
9,6,0,1,7.8689267254815904,0,10.999326803955078
6,4,0,0,6.407991073600924,0,8.00713001248147
6,6,1,1,7.185106689684726,0,9.50238513842716
11,4,0,1,5.01748889301304,0,7.129195831789505
10,7,0,0,6.835717620808494,0,8.102796669408555
11,6,0,1,8.039399576131276,1,17.15478635972706
7,5,0,1,7.409010457547877,0,9.965821332379052
11,5,1,0,7.255630062205306,0,9.758004131673516
6,6,0,1,8.382435723770186,1,16.689298472968154
9,6,1,1,11.440326787147878,1,18.931852411396463
7,7,0,0,9.972449762289564,1,18.42161269573242
8,4,0,1,5.273604225768575,0,6.7897776765770335
6,5,1,0,8.19409942022618,1,16.770437793605637
8,4,1,0,8.118412176442082,1,15.759599719929174
6,6,0,1,8.692035264891315,1,16.510501835542044
11,8,0,1,10.460085945186552,1,18.938192408565893
14,3,0,0,4.755045448864788,0,6.538850164962066
5,4,0,1,7.285664940393515,0,10.3826004460604
7,4,1,0,6.952096715855932,0,9.089807842733729
7,5,0,1,9.31186361238872,1,17.161075544412494
5,5,0,0,7.388434252968222,0,9.413785650126089
5,6,1,1,9.289939977047387,1,16.9836214728237
8,6,1,0,7.477961396299384,0,9.787109763841828
9,6,0,0,8.145555780699643,1,16.359005168280113
5,5,1,0,6.729762012449151,0,7.922934079020968
10,8,1,0,6.991231214017554,0,9.38784869358163
1,6,1,1,7.347429628734875,0,9.444711135689449
8,4,0,0,6.170268830856727,0,7.718067183730051
6,5,0,1,9.287047080780823,1,16.85811662382936
9,5,1,0,7.360100997058629,0,10.519150890111217
7,5,0,0,7.215474399541526,0,9.410611538874456
9,6,1,1,11.640078947489258,1,20.35180366170677
7,6,0,0,5.445456574276988,0,6.767524798246016
4,2,1,0,8.183893396114001,1,16.442977546848127
3,9,0,0,9.314676407697547,1,15.702737485603995
2,9,0,0,6.653270762062203,0,8.477105291700957
6,4,1,1,6.8313798694104495,0,9.13885869117644
11,7,0,0,8.061724296558959,1,17.392648089267027
6,5,1,0,6.819102359147058,0,8.937391037630537
9,3,1,1,6.946530197729736,0,9.27452650435233
4,5,0,0,10.025675278541112,1,18.422240546463875
4,4,0,0,8.453187789126464,1,15.916880181178184
6,5,1,1,7.263180637774529,0,9.1358916171226
10,7,0,0,6.3085948998397,0,8.926313413345609
13,7,0,0,10.490059709180548,1,19.40413077869006
9,3,0,1,3.8408220450205386,0,4.935403876820676
0,8,1,1,8.380301697132301,1,15.399879530495618
0,5,1,1,6.748289703046228,0,7.624089702480019
8,5,1,1,7.793593826930831,0,10.77487313046597
5,6,0,1,5.609668786902353,0,6.866070268149829
4,7,0,0,8.22280227041933,1,16.24928323449136
7,4,1,0,6.397223699011814,0,7.625190283104466
10,10,0,0,7.059837770815928,0,9.662433970499452
11,6,0,0,6.4130033711206185,0,8.510548518482883
7,7,1,1,3.97691413385747,0,5.421436532207352
6,8,0,0,7.618495250929797,0,9.98335214807876
6,3,0,1,8.24141432658795,1,16.25924114891182
8,7,0,1,6.724919477302255,0,8.989173417246013
2,4,1,1,8.956211969909189,1,15.885041008945288
7,3,1,1,7.969058001363323,0,10.710663562867827
7,3,0,1,9.496383060962549,1,18.105270675183792
12,5,0,0,7.387999027536216,0,10.23350287778878
9,4,0,1,7.214870798211351,0,10.026914034233789
6,4,0,0,10.161382054075114,1,17.98145594904956
5,2,1,1,6.921191102214384,0,8.929046294351103
13,6,0,1,7.553706754028512,0,11.948492610584708
8,7,1,1,13.62492669702456,1,21.140786683251296
8,7,0,1,9.15126162728462,1,18.17713653539544
4,9,1,1,11.613618500230338,1,17.819612572714476
4,4,0,1,5.98889735579776,0,7.423517337798895
1,6,0,0,7.624783661163175,0,10.056335797047048
8,5,1,1,7.860264943357836,0,11.194421022209324
7,7,1,1,11.983580384550589,1,18.957741551637
4,6,0,1,11.103131635392634,1,19.0314116188666
10,6,0,1,10.239586191931371,1,18.10333554062196
11,4,1,1,6.576535716631191,0,8.923851643000738
7,7,0,1,4.354900777182445,0,4.9054358007735885
12,4,0,0,6.151174016248603,0,8.476024713275551
6,7,1,0,7.166390558005761,0,9.315765481138394
11,7,1,1,7.561977457242997,0,11.421332050707804
3,8,1,1,7.249512958411721,0,8.384973362846608
6,6,0,0,4.6091592116868085,0,5.518279786135082
8,3,0,1,8.362847493095753,1,17.52436532361128
5,6,1,1,8.98484442987683,1,16.5011233697332
7,8,1,1,8.888613066816433,1,16.498447020075037
3,6,0,0,7.497466493347535,0,9.71803609518823
3,5,0,1,8.14319881134355,1,15.380507165555944
11,6,1,0,6.550270755411159,0,8.777087549526946
11,8,0,1,6.06800297302423,0,8.200369933550796
6,5,0,0,7.545598893729714,0,10.103826915418956
10,5,0,1,6.6596526768786095,0,9.070697735333663
4,5,1,0,6.185504765799536,0,6.6873221039320025
14,3,0,0,10.399997253339016,1,17.93511280581877
8,5,0,0,9.389189927437302,1,17.41300912831903
5,6,0,1,4.734426557035552,0,5.897784702530511
8,5,0,1,9.403996956901068,1,18.15382755520857
5,3,1,1,7.915493502004463,0,10.549791539740614
8,6,1,0,5.551607710478615,0,7.395147434598389
10,5,0,0,10.492763105217923,1,19.170823898707557
9,6,0,1,8.236500311673067,1,16.423617916736983
8,4,1,0,9.814140733624244,1,17.207960849286994
8,5,1,1,11.821685491522198,1,19.2252264369756
7,5,0,1,9.45538826159844,1,17.9344927296127
4,4,1,1,9.31710618935343,1,16.323045986677574
13,4,1,1,7.810115631637458,0,11.297745085900946
8,7,0,1,8.973855429224825,1,17.298327477101665
6,4,1,0,9.120304494383753,1,18.10434186660864
10,4,1,0,11.189500052426697,1,18.68983513699255
3,3,1,1,9.189970540548758,1,16.929816876283518
4,5,0,1,8.062534985839198,1,15.684933159703045
3,5,1,0,11.01500594787298,1,18.166039156783917
7,7,1,0,7.377633136445171,0,8.89387396749836
5,1,1,0,7.282467731810343,0,9.646565479254743
7,7,0,0,8.541552150534935,1,16.376066416851156
9,6,0,1,5.256967630538552,0,8.456529510895392
6,6,0,1,3.982755793112622,0,5.2597612014546025
9,6,1,0,8.92209273996149,1,17.277050319827303
8,7,1,1,13.210112703360483,1,20.869819431773
5,6,0,0,5.375976269671417,0,6.521810234695956
7,6,1,1,7.578458937028379,0,10.531488661773714
5,6,1,1,7.663335419133743,0,9.530642908292188
2,4,1,1,8.989346052813268,1,15.891259409466102
10,7,1,1,6.557294668065511,0,8.287177650192007
11,6,0,0,7.634787634850097,0,10.271644920322926
12,3,0,0,6.93780430282973,0,10.45003445173408
8,4,1,0,7.896400245355102,0,11.360455545809522
7,6,0,0,9.327601882923112,1,17.970627209701636
4,7,0,1,3.435290987751741,0,3.325929676264044
8,6,1,1,10.2045963230401,1,17.611169138472402
12,4,0,1,9.41942334643162,1,17.27571491794872
7,6,0,1,5.414702633463154,0,7.853364912191791
7,3,1,0,8.488721071387682,1,16.59663295067846
0,5,1,1,6.744654145067767,0,7.73761025143068
8,7,0,1,10.99337179441188,1,19.71001729167282
6,7,0,1,8.791420415004968,1,17.24486930412746
8,5,1,0,8.808161455179528,1,16.393593773517622
4,5,0,0,7.626558242806976,0,10.676743888282264
8,6,1,1,4.599973118093579,0,5.857287463776133
6,4,1,0,5.7149163281254,0,6.460774023427698
11,4,0,0,7.551108167439257,0,9.947822096143526
5,4,0,1,10.694892202056966,1,19.424812691522785
9,7,1,1,9.283730292679316,1,18.17707425468504
5,4,1,1,8.028218940776378,1,15.75238507672766
9,6,0,1,7.304483717924005,0,9.451450871192264
5,6,0,1,7.866096966074352,0,10.98871431598694
8,1,0,1,9.27634687894844,1,17.984202066986605
5,6,1,0,8.842299303630645,1,16.94423405385535
7,6,0,0,7.578646869867487,0,10.082607083875764
5,6,1,0,9.882386486254138,1,17.712069847574536
9,6,1,0,9.78536414424558,1,18.010157751844794
11,5,1,1,8.255968512535485,1,16.597551449302195
1,6,0,0,9.907593510543943,1,17.158681859312143
7,6,0,0,11.267637370088616,1,19.342804744260928
7,7,0,1,7.392692669150842,0,10.602166181729482
5,8,1,0,7.425772725867355,0,8.66391791140665
3,5,1,0,3.2609819019392603,0,2.4149995586666657
10,8,1,1,6.6972607174757846,0,9.70940063159828
10,7,1,0,7.885442773191928,0,10.966795336645369
2,9,0,0,8.825303193918902,1,16.204107424304
7,6,0,1,4.745707018239875,0,6.4044166754383
6,8,1,1,6.187811773818397,0,7.867604611336576
8,6,1,0,7.033141514317526,0,9.510982575174245
5,4,0,1,7.926712099075191,0,10.949076800048696
4,9,1,0,7.158001279982126,0,9.451383095746955
6,5,0,0,10.943894154837576,1,17.77291232215775
2,5,0,0,8.798998949336724,1,15.688355846926626
14,5,1,0,8.886344888282771,1,17.002966371558994
7,3,1,1,10.445486168428456,1,17.424410927888378
3,4,1,0,11.799661706159975,1,19.025010235320863
9,6,0,1,6.858733476914463,0,9.28329623158569
9,5,0,0,9.771123711837724,1,18.65192509880858
5,7,0,0,5.835007824859185,0,5.9367113381674965
9,5,0,0,5.614808625956693,0,6.937575622134707
4,8,0,1,7.497666584275957,0,10.390671901083552
0,5,1,0,8.580212043118822,1,14.655928605028514
11,2,0,0,9.29925058434704,1,17.551902428406855
7,5,0,1,10.984808980745122,1,19.11216730450352
7,6,0,0,7.405113157471149,0,9.967838217398509
6,7,1,0,8.893985134975837,1,16.066452047391184
7,7,1,1,8.544210405546652,1,17.840948294625107
5,5,1,0,2.259433775408468,0,1.3920141187586
5,4,1,0,4.336460667861597,0,5.942873167736197
9,7,1,0,8.714591231217632,1,17.3686196020651
9,7,1,1,6.471831446678279,0,8.973449929483653
13,7,1,0,10.407989620683455,1,18.495690063872285
8,5,0,0,6.618957629379729,0,9.205040784955273
9,3,1,0,7.631315956273573,0,10.32009215198138
9,6,1,1,8.635502328394956,1,17.35604735127339
9,6,0,1,8.725252271523173,1,17.60364547460026
10,4,0,0,7.014226816938538,0,9.7632920219802
10,6,0,0,9.364915988143151,1,17.801568084965243
5,5,0,0,9.000417973174144,1,16.827153372193855
7,4,1,0,10.812372060169665,1,18.510198795207277
7,6,0,0,10.214277921329474,1,18.36424695714741
6,5,1,0,5.647287023063699,0,7.206296310645558
6,5,0,0,6.99430254931206,0,9.63753317917408
2,6,0,1,10.518855899598291,1,17.719270952015133
8,7,1,1,7.79100586790955,0,10.430305050270109
6,4,0,0,6.364661472018927,0,8.314985974991213
11,6,0,0,8.142580001724625,1,17.283481908644404
6,7,0,1,10.939546753762098,1,18.39692244661376
10,5,1,0,5.962592329640372,0,8.124463550285853
6,3,0,1,6.199247696305764,0,7.900107595180506
10,7,0,0,10.354912778209732,1,19.130999342157228
7,6,0,0,9.328743596061049,1,17.253501965188512
6,7,0,0,6.821454405394601,0,9.649703896405386
8,5,1,1,10.76618797836008,1,17.59739135336992
8,5,1,0,7.38549595773862,0,9.791284841201676
8,4,1,0,11.113898228131536,1,18.75563159084149
4,7,1,0,8.217913811559939,1,16.51492013494776
6,6,0,0,8.53970623429931,1,16.367551383376554
9,6,1,0,6.013184499530112,0,8.464355061525769
12,5,1,0,13.307450268212875,1,21.535080156469533
17,5,0,0,7.94247152078938,0,11.982595526892746
1,7,0,0,7.434633400458692,0,9.346551539242924
8,6,0,0,4.835497485234238,0,6.215635179013772
2,4,0,0,9.374444997805195,1,16.936809842329875
3,7,0,1,8.631695275776428,1,15.67851524165136
8,3,1,1,4.972162608391526,0,7.171512938035043
8,7,0,0,4.41251482391572,0,6.27862362956397
10,5,0,1,5.004702581024661,0,6.405729475171978
12,6,0,1,11.112997678561412,1,19.269898202595847
10,5,1,1,6.486193498855782,0,9.055497936792596
13,6,1,0,10.467003463028892,1,18.78448759454663
3,7,1,0,4.676517088258499,0,4.729114905156307
9,6,1,0,8.881699180894133,1,17.579690396344457
9,4,0,1,9.225760926044604,1,17.174470305013564
11,7,1,0,5.589189834993669,0,6.851868569614149
5,6,0,0,9.382468293142171,1,16.78643989383378
6,6,1,1,6.310658869248799,0,8.903516802897578
12,4,0,1,9.40634571059826,1,18.64112188851926
13,8,0,1,6.407155552153812,0,9.15986125496748
8,6,1,0,9.00821293902317,1,17.05506666614092
10,2,0,1,6.477274093108715,0,9.045015161272191
4,6,1,1,9.57718186410134,1,17.048794214787826
7,5,1,1,9.363662323437143,1,17.011251234924302
5,5,0,0,9.12338676840534,1,16.929443373829855
11,11,0,1,8.165410741544902,1,16.186552816724987
8,6,1,1,9.953342284661424,1,17.504498305660064
10,6,1,1,4.982254258207686,0,6.54160344754946
7,7,0,0,9.192908617554494,1,16.869933502137716
4,6,1,0,10.867753518156604,1,18.011782080523297
6,5,1,0,9.410963831449,1,17.743077073274968
7,3,0,1,4.904398722021837,0,6.024999590590302
3,5,1,1,9.307943275493788,1,17.51968325964581
4,8,1,1,7.130871842081838,0,9.213048386775649
5,7,0,1,7.272517964779981,0,9.914633446716149
6,7,0,0,5.898208026928144,0,7.469905452540817
9,5,1,0,8.341728141266612,1,15.997659083022436
9,6,0,1,5.196266268538739,0,7.510658776478063
7,7,0,0,8.04317412273869,1,16.435753500312316
9,5,0,1,11.126120272354235,1,18.79675984036669
3,7,0,0,5.410835895060889,0,6.944410078286491
5,7,0,1,6.300002044993832,0,7.106701175255683
3,6,0,1,6.132030540434337,0,7.369313921247349
7,7,1,1,9.528406639491816,1,17.89529072838945
12,8,0,1,5.543165812743428,0,8.31292502769275
6,6,1,0,10.821908473353377,1,18.128883829779493
7,5,0,0,9.041082145595144,1,16.79667245894932
10,5,0,0,5.901438822994691,0,8.023929053644611
5,5,0,0,10.634236559359993,1,18.08699435178052
5,9,1,1,8.300557094624867,1,16.55769591436283
2,5,1,0,9.28530459781176,1,16.9054961783033
5,7,0,1,4.502131034283237,0,5.784121081397457
9,5,0,0,8.551099958472438,1,15.853225359953084
2,8,1,0,6.004025592266639,0,7.394168005440687
1,4,0,1,7.968848487643229,0,10.32030303624044
2,5,1,0,8.53477547672713,1,16.57163229020961
10,7,1,0,8.097039363675446,1,16.528843416559166
9,6,0,0,9.129760641561596,1,17.57017233641756
4,4,1,1,9.088904692215484,1,16.537020954822243
14,4,0,1,6.759152289807478,0,10.833835686383717
7,5,1,1,5.927935695697206,0,8.687148135524286
12,6,0,0,11.02042406369618,1,19.28483199173141
10,9,0,1,7.573599292185424,0,10.776993373118945
9,6,0,1,6.3751807238507725,0,9.343423036854706
3,7,0,1,10.520709549186233,1,17.235866413469417
8,7,0,0,8.553894314736995,1,16.514199743438425
8,5,0,0,9.298558291592226,1,16.721722979242635
8,6,0,1,6.135517996701093,0,8.435800160310087
12,8,0,0,8.592142994730924,1,17.39416987920081
8,7,0,1,10.245210066748674,1,18.230225761467835
10,8,1,1,6.654408317530488,0,9.698292258508454
9,6,0,1,6.547014775226349,0,8.802250139955994
11,7,0,0,6.345171253906685,0,8.867367805003529
5,5,0,0,9.776130940588912,1,17.08310394277399
10,6,0,0,6.726615364539984,0,9.395276897920716
10,5,1,0,9.808909386607333,1,18.04322890328176
7,5,0,1,7.3811652614270225,0,10.193148278917652
10,7,0,0,4.939339805765016,0,6.844326420454808
9,6,1,0,8.532527989118032,1,17.038624332988128
11,7,1,0,8.157341068211364,1,16.49535930896767
11,5,1,0,6.999106483164029,0,10.364352623135344
4,5,1,0,6.49593232684436,0,8.359737529129642
6,4,1,0,6.23984473418413,0,8.105884813177903
6,5,1,0,5.648978680043162,0,7.082447438877352
9,7,0,0,9.672327197309125,1,17.86804871317168
9,6,1,0,10.327285047436622,1,18.3488608461223
5,4,0,0,10.840164524301938,1,18.455366296997383
12,7,0,0,8.472404971794935,1,17.73855620269257
10,7,0,1,5.818713259882041,0,8.691281091315968
7,5,1,1,10.106228308087063,1,17.65220510749624
6,5,0,0,8.221716130652084,1,15.51791305797838
9,2,1,0,4.369396851088949,0,5.989541863260463
6,4,1,1,6.280021568084372,0,8.602851540713528
11,4,1,1,11.031040806956998,1,19.31738295752443
11,6,0,1,8.810106277758425,1,17.23808957852114
4,5,1,1,8.71448566028291,1,16.227927472797482
6,4,0,1,9.263386980815705,1,18.185640401707943
8,7,0,0,10.498316124215885,1,17.725794541902854
7,6,1,0,8.656836494160018,1,16.30122617437277
6,5,1,1,7.623310859981103,0,9.907445893960023
13,5,1,1,5.948308970072661,0,8.193435374137758
7,6,0,0,7.008871402149668,0,9.916396550319694
5,4,0,0,7.994490533914133,0,10.79624510234861
6,6,0,1,10.57627681460466,1,18.370453372913
10,5,1,0,4.908923124715301,0,6.232575916275055
13,3,1,1,7.9384379284498205,0,11.350122075428033
5,7,0,0,9.604020507453038,1,16.74241118861599
2,7,1,1,5.742625704762528,0,7.065128803998251
3,5,0,0,8.983278223353885,1,16.178381090051246
6,4,1,0,6.07196046205094,0,8.805336421341948
4,5,0,1,8.505663005696467,1,16.779793397980626
6,6,1,1,8.081177844885925,1,16.65115959118619
9,4,0,0,8.017708066395924,1,16.424400339932667
9,8,0,1,7.143464554438496,0,9.890261978971218
9,7,1,0,8.086995750247487,1,16.088386598057127
5,5,0,0,9.682838477032853,1,16.815723505290045
8,5,1,0,8.202791232408407,1,16.337139416278763
8,8,0,1,4.774203422125361,0,5.802635666615712
11,7,1,1,6.315189606768692,0,9.693137176629248
3,5,1,0,11.182779134933975,1,17.977008804239805
6,6,1,1,6.688077851157046,0,8.538375491537115
10,5,1,1,11.29484769550125,1,19.328314603829472
5,6,0,1,9.802147694261,1,17.674477293138192
5,5,0,0,8.191321061778371,1,15.547702252404008
3,5,1,1,7.408787185363444,0,9.374888818542804
8,4,0,0,9.516707409441253,1,16.909707365546293
7,7,1,1,8.543182240229978,1,16.770343173992266
7,4,1,0,8.050003594532484,1,15.39297880735285
9,6,0,0,8.544262138363866,1,17.232531418457693
8,8,1,1,7.3112055195836065,0,9.772410376706812
10,7,0,0,9.610898662812009,1,18.101786007490936
3,6,0,0,10.150987500117488,1,16.78611037819422
14,5,0,1,5.948019567909152,0,8.949248151073673
8,4,0,0,7.0484205718721205,0,9.3355811602612
4,6,1,0,10.51768161796265,1,17.85706661548592
11,6,0,0,7.931907030148255,0,11.511051373387607
8,5,0,0,7.408439328280101,0,9.27680538048204
4,6,0,0,9.184058232667487,1,17.139165530279374
3,7,1,0,6.005341401559381,0,6.428590308313278
10,7,1,1,9.005109580793501,1,17.281956664059845
12,4,0,0,6.68258866978568,0,9.573302656255803
5,5,0,0,7.096702603235655,0,10.304898772040042
7,5,1,1,7.496287732962918,0,10.2712828371741
8,8,1,1,9.815529550995889,1,17.48309023195311
11,7,0,0,7.672427776679425,0,10.751157638632876
3,5,1,0,5.442614724755296,0,5.371123109508348
8,3,0,0,4.992755724770499,0,6.747208289577565
6,7,1,0,4.4670923539324425,0,5.109990920273456
7,4,1,1,5.644925870619727,0,7.23191119149464
10,6,0,1,8.457977068546455,1,16.817192841522036
4,5,1,1,7.198565512413312,0,9.60906343928136
8,7,1,0,7.440559324356451,0,10.911337517693552
6,10,1,0,9.160519461366954,1,16.716817962170886
8,3,1,0,9.825092898435916,1,17.844044243222264
5,4,0,1,6.182389746745763,0,7.653922524739999
14,9,0,0,10.0516415870903,1,19.29970381786415
7,6,0,1,8.652949104552704,1,17.46999001847423
10,6,0,0,5.365564214950982,0,7.0643914524480405
10,5,1,0,3.3147533360568016,0,4.050790676056848
8,5,0,1,10.381116750214886,1,17.600053951677427
2,8,1,0,9.592793348558082,1,17.1812869469877
4,6,0,0,5.207838463626381,0,6.207094893420452
5,6,1,1,8.474358476965389,1,16.85043571263344
7,2,0,1,5.922981330590218,0,8.289088321819408
10,5,0,0,9.187757489785946,1,17.455190782141916
11,5,1,1,6.208976907663034,0,8.712900055295208
6,4,1,1,8.849229590621977,1,15.611498325588848
2,6,1,0,9.333347183451712,1,16.52732435066026
1,3,1,1,6.967652137602055,0,9.095532392664635
5,4,0,1,8.936072737010576,1,16.765678066805407
13,4,0,0,6.955823221840182,0,10.369514446602102
3,5,0,0,11.863033969453957,1,18.615021997401698
13,5,1,1,6.5993684148803045,0,9.56069134038799
9,4,0,1,12.120401532203076,1,19.5052413797875
5,6,1,0,10.681065020284183,1,18.55894024608918
9,9,1,1,8.337759031235674,1,17.02136631169951
7,6,1,1,5.230454508444522,0,5.69950151202144
5,4,1,0,7.355882777308277,0,9.171557428899844
8,4,1,0,9.899831205823606,1,17.43611926807188
5,5,0,0,7.301904425973696,0,9.785803574359049
11,5,0,0,6.536345417602724,0,8.350631784991847
9,7,1,0,9.973793955997952,1,18.218487099773117
12,8,1,1,7.333577570246287,0,10.717050932600255
9,6,1,0,7.149239174660584,0,9.137048767124638
8,5,1,1,8.593104639796024,1,16.72024427043437
9,7,0,0,5.298235266781575,0,7.21880409746486
10,7,0,0,7.545981822648891,0,9.700785129824151
10,3,0,0,9.86995192118864,1,18.3578000646208
8,7,1,1,5.055502361509017,0,6.754049924980353
10,5,0,1,7.292091878400701,0,10.172626718519648
9,4,0,1,7.863834203503691,0,11.31583640933278
5,5,0,1,10.266707059571644,1,17.870452247920042
7,4,1,0,6.263827964054112,0,9.01077621623736
9,7,1,0,6.966729358622531,0,9.510314750063356
7,3,0,1,7.032774388274719,0,10.342177771488398
12,6,1,1,7.865436052901765,0,11.21946590287622
3,7,0,0,4.046700467340174,0,4.698629394563391
9,7,0,0,8.19854547978581,1,16.725610508120276
13,9,0,1,7.775665362200469,0,12.392860724607306
14,6,1,0,7.727069743008445,0,11.31086308291859
6,7,1,0,9.45768370642622,1,16.618749955575808
13,7,1,1,8.275773378821667,1,16.96687925276815
14,5,1,1,4.77003052586357,0,7.289976895938784
14,5,0,1,6.6041101850795165,0,10.174608503979242
9,6,1,1,7.337090232796558,0,11.283755373802745
8,6,0,1,9.085527361880697,1,18.02405098124486
7,7,1,1,11.828566944273758,1,19.83113626336377
6,7,0,1,7.08867662569101,0,9.7384214035263
4,4,1,0,10.919839865462444,1,18.18255086637892
6,5,1,1,7.59400340988173,0,10.76817259237898
8,4,1,0,8.860088294518564,1,16.64223954398097
7,6,0,0,8.294250428026988,1,16.08081717323369
8,3,1,1,7.641007343666059,0,10.581602786187425
9,4,1,1,10.185672427360108,1,18.6347685285806
8,6,1,1,4.773000719871696,0,5.942613694698991
4,3,0,1,7.175991140599331,0,9.530255183306911
6,6,0,0,6.470261735660641,0,7.515845819625047
4,5,1,1,8.351291937322163,1,16.38491813989695
7,4,0,1,9.792611448514508,1,17.29744563853918
8,7,0,1,10.000604761768466,1,17.98636805744795
5,4,0,1,6.407390501080397,0,8.987468589071756
10,6,0,0,5.505299589196432,0,7.784982059531478
6,7,0,0,10.166915118525797,1,18.362629898686823
12,7,1,1,5.619619822895139,0,7.813632274808887
7,5,1,0,6.437811621742041,0,7.847888143851393
12,4,0,1,4.694558263736191,0,6.419124549019754
6,6,1,0,9.956755160289404,1,17.849136022099593
6,4,0,1,6.261703989724627,0,8.927895830450792
11,7,0,1,7.3198646278915716,0,10.787638866145032
5,4,1,0,5.165842793751418,0,6.03454642625877
10,8,1,1,9.748577881976637,1,18.344757950335172
3,4,1,0,6.446728132207892,0,7.713206554786353
10,7,1,1,13.336098073361809,1,21.18040239948912
7,4,0,0,5.630381595217086,0,7.505033475300918
6,8,0,1,6.7936119563001816,0,9.634003957635432
8,2,0,0,10.2596030400711,1,18.078143771464752
9,5,0,1,9.507206479730277,1,17.959697105180737
6,3,0,1,8.769974923675493,1,15.814654360844
5,8,0,0,8.65331269412193,1,16.109540241520328
7,8,1,0,6.994880507086385,0,9.733125018109606
6,6,1,1,6.493848159084882,0,9.49897610394844
7,8,0,1,6.080591433434804,0,8.133670438754608
9,6,0,1,6.036733513843873,0,8.175725398877278
13,6,0,0,2.6395952457552063,0,4.211398944911348
2,4,0,1,6.929318960854404,0,8.389041370958177
10,5,1,1,4.80788585754431,0,5.664646924495672
3,7,1,1,7.74775928966118,0,9.733451211559318
5,6,1,0,7.444380006339216,0,8.986343411164487
11,5,1,1,8.892308451083396,1,18.025638750687403
9,7,0,1,7.253369337546879,0,10.050643293891492
12,5,0,0,9.961515310240388,1,17.847196021104246
6,6,1,1,5.6134345026308665,0,7.932118935599974
2,7,0,1,8.177689312613735,1,15.064829599689835
4,4,0,0,7.864309089811222,0,9.269467708336672
8,4,0,1,10.458823248091464,1,17.923166744694814
10,5,1,0,10.483471186757445,1,18.352087461614172
8,6,0,0,5.447021873560887,0,7.598742372812
9,5,1,0,9.885647992773162,1,18.456306450583902
6,5,1,0,13.23415938910398,1,20.63701344955026
3,4,0,1,11.289012597619749,1,18.13523011913992
14,3,0,1,6.660779529899537,0,10.422470539794418
4,6,0,0,10.462468641323014,1,17.968871235001572
7,6,1,0,7.487902283321891,0,11.0020725762208
4,4,1,1,7.129283484397478,0,9.861662043241823
7,8,0,0,7.187742794273779,0,9.209069906379602
2,5,0,1,8.129967302896919,1,15.715235191761902
7,6,0,0,9.146453043189675,1,16.41963403720783
11,5,0,1,10.286641865070775,1,18.56148965356444
4,4,1,1,9.631170785148576,1,16.937291390445438
9,4,0,0,8.777965922347201,1,15.983218750321212
13,6,0,1,8.9385767243452,1,17.870233146162267
8,4,1,0,10.62143199105287,1,16.906473897186604
7,6,0,1,7.4269179705123936,0,10.29852954934987
11,8,1,1,7.819032647502459,0,10.748585439524474
5,8,0,0,8.315630715352551,1,17.42623816840384
4,8,0,0,10.922791123330716,1,18.419770186871443
10,4,0,0,7.332684546306546,0,10.28877343244559
12,4,1,0,12.248379411247706,1,20.23408018487492
4,8,1,1,4.862137183185164,0,5.846180090286789
6,7,0,1,6.377261586184231,0,8.530851090241441
9,6,1,1,4.932047474983803,0,6.138950285460783
3,4,1,1,9.77034280052438,1,17.268975039323948
0,6,0,0,8.245928357527676,1,15.009163111907988
11,5,1,1,10.158482325489553,1,18.39188481212702
6,7,0,0,8.716045139358842,1,16.48524723349904
7,7,1,0,9.530710621287843,1,16.980382471689744
8,6,1,0,10.607104372751577,1,18.11279879321496
14,7,0,0,8.226353161738249,1,17.604290606822584
3,6,1,0,10.069191796129838,1,17.568847930899157
10,6,1,0,7.517381054542149,0,9.447548441624807
10,5,1,1,9.459452619828063,1,17.449342251705477
11,6,0,1,8.697303971853728,1,17.52506591920726
8,5,1,1,5.029721182947129,0,5.134950605672676
8,7,0,1,9.473447496769598,1,18.45526075854205
12,5,0,1,6.57169422281954,0,8.821806401944851
8,5,0,1,9.457297950692896,1,17.23386209510039
7,6,0,1,9.496533218629375,1,18.68855620534059
10,4,1,0,9.558056184976245,1,16.837058645282575
12,4,0,0,5.360360417618894,0,7.80435836456646
5,5,1,0,4.751200800477931,0,5.325168664065025
10,5,0,0,6.812522814231418,0,9.136028005425612
5,4,0,0,6.995386487352458,0,9.938273932420302
8,6,0,0,8.351890080808094,1,17.542075682442565
11,8,1,0,8.195604782110346,1,17.548264450416664
13,5,0,0,5.8932187947501244,0,8.208399355776539
5,6,0,0,8.41525604438219,1,17.154473219268237
6,4,0,1,9.676633416600556,1,17.1810727483196
12,4,0,1,9.209977968838611,1,17.828919699202128
1,8,0,1,8.504331276272111,1,15.9273288833249
7,7,1,1,7.771214568813415,0,10.719420627614642
9,6,0,0,10.041289472860027,1,18.08577740751528
2,7,0,0,8.88757173790938,1,15.90074443503858
14,4,0,0,11.545655265255274,1,19.97656448287925
3,6,0,0,8.049190892235025,1,16.133512179008356
6,5,1,1,9.09765423228133,1,17.369609508150475
2,4,0,1,5.230871942822114,0,6.957287046347497
8,6,0,0,7.873397726140403,0,11.390528749801897
9,5,1,1,5.628219487045953,0,6.882795094007236
3,5,0,0,10.985630597832486,1,18.28639388084678
7,5,1,0,5.289888536217163,0,6.735630827635195
10,6,0,0,4.578124583999432,0,6.207452291614685
4,7,1,0,10.2795158757218,1,18.22330952324346
7,6,0,0,6.422291804943039,0,8.37484115485328
2,7,1,1,4.8006503659390605,0,6.576310976788971
8,6,1,0,9.366457275050134,1,17.704969632737452
8,7,1,0,7.548351897399234,0,10.461908328119724
5,4,0,0,10.156669732514873,1,18.008728816600506
1,5,0,0,11.165391527418524,1,17.633249464658434
6,6,0,1,10.572159292316767,1,17.35449009716403
5,6,1,0,6.567569973239159,0,8.697840848488026
8,6,0,1,3.6716311729198337,0,4.7980429777401294
9,6,0,1,6.021360625021652,0,8.28065140406398
11,7,0,1,8.515682782097734,1,17.770142069465432
9,5,1,0,8.981126499268123,1,17.5095837566698
6,8,1,0,5.491813820288496,0,7.592236886825966
11,7,0,1,4.303213441722296,0,6.438623283210868
10,4,0,0,8.565668741880215,1,16.758568145522695
10,8,1,1,12.49121130969256,1,20.032267745523907
5,5,0,1,8.470917463406245,1,15.73893017936417
6,5,0,0,4.836152074510663,0,6.217362175264608
5,3,0,1,7.354024274790789,0,10.503357701060684
12,5,0,1,5.655541604593115,0,8.101887556042245
13,4,1,1,8.091294023589878,1,17.499691562547202
6,5,0,0,8.259796728538205,1,16.701800939202567
8,7,0,0,5.315934362831082,0,7.645106277036524
5,6,0,1,9.666115197694578,1,17.758662123357645
12,8,1,1,8.781959980158168,1,17.777861522598894
8,4,1,0,10.459639647427814,1,17.991185395541613
5,4,0,0,7.447515371342756,0,9.65363605027269
3,4,0,0,5.708496998950075,0,7.545549283221459
4,5,1,1,5.109247973126914,0,5.859379028906051
9,5,1,1,9.9366026133131,1,18.31847369795161
12,7,1,1,3.9473482764438943,0,5.449001682784289
0,5,1,0,5.510748462754029,0,6.825013256805859
13,3,0,1,7.481948345995667,0,11.472021575873056
8,6,1,1,10.737370786294642,1,18.9223330060906
12,6,1,1,8.390873660349515,1,17.310327464680153
5,7,1,1,11.704529234525666,1,19.05438324144143
7,6,0,0,5.597369647851938,0,6.862793077705037
6,6,1,0,10.67002736735444,1,18.54422983461798
6,4,0,0,8.950309720545777,1,16.977255202527303
9,4,1,1,10.218539884420789,1,19.041453369646227
6,4,0,1,6.643449259162103,0,8.990510695491325
0,5,1,1,8.404505851739069,1,15.93846317004662
4,5,1,0,7.506206986851126,0,9.254217150835718
3,5,1,0,8.298894456885618,1,15.343106310726132
7,6,0,1,7.186855109803908,0,9.247765534537008
12,4,1,1,9.57466512157696,1,17.125666806952612
9,4,1,1,11.542558484234991,1,19.22759730659764
9,6,1,0,6.330977638920483,0,8.25344069386385
5,4,0,0,8.388338703992131,1,16.471764267592526
8,5,1,0,7.858145240690694,0,10.975741774631883
9,6,0,0,5.048803063454857,0,5.549903718011545
12,6,1,0,7.1231440440133404,0,9.791169510067231
5,6,1,1,1.9381212420721925,0,2.2843322678316933
8,6,0,1,8.553975132088508,1,17.247078465268988
8,3,0,0,8.18642271803853,1,16.206696609232306
4,2,0,1,5.968905227284143,0,7.546190686425302
3,4,0,0,8.397041343999822,1,15.761230189508774
9,6,1,0,7.059513048391539,0,9.434654036610546
1,4,1,0,9.14298094823061,1,16.63547146996435
7,2,1,0,10.731000717552911,1,18.43921327410861
5,5,1,1,6.6530586103197535,0,8.962813316471285
11,6,1,1,8.706319911357266,1,17.70027215901409
3,6,0,0,5.588177675380436,0,6.914230021561084
5,8,0,0,7.375762466343864,0,9.592376642507704
10,5,0,0,8.86465503876837,1,17.54732749630625
5,7,1,0,9.423896834221884,1,16.667793712900206
6,3,1,0,8.469802405728444,1,16.43229935737946
7,6,0,1,5.413393262940106,0,6.679214422836362
8,7,0,1,5.567065486507991,0,6.737319612716204
7,6,1,0,8.729097785136709,1,17.100834195811373
9,4,1,1,5.951699397066363,0,8.228808181748573
8,7,0,0,8.202218444061717,1,16.68387835811591
8,6,0,0,8.808008295208838,1,16.936516274742672
8,7,0,1,11.075059346273449,1,18.92462988968829
12,5,1,0,8.675372205227823,1,17.20984876079799
9,5,0,1,6.941538016887094,0,9.205104491293753
12,5,1,1,8.237146484472166,1,17.344569796010997
7,6,0,0,6.865571500088656,0,8.15471944170206
8,7,1,1,5.178324487101598,0,6.544725294663302
6,4,0,1,5.550959481638419,0,7.266966950995328
7,9,0,1,4.413231747629789,0,4.926498722488046
10,6,0,0,8.313495914042853,1,16.618553946921534
6,7,0,0,7.609423324044735,0,10.251775289709284
10,6,1,0,8.124696103602671,1,15.86227876411383
9,6,1,0,8.71724603457923,1,16.84198556658777
7,6,1,0,5.691951633636624,0,6.456266896015426
1,7,0,1,8.111031339065716,1,14.91209351238128
8,3,1,0,10.440696261343264,1,17.774854626716586
6,6,0,0,7.7216139601559375,0,10.66347567924561
10,4,0,0,10.174223107423693,1,18.020276227635936
9,6,0,0,5.923924858942732,0,7.635215814053857
6,7,0,0,7.929991448087133,0,10.399642362979824
11,6,0,0,8.802175635325952,1,17.03669825717971
7,4,0,1,6.336259012109319,0,9.241271824576495
7,5,1,1,4.952857885482807,0,6.0058228721108105
3,6,0,1,8.596754843805536,1,16.95479679624968
8,6,0,1,7.550321750629838,0,10.848444119970749
7,8,1,1,5.524282954574684,0,7.2268011569352755
9,7,1,0,9.17076951003635,1,17.050335112403808
4,5,1,0,11.015487577050648,1,17.9874179535658
9,5,0,0,6.474735770837188,0,8.727546083155284
9,7,0,0,4.443308954942543,0,5.692427593659383
8,5,0,0,8.294529089837647,1,16.59648842032139
7,3,1,0,7.915434701637578,0,10.441831133457145
7,8,1,0,9.566873366858871,1,17.5659793759638
8,6,0,1,11.164482772519891,1,18.860918552748828
4,6,1,0,7.634599872650682,0,10.016001945871846
7,6,1,0,7.671837050339882,0,9.747233193795878
5,7,0,0,8.301823737320477,1,16.076916118178346
1,2,1,0,9.767264851765692,1,16.328731822531665
3,4,0,1,7.752762048992597,0,9.95045188564092
11,5,0,0,7.004546083006518,0,9.914914779206804
8,4,1,0,8.921775189342865,1,16.645857616657306
10,6,1,1,6.983767234607754,0,10.123366168918862
11,3,1,1,5.186775115453006,0,7.1452003999249145
2,6,1,0,7.027800204413135,0,9.26741096500947
6,6,1,1,6.0976212316343785,0,7.748281539971892
6,4,0,0,6.922270084595943,0,9.256674924254618
11,7,0,1,4.704673345539066,0,6.390376330408208
5,6,1,1,6.292303383100531,0,8.015646527866615
3,7,0,1,9.59043658200332,1,17.025347910862212
13,5,1,0,7.25608633675582,0,9.511244276963913
10,7,0,0,8.951779443147368,1,17.094836077527006
6,7,1,0,6.590510932416676,0,8.374418744648802
4,8,1,1,9.799941251781592,1,17.006629239280965
10,5,0,1,12.260521948437392,1,20.307428138831234
6,4,0,0,7.814221066714778,0,10.773529260681986
5,4,0,1,8.249817221044294,1,16.794985219637315
4,4,0,0,10.265403210716489,1,18.003159208109977
8,7,0,1,8.72323205853243,1,18.003837383642086
2,7,1,1,10.504423933166985,1,17.855684876477106
8,8,0,0,13.074498528146531,1,20.91198533871825
10,6,0,1,5.5943538136077215,0,7.620145536101463
13,7,1,0,5.666512927712192,0,8.596610460247303
5,4,1,0,9.081561256091248,1,17.324357359122097
13,4,1,1,11.098641685760697,1,19.149196772221387
4,7,1,0,10.017145854590185,1,17.85661030390032
9,5,0,1,6.438848276186273,0,9.014902156958769
12,5,0,0,7.810191205638736,0,12.91199472365859
6,5,1,0,8.253379120203377,1,15.92802934086455
9,3,0,0,8.698556697934082,1,17.41485783215432
3,7,1,1,6.158231962413776,0,7.283905944995782
9,10,1,0,5.792884466213984,0,8.7938867892572
9,5,1,1,10.55167122718655,1,19.364604884523224
8,4,1,1,5.586199219083509,0,8.406653870931864
12,5,1,0,10.352210497715708,1,18.503605785826437
1,4,0,0,9.290787034839656,1,15.332828344681923
6,6,1,0,7.630429469552234,0,11.114801143110036
9,6,0,1,8.773111274012969,1,16.69406195877993
5,6,1,0,4.306476989906838,0,4.294757659635105
6,4,0,1,13.240778671331316,1,20.456770189377828
10,6,1,0,7.175884823739481,0,9.548682504269896
7,7,0,1,10.025513844969796,1,17.90116417413908
1,5,1,0,6.168651637702235,0,7.488836452121136
9,5,0,1,11.221881548439695,1,18.61635345501473
8,7,0,1,8.500198299643097,1,16.67000938899624
7,5,0,1,9.162330154691116,1,17.4059976453204
8,5,0,1,7.533580210967888,0,10.703322895100191
8,4,0,0,7.568951088489843,0,10.433296533333692
1,4,0,0,9.15956977408904,1,16.805190560513495
9,5,0,1,8.680177983204048,1,17.790739801268295
6,5,0,1,8.221271137324718,1,16.75608795005219
12,9,1,0,10.232097428892438,1,18.66480400831159
3,6,0,0,8.398791357121718,1,16.037671429152905
13,4,0,0,6.134385197859693,0,9.572717762665832
8,5,0,1,9.361054759407365,1,17.227076316450482
8,3,1,1,7.347660034402235,0,9.886062596829603
11,3,0,1,9.80303424744677,1,19.40379432144324
9,7,1,1,9.271749882668846,1,18.040930903943657
4,6,0,0,9.311480153793548,1,17.452410841428456
7,6,1,1,5.9377191629108745,0,7.946204801999912
9,6,0,1,4.410878024191033,0,5.76839785335422
11,6,1,0,6.3046245828533,0,8.272381323684417
6,5,1,0,9.395667941206684,1,17.386997864117667
5,5,0,0,8.630703002284063,1,16.28448869739985
8,6,0,0,7.023231948443739,0,10.227462269036554
13,5,0,0,5.46048144846338,0,8.366507331179392
10,5,0,0,10.566138437873835,1,19.307207441153977
9,7,1,0,7.998754635611045,0,10.93630839197742
6,5,1,0,7.43285702564138,0,9.83490457395184
7,8,1,0,7.013604643169463,0,8.932896407056578
0,6,0,1,7.796262127791891,0,9.254609071368597
6,6,1,1,6.170020177461336,0,8.642161930040237
6,7,0,0,10.882592251795067,1,18.44070690877546
9,5,0,0,7.964217111260218,0,11.152726681869572
1,4,0,1,8.547195797924426,1,15.94382502593953
8,5,0,1,9.915319973898033,1,18.31516344333408
3,6,1,0,7.852165948790338,0,10.921812595448383
11,5,0,0,7.977419850318307,0,10.95809492175682
7,3,1,0,11.236641586314724,1,18.53067290068424
4,8,0,0,3.8281460816133626,0,4.598072680103606
11,4,0,0,7.952263481153824,0,10.871274712372308
5,6,1,1,10.288521110213596,1,18.862180551710907
3,4,0,0,9.027859334664452,1,16.985978615685895
9,6,1,1,9.165672027339426,1,16.817256867461623
9,5,0,1,7.919666048153733,0,10.240609664805218
5,5,1,1,8.890115850418066,1,16.010225766828206
9,6,1,1,5.293835618531445,0,6.375043076672619
7,4,1,0,10.62271992471457,1,18.659242260969418
6,5,0,1,11.94447323572809,1,19.150932417502943
0,5,1,1,7.04036269693285,0,9.10363500829784
10,5,1,0,9.422731181545949,1,18.44741985568234
11,6,0,1,9.458896004181966,1,17.686517794864308
11,5,1,1,7.920027087160881,0,11.002486746047282
9,3,1,1,9.626651335564638,1,18.14577661538734
6,5,1,0,9.986419035457445,1,18.40930839364569
8,3,0,0,9.051597949045604,1,17.438304734669888
7,6,0,1,7.57864565592046,0,9.913173287857152
9,5,1,1,6.005406871819358,0,7.912293978316778
8,6,1,1,4.894886754446301,0,6.210524097006094
5,5,1,0,9.471138567224155,1,16.99500423404729
11,9,0,0,7.0427665951741165,0,9.729871617069406
5,5,0,1,7.24926450544946,0,9.724093740499134
14,6,0,1,4.480459543084249,0,5.57698296443523
2,7,1,1,9.920670722749495,1,16.06945685470202
8,6,1,0,10.300657178818303,1,18.04218384503441
8,8,1,1,9.690128276807243,1,18.04926472827677
13,8,1,1,7.263890257597106,0,10.697075898542746
7,7,1,1,10.36824642813145,1,17.859268834812667
6,4,1,1,7.102080133788346,0,8.568845765215105
8,7,1,0,7.812519397421429,0,11.144764509623515
7,5,1,0,5.299476071977417,0,7.304056687629172
6,4,0,1,6.526291440479733,0,9.198748855566006
6,4,0,0,9.773337871414869,1,18.422831376902096
12,2,1,0,6.508451772673756,0,8.492540459729458
3,3,0,1,8.978066599496515,1,17.158296368157725
12,4,1,0,8.120555946211399,1,16.51006429320141
0,7,1,0,11.410010704400072,1,18.314670272437265
5,5,1,1,10.080082639785074,1,18.434800671653303
6,6,0,0,6.418486852226252,0,9.140948337196592
6,4,1,0,7.943496355531756,0,9.586487208097791
3,6,1,1,9.523220329904657,1,16.62543914436986
8,5,1,0,10.22511615363712,1,17.5989862303833
14,4,1,0,7.052442678741177,0,10.748683221151786
8,5,0,0,12.510737494288906,1,20.51143683698304
5,7,0,1,5.531129837302425,0,6.462451703918123
3,6,0,1,10.97795481371153,1,18.21643733757924
15,4,1,1,11.261767445352396,1,19.75824672975077
8,5,1,0,12.476416161677433,1,19.691632645183866
7,6,1,0,6.616471939581678,0,8.382682379131042
10,7,1,1,7.450939339619131,0,10.517181311982744
4,6,1,0,2.2352781134447994,0,2.22195995519484
7,6,0,0,8.424079687829389,1,16.533727839719788
12,5,1,0,8.831054448087839,1,18.12374913754961
6,6,1,1,9.566862076911065,1,17.89487128957477
2,6,0,0,7.1306225679882775,0,9.562372961574294
-3,5,0,1,5.986059882144577,0,6.77664153531125
10,5,0,0,6.252531428814632,0,7.92611534154838
5,6,1,0,6.776511427345191,0,7.991333174248934
2,6,1,1,6.631928514228604,0,7.910577229200615
3,4,0,0,8.3912458820897,1,16.037407481711707
10,2,0,1,6.670314464745312,0,8.906529434337058
11,6,1,0,13.081160851669496,1,21.97204759710901
12,7,0,0,8.368506625301958,1,17.24912242142063
4,4,1,0,6.834020256053389,0,8.141357467577278
11,7,1,0,4.634924303001316,0,5.992954131679261
8,7,1,1,3.746196394352551,0,5.175620880471812
9,4,1,1,8.44601459876636,1,16.512364541391783
9,6,0,1,10.845716293426594,1,18.821126774956983
6,4,0,0,9.0238068536666,1,16.875577191656806
9,3,1,1,6.55372939738433,0,9.118528437501771
3,5,0,1,8.59212727900024,1,16.451689532315257
8,5,1,1,8.676239642281836,1,16.988126775183858
14,6,0,1,8.689816559316537,1,17.196210577911952
16,5,1,0,9.695453142890004,1,18.4958307380129
0,5,1,1,5.48484037916788,0,5.933390668169711
7,5,1,1,8.098533332290064,1,15.967642303034385
6,5,1,1,6.631682137436791,0,8.392380039331844
9,4,1,1,6.31676484810791,0,8.546112306995676
4,6,0,1,10.32833101889452,1,18.090243008774493
6,6,0,0,7.517447166304258,0,10.12045862417816
8,4,1,0,9.563782690357163,1,17.613018226565643
14,4,0,1,5.286906050694103,0,8.070334546591404
5,6,1,0,9.9337156778204,1,17.908973932259347
6,6,1,1,8.816216895868854,1,16.863839150589847
8,6,0,1,3.870798834358105,0,4.798858538463218
12,5,1,1,7.449735223670045,0,10.66328129519956
8,2,0,1,9.818287081734509,1,18.264569287259487
10,4,1,0,10.111963644612198,1,17.909061816608542
12,4,0,0,3.628975559722935,0,4.5111386895555246
3,7,0,0,6.653638539856535,0,8.559766902818946
7,11,1,0,7.32253913872272,0,10.589412287544947
9,5,1,1,10.489555348441128,1,18.583354520848204
10,4,0,1,6.994788049637986,0,10.832315782615686
5,8,1,1,7.75275678915259,0,9.585574344227142
11,9,1,1,7.89845978607026,0,11.285636492991191
3,5,1,0,6.597496998983262,0,8.378119827082376
8,4,0,1,9.753466234903446,1,17.758339499579737
4,6,0,0,7.716543185698877,0,10.647738469780991
8,5,1,0,6.885174097168125,0,9.68447003557096
5,5,0,0,7.038565645124886,0,9.229643584787432
4,7,1,1,7.598306539702807,0,9.201203084085355
10,4,0,0,6.646657866589159,0,8.699670024011759
5,4,1,1,9.80726535506698,1,18.03745133621391
10,7,1,0,5.608803413026583,0,8.091903027597786
6,7,1,1,7.665674157104345,0,11.119338753967398
8,8,1,1,7.1767961842854,0,9.21879744296696
5,8,1,1,7.687929148497318,0,9.874330677493967
13,7,0,0,8.167532763555341,1,15.689988465442646
6,5,0,0,10.819092480522476,1,19.07892658110171
8,6,0,1,6.70026576369962,0,10.152949170307236
